# EmoteScript aa22635cecc32f534d3630882e96dada38dd6f6d (LGPL-3.0); numeric IDs: pinned ACE (AGPL-3.0-only).
field	action	Delay	Float
field	action	Extent	Float
field	action	Motion	MotionCommand
field	action	Message	String
field	action	TestString	String
field	action	Min	Int32
field	action	Max	Int32
field	action	Min64	Int64
field	action	Max64	Int64
field	action	MinFloat	Float
field	action	MaxFloat	Float
field	action	Stat	Int32
field	action	Display	Bool
field	action	Amount	Int32
field	action	Amount64	Int64
field	action	HeroXP64	Int64
field	action	Percent	Double
field	action	SpellId	SpellId
field	action	WealthRating	Int32
field	action	TreasureClass	Int32
field	action	TreasureType	Int32
field	action	PScript	PlayScript
field	action	Sound	Sound
field	action	DestinationType	DestinationType
field	action	WeenieClassId	UInt32
field	action	StackSize	Int32
field	action	Palette	Int32
field	action	Shade	Float
field	action	TryToBond	Bool
field	action	ObjCellId	UInt32
field	action	OriginX	Float
field	action	OriginY	Float
field	action	OriginZ	Float
field	action	AnglesW	Float
field	action	AnglesX	Float
field	action	AnglesY	Float
field	action	AnglesZ	Float
default	action	Act	Message
default	action	AddCharacterTitle	CharacterTitle
default	action	AddContract	ContractId
default	action	AdminSpam	Message
default	action	AwardLevelProportionalSkillXP	SkillStat,Percent,Range64
default	action	AwardLevelProportionalXP	Percent,Range64,Display
default	action	AwardLuminance	Amount64
default	action	AwardNoShareXP	Amount64
default	action	AwardSkillPoints	SkillStat,Amount
default	action	AwardSkillXP	SkillStat,Amount
default	action	AwardTrainingCredits	Amount
default	action	AwardXP	Amount64
default	action	CastSpell	SpellId
default	action	CastSpellInstant	SpellId
default	action	CreateTreasure	WealthRating
default	action	DecrementIntStat	PropertyIntStat,Amount
default	action	DecrementMyQuest	Message,Amount
default	action	DecrementQuest	Message,Amount
default	action	DirectBroadcast	Message
default	action	EraseMyQuest	Message
default	action	EraseQuest	Message
default	action	FellowBroadcast	Message
default	action	ForceMotion	Motion
default	action	Give	WeenieClassId,StackSize,Palette,Shade
default	action	Goto	Message
default	action	IncrementIntStat	PropertyIntStat,Amount
default	action	IncrementMyQuest	Message,Amount
default	action	IncrementQuest	Message,Amount
default	action	InflictVitaePenalty	Amount
default	action	InqAttributeStat	PropertyAttributeStat,Range,Message
default	action	InqBoolStat	PropertyBoolStat,Message
default	action	InqEvent	Message
default	action	InqFellowNum	Range,Message
default	action	InqFellowQuest	Message
default	action	InqFloatStat	PropertyFloatStat,RangeFloat,Message
default	action	InqIntStat	PropertyIntStat,Range,Message
default	action	InqInt64Stat	PropertyInt64Stat,Range64,Message
default	action	InqMyQuest	Message
default	action	InqMyQuestBitsOff	Message,Amount
default	action	InqMyQuestBitsOn	Message,Amount
default	action	InqMyQuestSolves	Message,Range
default	action	InqNumCharacterTitles	Range,Message
default	action	InqPackSpace	Amount,Message
default	action	InqQuestBitsOff	Message,Amount
default	action	InqQuestBitsOn	Message,Amount
default	action	InqQuestSolves	Message,Range
default	action	InqOwnsItems	WeenieClassId,StackSize,Message
default	action	InqRawAttributeStat	PropertyAttributeStat,Range,Message
default	action	InqRawSecondaryAttributeStat	PropertyAttribute2ndStat,Range,Message
default	action	InqRawSkillStat	SkillStat,Range,Message
default	action	InqSecondaryAttributeStat	PropertyAttribute2ndStat,Range,Message
default	action	InqSkillSpecialized	SkillStat,Message
default	action	InqSkillStat	SkillStat,Range,Message
default	action	InqSkillTrained	SkillStat,Message
default	action	InqStringStat	PropertyStringStat,TestString,Message
default	action	InqQuest	Message
default	action	InqYesNo	TestString,Message
default	action	LocalBroadcast	Message
default	action	LocalSignal	Message
default	action	Motion	Motion
default	action	Move	OriginAngles
default	action	MoveToPos	Position
default	action	PetCastSpellOnOwner	SpellId
default	action	PhysScript	PScript
default	action	PopUp	Message
default	action	RemoveContract	ContractId
default	action	Say	Message
default	action	SetBoolStat	PropertyBoolStat,Amount
default	action	SetFloatStat	PropertyFloatStat,Percent
default	action	SetIntStat	PropertyIntStat,Amount
default	action	SetInt64Stat	PropertyInt64Stat,Amount64
default	action	SetMyQuestBitsOff	Message,Amount
default	action	SetMyQuestBitsOn	Message,Amount
default	action	SetMyQuestCompletions	Message,Amount
default	action	SetSanctuaryPosition	Position
default	action	SetQuestBitsOff	Message,Amount
default	action	SetQuestBitsOn	Message,Amount
default	action	SetQuestCompletions	Message,Amount
default	action	SpendLuminance	Amount64
default	action	Sound	Sound
default	action	StampFellowQuest	Message
default	action	StampMyQuest	Message
default	action	StampQuest	Message
default	action	StartEvent	Message
default	action	StopEvent	Message
default	action	TakeItems	WeenieClassId,StackSize
default	action	TeachSpell	SpellId
default	action	TeleportSelf	Position
default	action	TeleportTarget	Position
default	action	Tell	Message
default	action	TellFellow	Message
default	action	TextDirect	Message
default	action	Turn	Angles
default	action	UntrainSkill	SkillStat
default	action	UpdateFellowQuest	Message
default	action	UpdateMyQuest	Message
default	action	UpdateQuest	Message
default	action	WorldBroadcast	Message
field	set	Probability	Float
field	set	WeenieClassId	UInt32
field	set	Style	MotionStance
field	set	Substyle	MotionCommand
field	set	Quest	String
field	set	VendorType	VendorType
field	set	MinHealth	Float
field	set	MaxHealth	Float
default	set	EventFailure	Quest
default	set	EventSuccess	Quest
default	set	Give	WeenieClassId
default	set	GotoSet	Quest
default	set	HearChat	Quest
default	set	NumCharacterTitlesFailure	Quest
default	set	NumCharacterTitlesSuccess	Quest
default	set	NumFellowsFailure	Quest
default	set	NumFellowsSuccess	Quest
default	set	ReceiveLocalSignal	Quest
default	set	ReceiveTalkDirect	Quest
default	set	Refuse	WeenieClassId
default	set	QuestFailure	Quest
default	set	QuestNoFellow	Quest
default	set	QuestSuccess	Quest
default	set	TestFailure	Quest
default	set	TestSuccess	Quest
default	set	TestNoFellow	Quest
default	set	TestNoQuality	Quest
default	set	Vendor	VendorType
branch	action	Goto	GotoSet
branch	action	InqAttributeStat	TestSuccess,TestFailure,TestNoQuality
branch	action	InqBoolStat	TestSuccess,TestFailure,TestNoQuality
branch	action	InqContractsFull	TestSuccess,TestFailure
branch	action	InqEvent	EventSuccess,EventFailure
branch	action	InqFellowNum	NumFellowsSuccess,NumFellowsFailure,TestNoFellow
branch	action	InqFellowQuest	QuestSuccess,QuestFailure,QuestNoFellow
branch	action	InqFloatStat	TestSuccess,TestFailure,TestNoQuality
branch	action	InqInt64Stat	TestSuccess,TestFailure,TestNoQuality
branch	action	InqIntStat	TestSuccess,TestFailure,TestNoQuality
branch	action	InqMyQuest	QuestSuccess,QuestFailure
branch	action	InqMyQuestBitsOff	QuestSuccess,QuestFailure
branch	action	InqMyQuestBitsOn	QuestSuccess,QuestFailure
branch	action	InqMyQuestSolves	QuestSuccess,QuestFailure
branch	action	InqNumCharacterTitles	NumCharacterTitlesSuccess,NumCharacterTitlesFailure
branch	action	InqOwnsItems	TestSuccess,TestFailure
branch	action	InqPackSpace	TestSuccess,TestFailure
branch	action	InqQuest	QuestSuccess,QuestFailure
branch	action	InqQuestBitsOff	QuestSuccess,QuestFailure
branch	action	InqQuestBitsOn	QuestSuccess,QuestFailure
branch	action	InqQuestSolves	QuestSuccess,QuestFailure
branch	action	InqRawAttributeStat	TestSuccess,TestFailure,TestNoQuality
branch	action	InqRawSecondaryAttributeStat	TestSuccess,TestFailure,TestNoQuality
branch	action	InqRawSkillStat	TestSuccess,TestFailure,TestNoQuality
branch	action	InqSecondaryAttributeStat	TestSuccess,TestFailure,TestNoQuality
branch	action	InqSkillSpecialized	TestSuccess,TestFailure,TestNoQuality
branch	action	InqSkillStat	TestSuccess,TestFailure,TestNoQuality
branch	action	InqSkillTrained	TestSuccess,TestFailure,TestNoQuality
branch	action	InqStringStat	TestSuccess,TestFailure,TestNoQuality
branch	action	InqYesNo	TestSuccess,TestFailure
branch	action	UpdateFellowQuest	QuestSuccess,QuestFailure,QuestNoFellow
branch	action	UpdateMyQuest	QuestSuccess,QuestFailure
branch	action	UpdateQuest	QuestSuccess,QuestFailure
enum	EmoteCategory	Invalid	0
enum	EmoteCategory	Refuse	1
enum	EmoteCategory	Vendor	2
enum	EmoteCategory	Death	3
enum	EmoteCategory	Portal	4
enum	EmoteCategory	HeartBeat	5
enum	EmoteCategory	Give	6
enum	EmoteCategory	Use	7
enum	EmoteCategory	Activation	8
enum	EmoteCategory	Generation	9
enum	EmoteCategory	PickUp	10
enum	EmoteCategory	Drop	11
enum	EmoteCategory	QuestSuccess	12
enum	EmoteCategory	QuestFailure	13
enum	EmoteCategory	Taunt	14
enum	EmoteCategory	WoundedTaunt	15
enum	EmoteCategory	KillTaunt	16
enum	EmoteCategory	NewEnemy	17
enum	EmoteCategory	Scream	18
enum	EmoteCategory	Homesick	19
enum	EmoteCategory	ReceiveCritical	20
enum	EmoteCategory	ResistSpell	21
enum	EmoteCategory	TestSuccess	22
enum	EmoteCategory	TestFailure	23
enum	EmoteCategory	HearChat	24
enum	EmoteCategory	Wield	25
enum	EmoteCategory	UnWield	26
enum	EmoteCategory	EventSuccess	27
enum	EmoteCategory	EventFailure	28
enum	EmoteCategory	TestNoQuality	29
enum	EmoteCategory	QuestNoFellow	30
enum	EmoteCategory	TestNoFellow	31
enum	EmoteCategory	GotoSet	32
enum	EmoteCategory	NumFellowsSuccess	33
enum	EmoteCategory	NumFellowsFailure	34
enum	EmoteCategory	NumCharacterTitlesSuccess	35
enum	EmoteCategory	NumCharacterTitlesFailure	36
enum	EmoteCategory	ReceiveLocalSignal	37
enum	EmoteCategory	ReceiveTalkDirect	38
enum	EmoteType	Invalid	0
enum	EmoteType	InvalidVendor	0
enum	EmoteType	Act	1
enum	EmoteType	AwardXP	2
enum	EmoteType	Give	3
enum	EmoteType	MoveHome	4
enum	EmoteType	Motion	5
enum	EmoteType	Move	6
enum	EmoteType	PhysScript	7
enum	EmoteType	Say	8
enum	EmoteType	Sound	9
enum	EmoteType	Tell	10
enum	EmoteType	Turn	11
enum	EmoteType	TurnToTarget	12
enum	EmoteType	TextDirect	13
enum	EmoteType	CastSpell	14
enum	EmoteType	Activate	15
enum	EmoteType	WorldBroadcast	16
enum	EmoteType	LocalBroadcast	17
enum	EmoteType	DirectBroadcast	18
enum	EmoteType	CastSpellInstant	19
enum	EmoteType	UpdateQuest	20
enum	EmoteType	InqQuest	21
enum	EmoteType	StampQuest	22
enum	EmoteType	StartEvent	23
enum	EmoteType	StopEvent	24
enum	EmoteType	BLog	25
enum	EmoteType	AdminSpam	26
enum	EmoteType	TeachSpell	27
enum	EmoteType	AwardSkillXP	28
enum	EmoteType	AwardSkillPoints	29
enum	EmoteType	InqQuestSolves	30
enum	EmoteType	EraseQuest	31
enum	EmoteType	DecrementQuest	32
enum	EmoteType	IncrementQuest	33
enum	EmoteType	AddCharacterTitle	34
enum	EmoteType	InqBoolStat	35
enum	EmoteType	InqIntStat	36
enum	EmoteType	InqFloatStat	37
enum	EmoteType	InqStringStat	38
enum	EmoteType	InqAttributeStat	39
enum	EmoteType	InqRawAttributeStat	40
enum	EmoteType	InqSecondaryAttributeStat	41
enum	EmoteType	InqRawSecondaryAttributeStat	42
enum	EmoteType	InqSkillStat	43
enum	EmoteType	InqRawSkillStat	44
enum	EmoteType	InqSkillTrained	45
enum	EmoteType	InqSkillSpecialized	46
enum	EmoteType	AwardTrainingCredits	47
enum	EmoteType	InflictVitaePenalty	48
enum	EmoteType	AwardLevelProportionalXP	49
enum	EmoteType	AwardLevelProportionalSkillXP	50
enum	EmoteType	InqEvent	51
enum	EmoteType	ForceMotion	52
enum	EmoteType	SetIntStat	53
enum	EmoteType	IncrementIntStat	54
enum	EmoteType	DecrementIntStat	55
enum	EmoteType	CreateTreasure	56
enum	EmoteType	ResetHomePosition	57
enum	EmoteType	InqFellowQuest	58
enum	EmoteType	InqFellowNum	59
enum	EmoteType	UpdateFellowQuest	60
enum	EmoteType	StampFellowQuest	61
enum	EmoteType	AwardNoShareXP	62
enum	EmoteType	SetSanctuaryPosition	63
enum	EmoteType	TellFellow	64
enum	EmoteType	FellowBroadcast	65
enum	EmoteType	LockFellow	66
enum	EmoteType	Goto	67
enum	EmoteType	PopUp	68
enum	EmoteType	SetBoolStat	69
enum	EmoteType	SetQuestCompletions	70
enum	EmoteType	InqNumCharacterTitles	71
enum	EmoteType	Generate	72
enum	EmoteType	PetCastSpellOnOwner	73
enum	EmoteType	TakeItems	74
enum	EmoteType	InqYesNo	75
enum	EmoteType	InqOwnsItems	76
enum	EmoteType	DeleteSelf	77
enum	EmoteType	KillSelf	78
enum	EmoteType	UpdateMyQuest	79
enum	EmoteType	InqMyQuest	80
enum	EmoteType	StampMyQuest	81
enum	EmoteType	InqMyQuestSolves	82
enum	EmoteType	EraseMyQuest	83
enum	EmoteType	DecrementMyQuest	84
enum	EmoteType	IncrementMyQuest	85
enum	EmoteType	SetMyQuestCompletions	86
enum	EmoteType	MoveToPos	87
enum	EmoteType	LocalSignal	88
enum	EmoteType	InqPackSpace	89
enum	EmoteType	RemoveVitaePenalty	90
enum	EmoteType	SetEyeTexture	91
enum	EmoteType	SetEyePalette	92
enum	EmoteType	SetNoseTexture	93
enum	EmoteType	SetNosePalette	94
enum	EmoteType	SetMouthTexture	95
enum	EmoteType	SetMouthPalette	96
enum	EmoteType	SetHeadObject	97
enum	EmoteType	SetHeadPalette	98
enum	EmoteType	TeleportTarget	99
enum	EmoteType	TeleportSelf	100
enum	EmoteType	StartBarber	101
enum	EmoteType	InqQuestBitsOn	102
enum	EmoteType	InqQuestBitsOff	103
enum	EmoteType	InqMyQuestBitsOn	104
enum	EmoteType	InqMyQuestBitsOff	105
enum	EmoteType	SetQuestBitsOn	106
enum	EmoteType	SetQuestBitsOff	107
enum	EmoteType	SetMyQuestBitsOn	108
enum	EmoteType	SetMyQuestBitsOff	109
enum	EmoteType	UntrainSkill	110
enum	EmoteType	SetAltRacialSkills	111
enum	EmoteType	SpendLuminance	112
enum	EmoteType	AwardLuminance	113
enum	EmoteType	InqInt64Stat	114
enum	EmoteType	SetInt64Stat	115
enum	EmoteType	OpenMe	116
enum	EmoteType	CloseMe	117
enum	EmoteType	SetFloatStat	118
enum	EmoteType	AddContract	119
enum	EmoteType	RemoveContract	120
enum	EmoteType	InqContractsFull	121
enum	EmoteType	Enlightenment	9001
enum	SpellId	Undef	0
enum	SpellId	StrengthOther1	1
enum	SpellId	StrengthSelf1	2
enum	SpellId	WeaknessOther1	3
enum	SpellId	WeaknessSelf1	4
enum	SpellId	HealOther1	5
enum	SpellId	HealSelf1	6
enum	SpellId	HarmOther1	7
enum	SpellId	HarmSelf1	8
enum	SpellId	InfuseMana1	9
enum	SpellId	UNKNOWN__GUESSEDNAME10	10
enum	SpellId	UNKNOWN__GUESSEDNAME11	11
enum	SpellId	UNKNOWN__GUESSEDNAME12	12
enum	SpellId	UNKNOWN__GUESSEDNAME13	13
enum	SpellId	UNKNOWN__GUESSEDNAME14	14
enum	SpellId	VulnerabilityOther1	15
enum	SpellId	VulnerabilitySelf1	16
enum	SpellId	InvulnerabilityOther1	17
enum	SpellId	InvulnerabilitySelf1	18
enum	SpellId	FireProtectionOther1	19
enum	SpellId	FireProtectionSelf1	20
enum	SpellId	FireVulnerabilityOther1	21
enum	SpellId	FireVulnerabilitySelf1	22
enum	SpellId	ArmorOther1	23
enum	SpellId	ArmorSelf1	24
enum	SpellId	ImperilOther1	25
enum	SpellId	ImperilSelf1	26
enum	SpellId	FlameBolt1	27
enum	SpellId	FrostBolt1	28
enum	SpellId	UNKNOWN__GUESSEDNAME29	29
enum	SpellId	UNKNOWN__GUESSEDNAME30	30
enum	SpellId	UNKNOWN__GUESSEDNAME31	31
enum	SpellId	UNKNOWN__GUESSEDNAME32	32
enum	SpellId	UNKNOWN__GUESSEDNAME33	33
enum	SpellId	UNKNOWN__GUESSEDNAME34	34
enum	SpellId	BloodDrinkerSelf1	35
enum	SpellId	BloodLoather	36
enum	SpellId	BladeBane1	37
enum	SpellId	BladeLure1	38
enum	SpellId	UNKNOWN__GUESSEDNAME39	39
enum	SpellId	UNKNOWN__GUESSEDNAME40	40
enum	SpellId	UNKNOWN__GUESSEDNAME41	41
enum	SpellId	UNKNOWN__GUESSEDNAME42	42
enum	SpellId	UNKNOWN__GUESSEDNAME43	43
enum	SpellId	UNKNOWN__GUESSEDNAME44	44
enum	SpellId	UNKNOWN__GUESSEDNAME45	45
enum	SpellId	UNKNOWN__GUESSEDNAME46	46
enum	SpellId	PortalTie1	47
enum	SpellId	PortalTieRecall1	48
enum	SpellId	SwiftKillerSelf1	49
enum	SpellId	LeadenWeapon1	50
enum	SpellId	Impenetrability1	51
enum	SpellId	UNKNOWN__GUESSEDNAME52	52
enum	SpellId	RejuvenationOther1	53
enum	SpellId	RejuvenationSelf1	54
enum	SpellId	UNKNOWN__GUESSEDNAME55	55
enum	SpellId	UNKNOWN__GUESSEDNAME56	56
enum	SpellId	MagicBolt1	57
enum	SpellId	AcidStream1	58
enum	SpellId	AcidStream2	59
enum	SpellId	AcidStream3	60
enum	SpellId	AcidStream4	61
enum	SpellId	AcidStream5	62
enum	SpellId	AcidStream6	63
enum	SpellId	ShockWave1	64
enum	SpellId	ShockWave2	65
enum	SpellId	ShockWave3	66
enum	SpellId	ShockWave4	67
enum	SpellId	ShockWave5	68
enum	SpellId	ShockWave6	69
enum	SpellId	FrostBolt2	70
enum	SpellId	FrostBolt3	71
enum	SpellId	FrostBolt4	72
enum	SpellId	FrostBolt5	73
enum	SpellId	FrostBolt6	74
enum	SpellId	LightningBolt1	75
enum	SpellId	LightningBolt2	76
enum	SpellId	LightningBolt3	77
enum	SpellId	LightningBolt4	78
enum	SpellId	LightningBolt5	79
enum	SpellId	LightningBolt6	80
enum	SpellId	FlameBolt2	81
enum	SpellId	FlameBolt3	82
enum	SpellId	FlameBolt4	83
enum	SpellId	FlameBolt5	84
enum	SpellId	FlameBolt6	85
enum	SpellId	ForceBolt1	86
enum	SpellId	ForceBolt2	87
enum	SpellId	ForceBolt3	88
enum	SpellId	ForceBolt4	89
enum	SpellId	ForceBolt5	90
enum	SpellId	ForceBolt6	91
enum	SpellId	WhirlingBlade1	92
enum	SpellId	WhirlingBlade2	93
enum	SpellId	WhirlingBlade3	94
enum	SpellId	WhirlingBlade4	95
enum	SpellId	WhirlingBlade5	96
enum	SpellId	WhirlingBlade6	97
enum	SpellId	UNKNOWN__GUESSEDNAME98	98
enum	SpellId	AcidBlast3	99
enum	SpellId	AcidBlast4	100
enum	SpellId	AcidBlast5	101
enum	SpellId	AcidBlast6	102
enum	SpellId	ShockBlast3	103
enum	SpellId	ShockBlast4	104
enum	SpellId	ShockBlast5	105
enum	SpellId	ShockBlast6	106
enum	SpellId	FrostBlast3	107
enum	SpellId	FrostBlast4	108
enum	SpellId	FrostBlast5	109
enum	SpellId	FrostBlast6	110
enum	SpellId	LightningBlast3	111
enum	SpellId	LightningBlast4	112
enum	SpellId	LightningBlast5	113
enum	SpellId	LightningBlast6	114
enum	SpellId	FlameBlast3	115
enum	SpellId	FlameBlast4	116
enum	SpellId	FlameBlast5	117
enum	SpellId	FlameBlast6	118
enum	SpellId	ForceBlast3	119
enum	SpellId	ForceBlast4	120
enum	SpellId	ForceBlast5	121
enum	SpellId	ForceBlast6	122
enum	SpellId	BladeBlast3	123
enum	SpellId	BladeBlast4	124
enum	SpellId	BladeBlast5	125
enum	SpellId	BladeBlast6	126
enum	SpellId	AcidVolley3	127
enum	SpellId	AcidVolley4	128
enum	SpellId	AcidVolley5	129
enum	SpellId	AcidVolley6	130
enum	SpellId	BludgeoningVolley3	131
enum	SpellId	BludgeoningVolley4	132
enum	SpellId	BludgeoningVolley5	133
enum	SpellId	BludgeoningVolley6	134
enum	SpellId	FrostVolley3	135
enum	SpellId	FrostVolley4	136
enum	SpellId	FrostVolley5	137
enum	SpellId	FrostVolley6	138
enum	SpellId	LightningVolley3	139
enum	SpellId	LightningVolley4	140
enum	SpellId	LightningVolley5	141
enum	SpellId	LightningVolley6	142
enum	SpellId	FlameVolley3	143
enum	SpellId	FlameVolley4	144
enum	SpellId	FlameVolley5	145
enum	SpellId	FlameVolley6	146
enum	SpellId	ForceVolley3	147
enum	SpellId	ForceVolley4	148
enum	SpellId	ForceVolley5	149
enum	SpellId	ForceVolley6	150
enum	SpellId	BladeVolley3	151
enum	SpellId	BladeVolley4	152
enum	SpellId	BladeVolley5	153
enum	SpellId	BladeVolley6	154
enum	SpellId	UNKNOWN__GUESSEDNAME155	155
enum	SpellId	UNKNOWN__GUESSEDNAME156	156
enum	SpellId	SummonPortal1	157
enum	SpellId	SummonPortal2	158
enum	SpellId	RegenerationOther1	159
enum	SpellId	RegenerationOther2	160
enum	SpellId	RegenerationOther3	161
enum	SpellId	RegenerationOther4	162
enum	SpellId	RegenerationOther5	163
enum	SpellId	RegenerationOther6	164
enum	SpellId	RegenerationSelf1	165
enum	SpellId	RegenerationSelf2	166
enum	SpellId	RegenerationSelf3	167
enum	SpellId	RegenerationSelf4	168
enum	SpellId	RegenerationSelf5	169
enum	SpellId	RegenerationSelf6	170
enum	SpellId	FesterOther1	171
enum	SpellId	FesterOther2	172
enum	SpellId	FesterOther3	173
enum	SpellId	FesterOther4	174
enum	SpellId	FesterOther5	175
enum	SpellId	FesterOther6	176
enum	SpellId	UNKNOWN__GUESSEDNAME177	177
enum	SpellId	FesterSelf1	178
enum	SpellId	FesterSelf2	179
enum	SpellId	FesterSelf3	180
enum	SpellId	FesterSelf4	181
enum	SpellId	FesterSelf5	182
enum	SpellId	FesterSelf6	183
enum	SpellId	RejuvenationOther2	184
enum	SpellId	RejuvenationOther3	185
enum	SpellId	RejuvenationOther4	186
enum	SpellId	RejuvenationOther5	187
enum	SpellId	RejuvenationOther6	188
enum	SpellId	RejuvenationSelf2	189
enum	SpellId	RejuvenationSelf3	190
enum	SpellId	RejuvenationSelf4	191
enum	SpellId	RejuvenationSelf5	192
enum	SpellId	RejuvenationSelf6	193
enum	SpellId	ExhaustionOther1	194
enum	SpellId	ExhaustionOther2	195
enum	SpellId	ExhaustionOther3	196
enum	SpellId	ExhaustionOther4	197
enum	SpellId	ExhaustionOther5	198
enum	SpellId	ExhaustionOther6	199
enum	SpellId	ExhaustionSelf1	200
enum	SpellId	ExhaustionSelf2	201
enum	SpellId	ExhaustionSelf3	202
enum	SpellId	ExhaustionSelf4	203
enum	SpellId	ExhaustionSelf5	204
enum	SpellId	ExhaustionSelf6	205
enum	SpellId	ManaRenewalOther1	206
enum	SpellId	ManaRenewalOther2	207
enum	SpellId	ManaRenewalOther3	208
enum	SpellId	ManaRenewalOther4	209
enum	SpellId	ManaRenewalOther5	210
enum	SpellId	ManaRenewalOther6	211
enum	SpellId	ManaRenewalSelf1	212
enum	SpellId	ManaRenewalSelf2	213
enum	SpellId	ManaRenewalSelf3	214
enum	SpellId	ManaRenewalSelf4	215
enum	SpellId	ManaRenewalSelf5	216
enum	SpellId	ManaRenewalSelf6	217
enum	SpellId	ManaDepletionOther1	218
enum	SpellId	ManaDepletionOther2	219
enum	SpellId	ManaDepletionOther3	220
enum	SpellId	ManaDepletionOther4	221
enum	SpellId	ManaDepletionOther5	222
enum	SpellId	ManaDepletionOther6	223
enum	SpellId	ManaDepletionSelf1	224
enum	SpellId	ManaDepletionSelf2	225
enum	SpellId	ManaDepletionSelf3	226
enum	SpellId	ManaDepletionSelf4	227
enum	SpellId	ManaDepletionSelf5	228
enum	SpellId	ManaDepletionSelf6	229
enum	SpellId	VulnerabilityOther2	230
enum	SpellId	VulnerabilityOther3	231
enum	SpellId	VulnerabilityOther4	232
enum	SpellId	VulnerabilityOther5	233
enum	SpellId	VulnerabilityOther6	234
enum	SpellId	VulnerabilitySelf2	235
enum	SpellId	VulnerabilitySelf3	236
enum	SpellId	VulnerabilitySelf4	237
enum	SpellId	VulnerabilitySelf5	238
enum	SpellId	VulnerabilitySelf6	239
enum	SpellId	InvulnerabilityOther2	240
enum	SpellId	InvulnerabilityOther3	241
enum	SpellId	InvulnerabilityOther4	242
enum	SpellId	InvulnerabilityOther5	243
enum	SpellId	InvulnerabilityOther6	244
enum	SpellId	InvulnerabilitySelf2	245
enum	SpellId	InvulnerabilitySelf3	246
enum	SpellId	InvulnerabilitySelf4	247
enum	SpellId	InvulnerabilitySelf5	248
enum	SpellId	InvulnerabilitySelf6	249
enum	SpellId	ImpregnabilityOther1	250
enum	SpellId	ImpregnabilityOther2	251
enum	SpellId	ImpregnabilityOther3	252
enum	SpellId	ImpregnabilityOther4	253
enum	SpellId	ImpregnabilityOther5	254
enum	SpellId	ImpregnabilityOther6	255
enum	SpellId	ImpregnabilitySelf1	256
enum	SpellId	ImpregnabilitySelf2	257
enum	SpellId	ImpregnabilitySelf3	258
enum	SpellId	ImpregnabilitySelf4	259
enum	SpellId	ImpregnabilitySelf5	260
enum	SpellId	ImpregnabilitySelf6	261
enum	SpellId	DefenselessnessOther1	262
enum	SpellId	DefenselessnessOther2	263
enum	SpellId	DefenselessnessOther3	264
enum	SpellId	DefenselessnessOther4	265
enum	SpellId	DefenselessnessOther5	266
enum	SpellId	DefenselessnessOther6	267
enum	SpellId	MagicResistanceOther1	268
enum	SpellId	MagicResistanceOther2	269
enum	SpellId	MagicResistanceOther3	270
enum	SpellId	MagicResistanceOther4	271
enum	SpellId	MagicResistanceOther5	272
enum	SpellId	MagicResistanceOther6	273
enum	SpellId	MagicResistanceSelf1	274
enum	SpellId	MagicResistanceSelf2	275
enum	SpellId	MagicResistanceSelf3	276
enum	SpellId	MagicResistanceSelf4	277
enum	SpellId	MagicResistanceSelf5	278
enum	SpellId	MagicResistanceSelf6	279
enum	SpellId	MagicYieldOther1	280
enum	SpellId	MagicYieldOther2	281
enum	SpellId	MagicYieldOther3	282
enum	SpellId	MagicYieldOther4	283
enum	SpellId	MagicYieldOther5	284
enum	SpellId	MagicYieldOther6	285
enum	SpellId	MagicYieldSelf1	286
enum	SpellId	MagicYieldSelf2	287
enum	SpellId	MagicYieldSelf3	288
enum	SpellId	MagicYieldSelf4	289
enum	SpellId	MagicYieldSelf5	290
enum	SpellId	MagicYieldSelf6	291
enum	SpellId	LightWeaponsMasteryOther1	292
enum	SpellId	LightWeaponsMasteryOther2	293
enum	SpellId	LightWeaponsMasteryOther3	294
enum	SpellId	LightWeaponsMasteryOther4	295
enum	SpellId	LightWeaponsMasteryOther5	296
enum	SpellId	LightWeaponsMasteryOther6	297
enum	SpellId	LightWeaponsMasterySelf1	298
enum	SpellId	LightWeaponsMasterySelf2	299
enum	SpellId	LightWeaponsMasterySelf3	300
enum	SpellId	LightWeaponsMasterySelf4	301
enum	SpellId	LightWeaponsMasterySelf5	302
enum	SpellId	LightWeaponsMasterySelf6	303
enum	SpellId	LightWeaponsIneptitudeOther1	304
enum	SpellId	LightWeaponsIneptitudeOther2	305
enum	SpellId	LightWeaponsIneptitudeOther3	306
enum	SpellId	LightWeaponsIneptitudeOther4	307
enum	SpellId	LightWeaponsIneptitudeOther5	308
enum	SpellId	LightWeaponsIneptitudeOther6	309
enum	SpellId	LightWeaponsIneptitudeSelf1	310
enum	SpellId	LightWeaponsIneptitudeSelf2	311
enum	SpellId	LightWeaponsIneptitudeSelf3	312
enum	SpellId	LightWeaponsIneptitudeSelf4	313
enum	SpellId	LightWeaponsIneptitudeSelf5	314
enum	SpellId	LightWeaponsIneptitudeSelf6	315
enum	SpellId	FinesseWeaponsMasteryOther1	316
enum	SpellId	FinesseWeaponsMasteryOther2	317
enum	SpellId	FinesseWeaponsMasteryOther3	318
enum	SpellId	FinesseWeaponsMasteryOther4	319
enum	SpellId	FinesseWeaponsMasteryOther5	320
enum	SpellId	FinesseWeaponsMasteryOther6	321
enum	SpellId	FinesseWeaponsMasterySelf1	322
enum	SpellId	FinesseWeaponsMasterySelf2	323
enum	SpellId	FinesseWeaponsMasterySelf3	324
enum	SpellId	FinesseWeaponsMasterySelf4	325
enum	SpellId	FinesseWeaponsMasterySelf5	326
enum	SpellId	FinesseWeaponsMasterySelf6	327
enum	SpellId	FinesseWeaponsIneptitudeOther1	328
enum	SpellId	FinesseWeaponsIneptitudeOther2	329
enum	SpellId	FinesseWeaponsIneptitudeOther3	330
enum	SpellId	FinesseWeaponsIneptitudeOther4	331
enum	SpellId	FinesseWeaponsIneptitudeOther5	332
enum	SpellId	FinesseWeaponsIneptitudeOther6	333
enum	SpellId	FinesseWeaponsIneptitudeSelf1	334
enum	SpellId	FinesseWeaponsIneptitudeSelf2	335
enum	SpellId	FinesseWeaponsIneptitudeSelf3	336
enum	SpellId	FinesseWeaponsIneptitudeSelf4	337
enum	SpellId	FinesseWeaponsIneptitudeSelf5	338
enum	SpellId	FinesseWeaponsIneptitudeSelf6	339
enum	SpellId	MaceMasteryOther1	340
enum	SpellId	MaceMasteryOther2	341
enum	SpellId	MaceMasteryOther3	342
enum	SpellId	MaceMasteryOther4	343
enum	SpellId	MaceMasteryOther5	344
enum	SpellId	MaceMasteryOther6	345
enum	SpellId	MaceMasterySelf1	346
enum	SpellId	MaceMasterySelf2	347
enum	SpellId	MaceMasterySelf3	348
enum	SpellId	MaceMasterySelf4	349
enum	SpellId	MaceMasterySelf5	350
enum	SpellId	MaceMasterySelf6	351
enum	SpellId	MaceIneptitudeOther1	352
enum	SpellId	MaceIneptitudeOther2	353
enum	SpellId	MaceIneptitudeOther3	354
enum	SpellId	MaceIneptitudeOther4	355
enum	SpellId	MaceIneptitudeOther5	356
enum	SpellId	MaceIneptitudeOther6	357
enum	SpellId	MaceIneptitudeSelf1	358
enum	SpellId	MaceIneptitudeSelf2	359
enum	SpellId	MaceIneptitudeSelf3	360
enum	SpellId	MaceIneptitudeSelf4	361
enum	SpellId	MaceIneptitudeSelf5	362
enum	SpellId	MaceIneptitudeSelf6	363
enum	SpellId	SpearMasteryOther1	364
enum	SpellId	SpearMasteryOther2	365
enum	SpellId	SpearMasteryOther3	366
enum	SpellId	SpearMasteryOther4	367
enum	SpellId	SpearMasteryOther5	368
enum	SpellId	SpearMasteryOther6	369
enum	SpellId	SpearMasterySelf1	370
enum	SpellId	SpearMasterySelf2	371
enum	SpellId	SpearMasterySelf3	372
enum	SpellId	SpearMasterySelf4	373
enum	SpellId	SpearMasterySelf5	374
enum	SpellId	SpearMasterySelf6	375
enum	SpellId	SpearIneptitudeOther1	376
enum	SpellId	SpearIneptitudeOther2	377
enum	SpellId	SpearIneptitudeOther3	378
enum	SpellId	SpearIneptitudeOther4	379
enum	SpellId	SpearIneptitudeOther5	380
enum	SpellId	SpearIneptitudeOther6	381
enum	SpellId	SpearIneptitudeSelf1	382
enum	SpellId	SpearIneptitudeSelf2	383
enum	SpellId	SpearIneptitudeSelf3	384
enum	SpellId	SpearIneptitudeSelf4	385
enum	SpellId	SpearIneptitudeSelf5	386
enum	SpellId	SpearIneptitudeSelf6	387
enum	SpellId	StaffMasteryOther1	388
enum	SpellId	StaffMasteryOther2	389
enum	SpellId	StaffMasteryOther3	390
enum	SpellId	StaffMasteryOther4	391
enum	SpellId	StaffMasteryOther5	392
enum	SpellId	StaffMasteryOther6	393
enum	SpellId	StaffMasterySelf1	394
enum	SpellId	StaffMasterySelf2	395
enum	SpellId	StaffMasterySelf3	396
enum	SpellId	StaffMasterySelf4	397
enum	SpellId	StaffMasterySelf5	398
enum	SpellId	StaffMasterySelf6	399
enum	SpellId	StaffIneptitudeOther1	400
enum	SpellId	StaffIneptitudeOther2	401
enum	SpellId	StaffIneptitudeOther3	402
enum	SpellId	StaffIneptitudeOther4	403
enum	SpellId	StaffIneptitudeOther5	404
enum	SpellId	StaffIneptitudeOther6	405
enum	SpellId	StaffIneptitudeSelf1	406
enum	SpellId	StaffIneptitudeSelf2	407
enum	SpellId	StaffIneptitudeSelf3	408
enum	SpellId	StaffIneptitudeSelf4	409
enum	SpellId	StaffIneptitudeSelf5	410
enum	SpellId	StaffIneptitudeSelf6	411
enum	SpellId	HeavyWeaponsMasteryOther1	412
enum	SpellId	HeavyWeaponsMasteryOther2	413
enum	SpellId	HeavyWeaponsMasteryOther3	414
enum	SpellId	HeavyWeaponsMasteryOther4	415
enum	SpellId	HeavyWeaponsMasteryOther5	416
enum	SpellId	HeavyWeaponsMasteryOther6	417
enum	SpellId	HeavyWeaponsMasterySelf1	418
enum	SpellId	HeavyWeaponsMasterySelf2	419
enum	SpellId	HeavyWeaponsMasterySelf3	420
enum	SpellId	HeavyWeaponsMasterySelf4	421
enum	SpellId	HeavyWeaponsMasterySelf5	422
enum	SpellId	HeavyWeaponsMasterySelf6	423
enum	SpellId	HeavyWeaponsIneptitudeOther1	424
enum	SpellId	HeavyWeaponsIneptitudeOther2	425
enum	SpellId	HeavyWeaponsIneptitudeOther3	426
enum	SpellId	HeavyWeaponsIneptitudeOther4	427
enum	SpellId	HeavyWeaponsIneptitudeOther5	428
enum	SpellId	HeavyWeaponsIneptitudeOther6	429
enum	SpellId	HeavyWeaponsIneptitudeSelf1	430
enum	SpellId	HeavyWeaponsIneptitudeSelf2	431
enum	SpellId	HeavyWeaponsIneptitudeSelf3	432
enum	SpellId	HeavyWeaponsIneptitudeSelf4	433
enum	SpellId	UNKNOWN__GUESSEDNAME434	434
enum	SpellId	HeavyWeaponsIneptitudeSelf5	435
enum	SpellId	HeavyWeaponsIneptitudeSelf6	436
enum	SpellId	UnarmedCombatMasteryOther1	437
enum	SpellId	UnarmedCombatMasteryOther2	438
enum	SpellId	UnarmedCombatMasteryOther3	439
enum	SpellId	UnarmedCombatMasteryOther4	440
enum	SpellId	UnarmedCombatMasteryOther5	441
enum	SpellId	UnarmedCombatMasteryOther6	442
enum	SpellId	UnarmedCombatMasterySelf1	443
enum	SpellId	UnarmedCombatMasterySelf2	444
enum	SpellId	UnarmedCombatMasterySelf3	445
enum	SpellId	UnarmedCombatMasterySelf4	446
enum	SpellId	UnarmedCombatMasterySelf5	447
enum	SpellId	UnarmedCombatMasterySelf6	448
enum	SpellId	UnarmedCombatIneptitudeOther1	449
enum	SpellId	UnarmedCombatIneptitudeOther2	450
enum	SpellId	UnarmedCombatIneptitudeOther3	451
enum	SpellId	UnarmedCombatIneptitudeOther4	452
enum	SpellId	UnarmedCombatIneptitudeOther5	453
enum	SpellId	UnarmedCombatIneptitudeOther6	454
enum	SpellId	UnarmedCombatIneptitudeSelf1	455
enum	SpellId	UnarmedCombatIneptitudeSelf2	456
enum	SpellId	UnarmedCombatIneptitudeSelf3	457
enum	SpellId	UnarmedCombatIneptitudeSelf4	458
enum	SpellId	UnarmedCombatIneptitudeSelf5	459
enum	SpellId	UnarmedCombatIneptitudeSelf6	460
enum	SpellId	MissileWeaponsMasteryOther1	461
enum	SpellId	MissileWeaponsMasteryOther2	462
enum	SpellId	MissileWeaponsMasteryOther3	463
enum	SpellId	MissileWeaponsMasteryOther4	464
enum	SpellId	MissileWeaponsMasteryOther5	465
enum	SpellId	MissileWeaponsMasteryOther6	466
enum	SpellId	MissileWeaponsMasterySelf1	467
enum	SpellId	MissileWeaponsMasterySelf2	468
enum	SpellId	MissileWeaponsMasterySelf3	469
enum	SpellId	MissileWeaponsMasterySelf4	470
enum	SpellId	MissileWeaponsMasterySelf5	471
enum	SpellId	MissileWeaponsMasterySelf6	472
enum	SpellId	MissileWeaponsIneptitudeOther1	473
enum	SpellId	MissileWeaponsIneptitudeOther2	474
enum	SpellId	MissileWeaponsIneptitudeOther3	475
enum	SpellId	MissileWeaponsIneptitudeOther4	476
enum	SpellId	MissileWeaponsIneptitudeOther5	477
enum	SpellId	MissileWeaponsIneptitudeOther6	478
enum	SpellId	MissileWeaponsIneptitudeSelf1	479
enum	SpellId	MissileWeaponsIneptitudeSelf2	480
enum	SpellId	MissileWeaponsIneptitudeSelf3	481
enum	SpellId	MissileWeaponsIneptitudeSelf4	482
enum	SpellId	MissileWeaponsIneptitudeSelf5	483
enum	SpellId	MissileWeaponsIneptitudeSelf6	484
enum	SpellId	CrossbowMasteryOther1	485
enum	SpellId	CrossbowMasteryOther2	486
enum	SpellId	CrossbowMasteryOther3	487
enum	SpellId	CrossbowMasteryOther4	488
enum	SpellId	CrossbowMasteryOther5	489
enum	SpellId	CrossbowMasteryOther6	490
enum	SpellId	CrossbowMasterySelf1	491
enum	SpellId	CrossbowMasterySelf2	492
enum	SpellId	CrossbowMasterySelf3	493
enum	SpellId	CrossbowMasterySelf4	494
enum	SpellId	CrossbowMasterySelf5	495
enum	SpellId	CrossbowMasterySelf6	496
enum	SpellId	CrossbowIneptitudeOther1	497
enum	SpellId	CrossbowIneptitudeOther2	498
enum	SpellId	CrossbowIneptitudeOther3	499
enum	SpellId	CrossbowIneptitudeOther4	500
enum	SpellId	CrossbowIneptitudeOther5	501
enum	SpellId	CrossbowIneptitudeOther6	502
enum	SpellId	CrossbowIneptitudeSelf1	503
enum	SpellId	CrossbowIneptitudeSelf2	504
enum	SpellId	CrossbowIneptitudeSelf3	505
enum	SpellId	CrossbowIneptitudeSelf4	506
enum	SpellId	CrossbowIneptitudeSelf5	507
enum	SpellId	CrossbowIneptitudeSelf6	508
enum	SpellId	AcidProtectionOther1	509
enum	SpellId	AcidProtectionOther2	510
enum	SpellId	AcidProtectionOther3	511
enum	SpellId	AcidProtectionOther4	512
enum	SpellId	AcidProtectionOther5	513
enum	SpellId	AcidProtectionOther6	514
enum	SpellId	AcidProtectionSelf1	515
enum	SpellId	AcidProtectionSelf2	516
enum	SpellId	AcidProtectionSelf3	517
enum	SpellId	AcidProtectionSelf4	518
enum	SpellId	AcidProtectionSelf5	519
enum	SpellId	AcidProtectionSelf6	520
enum	SpellId	AcidVulnerabilityOther1	521
enum	SpellId	AcidVulnerabilityOther2	522
enum	SpellId	AcidVulnerabilityOther3	523
enum	SpellId	AcidVulnerabilityOther4	524
enum	SpellId	AcidVulnerabilityOther5	525
enum	SpellId	AcidVulnerabilityOther6	526
enum	SpellId	AcidVulnerabilitySelf1	527
enum	SpellId	AcidVulnerabilitySelf2	528
enum	SpellId	AcidVulnerabilitySelf3	529
enum	SpellId	AcidVulnerabilitySelf4	530
enum	SpellId	AcidVulnerabilitySelf5	531
enum	SpellId	AcidVulnerabilitySelf6	532
enum	SpellId	ThrownWeaponMasteryOther1	533
enum	SpellId	ThrownWeaponMasteryOther2	534
enum	SpellId	ThrownWeaponMasteryOther3	535
enum	SpellId	ThrownWeaponMasteryOther4	536
enum	SpellId	ThrownWeaponMasteryOther5	537
enum	SpellId	ThrownWeaponMasteryOther6	538
enum	SpellId	ThrownWeaponMasterySelf1	539
enum	SpellId	ThrownWeaponMasterySelf2	540
enum	SpellId	ThrownWeaponMasterySelf3	541
enum	SpellId	ThrownWeaponMasterySelf4	542
enum	SpellId	ThrownWeaponMasterySelf5	543
enum	SpellId	ThrownWeaponMasterySelf6	544
enum	SpellId	ThrownWeaponIneptitudeOther1	545
enum	SpellId	ThrownWeaponIneptitudeOther2	546
enum	SpellId	ThrownWeaponIneptitudeOther3	547
enum	SpellId	ThrownWeaponIneptitudeOther4	548
enum	SpellId	ThrownWeaponIneptitudeOther5	549
enum	SpellId	ThrownWeaponIneptitudeOther6	550
enum	SpellId	ThrownWeaponIneptitudeSelf1	551
enum	SpellId	ThrownWeaponIneptitudeSelf2	552
enum	SpellId	ThrownWeaponIneptitudeSelf3	553
enum	SpellId	ThrownWeaponIneptitudeSelf4	554
enum	SpellId	ThrownWeaponIneptitudeSelf5	555
enum	SpellId	ThrownWeaponIneptitudeSelf6	556
enum	SpellId	CreatureEnchantmentMasterySelf1	557
enum	SpellId	CreatureEnchantmentMasterySelf2	558
enum	SpellId	CreatureEnchantmentMasterySelf3	559
enum	SpellId	CreatureEnchantmentMasterySelf4	560
enum	SpellId	CreatureEnchantmentMasterySelf5	561
enum	SpellId	CreatureEnchantmentMasterySelf6	562
enum	SpellId	CreatureEnchantmentMasteryOther1	563
enum	SpellId	CreatureEnchantmentMasteryOther2	564
enum	SpellId	CreatureEnchantmentMasteryOther3	565
enum	SpellId	CreatureEnchantmentMasteryOther4	566
enum	SpellId	CreatureEnchantmentMasteryOther5	567
enum	SpellId	CreatureEnchantmentMasteryOther6	568
enum	SpellId	CreatureEnchantmentIneptitudeOther1	569
enum	SpellId	CreatureEnchantmentIneptitudeOther2	570
enum	SpellId	CreatureEnchantmentIneptitudeOther3	571
enum	SpellId	CreatureEnchantmentIneptitudeOther4	572
enum	SpellId	CreatureEnchantmentIneptitudeOther5	573
enum	SpellId	CreatureEnchantmentIneptitudeOther6	574
enum	SpellId	CreatureEnchantmentIneptitudeSelf1	575
enum	SpellId	CreatureEnchantmentIneptitudeSelf2	576
enum	SpellId	CreatureEnchantmentIneptitudeSelf3	577
enum	SpellId	CreatureEnchantmentIneptitudeSelf4	578
enum	SpellId	CreatureEnchantmentIneptitudeSelf5	579
enum	SpellId	CreatureEnchantmentIneptitudeSelf6	580
enum	SpellId	ItemEnchantmentMasterySelf1	581
enum	SpellId	ItemEnchantmentMasterySelf2	582
enum	SpellId	ItemEnchantmentMasterySelf3	583
enum	SpellId	ItemEnchantmentMasterySelf4	584
enum	SpellId	ItemEnchantmentMasterySelf5	585
enum	SpellId	ItemEnchantmentMasterySelf6	586
enum	SpellId	ItemEnchantmentMasteryOther1	587
enum	SpellId	ItemEnchantmentMasteryOther2	588
enum	SpellId	ItemEnchantmentMasteryOther3	589
enum	SpellId	ItemEnchantmentMasteryOther4	590
enum	SpellId	ItemEnchantmentMasteryOther5	591
enum	SpellId	ItemEnchantmentMasteryOther6	592
enum	SpellId	ItemEnchantmentIneptitudeOther1	593
enum	SpellId	ItemEnchantmentIneptitudeOther2	594
enum	SpellId	ItemEnchantmentIneptitudeOther3	595
enum	SpellId	ItemEnchantmentIneptitudeOther4	596
enum	SpellId	ItemEnchantmentIneptitudeOther5	597
enum	SpellId	ItemEnchantmentIneptitudeOther6	598
enum	SpellId	ItemEnchantmentIneptitudeSelf1	599
enum	SpellId	ItemEnchantmentIneptitudeSelf2	600
enum	SpellId	ItemEnchantmentIneptitudeSelf3	601
enum	SpellId	ItemEnchantmentIneptitudeSelf4	602
enum	SpellId	ItemEnchantmentIneptitudeSelf5	603
enum	SpellId	ItemEnchantmentIneptitudeSelf6	604
enum	SpellId	LifeMagicMasterySelf1	605
enum	SpellId	LifeMagicMasterySelf2	606
enum	SpellId	LifeMagicMasterySelf3	607
enum	SpellId	LifeMagicMasterySelf4	608
enum	SpellId	LifeMagicMasterySelf5	609
enum	SpellId	LifeMagicMasterySelf6	610
enum	SpellId	LifeMagicMasteryOther1	611
enum	SpellId	LifeMagicMasteryOther2	612
enum	SpellId	LifeMagicMasteryOther3	613
enum	SpellId	LifeMagicMasteryOther4	614
enum	SpellId	LifeMagicMasteryOther5	615
enum	SpellId	LifeMagicMasteryOther6	616
enum	SpellId	LifeMagicIneptitudeSelf1	617
enum	SpellId	LifeMagicIneptitudeSelf2	618
enum	SpellId	LifeMagicIneptitudeSelf3	619
enum	SpellId	LifeMagicIneptitudeSelf4	620
enum	SpellId	LifeMagicIneptitudeSelf5	621
enum	SpellId	LifeMagicIneptitudeSelf6	622
enum	SpellId	LifeMagicIneptitudeOther1	623
enum	SpellId	LifeMagicIneptitudeOther2	624
enum	SpellId	LifeMagicIneptitudeOther3	625
enum	SpellId	LifeMagicIneptitudeOther4	626
enum	SpellId	LifeMagicIneptitudeOther5	627
enum	SpellId	LifeMagicIneptitudeOther6	628
enum	SpellId	WarMagicMasterySelf1	629
enum	SpellId	WarMagicMasterySelf2	630
enum	SpellId	WarMagicMasterySelf3	631
enum	SpellId	WarMagicMasterySelf4	632
enum	SpellId	WarMagicMasterySelf5	633
enum	SpellId	WarMagicMasterySelf6	634
enum	SpellId	WarMagicMasteryOther1	635
enum	SpellId	WarMagicMasteryOther2	636
enum	SpellId	WarMagicMasteryOther3	637
enum	SpellId	WarMagicMasteryOther4	638
enum	SpellId	WarMagicMasteryOther5	639
enum	SpellId	WarMagicMasteryOther6	640
enum	SpellId	WarMagicIneptitudeSelf1	641
enum	SpellId	WarMagicIneptitudeSelf2	642
enum	SpellId	WarMagicIneptitudeSelf3	643
enum	SpellId	WarMagicIneptitudeSelf4	644
enum	SpellId	WarMagicIneptitudeSelf5	645
enum	SpellId	WarMagicIneptitudeSelf6	646
enum	SpellId	WarMagicIneptitudeOther1	647
enum	SpellId	WarMagicIneptitudeOther2	648
enum	SpellId	WarMagicIneptitudeOther3	649
enum	SpellId	WarMagicIneptitudeOther4	650
enum	SpellId	WarMagicIneptitudeOther5	651
enum	SpellId	WarMagicIneptitudeOther6	652
enum	SpellId	ManaMasterySelf1	653
enum	SpellId	ManaMasterySelf2	654
enum	SpellId	ManaMasterySelf3	655
enum	SpellId	ManaMasterySelf4	656
enum	SpellId	ManaMasterySelf5	657
enum	SpellId	ManaMasterySelf6	658
enum	SpellId	ManaMasteryOther1	659
enum	SpellId	ManaMasteryOther2	660
enum	SpellId	ManaMasteryOther3	661
enum	SpellId	ManaMasteryOther4	662
enum	SpellId	ManaMasteryOther5	663
enum	SpellId	ManaMasteryOther6	664
enum	SpellId	ManaIneptitudeSelf1	665
enum	SpellId	Vitae	666
enum	SpellId	ManaIneptitudeSelf2	667
enum	SpellId	ManaIneptitudeSelf3	668
enum	SpellId	ManaIneptitudeSelf4	669
enum	SpellId	ManaIneptitudeSelf5	670
enum	SpellId	ManaIneptitudeSelf6	671
enum	SpellId	ManaIneptitudeOther1	672
enum	SpellId	ManaIneptitudeOther2	673
enum	SpellId	ManaIneptitudeOther3	674
enum	SpellId	ManaIneptitudeOther4	675
enum	SpellId	ManaIneptitudeOther5	676
enum	SpellId	ManaIneptitudeOther6	677
enum	SpellId	ArcaneEnlightenmentSelf1	678
enum	SpellId	ArcaneEnlightenmentSelf2	679
enum	SpellId	ArcaneEnlightenmentSelf3	680
enum	SpellId	ArcaneEnlightenmentSelf4	681
enum	SpellId	ArcaneEnlightenmentSelf5	682
enum	SpellId	ArcaneEnlightenmentSelf6	683
enum	SpellId	ArcaneEnlightenmentOther1	684
enum	SpellId	ArcaneEnlightenmentOther2	685
enum	SpellId	ArcaneEnlightenmentOther3	686
enum	SpellId	ArcaneEnlightenmentOther4	687
enum	SpellId	ArcaneEnlightenmentOther5	688
enum	SpellId	ArcaneEnlightenmentOther6	689
enum	SpellId	ArcaneBenightednessSelf1	690
enum	SpellId	ArcaneBenightednessSelf2	691
enum	SpellId	ArcaneBenightednessSelf3	692
enum	SpellId	ArcaneBenightednessSelf4	693
enum	SpellId	ArcaneBenightednessSelf5	694
enum	SpellId	ArcaneBenightednessSelf6	695
enum	SpellId	ArcaneBenightednessOther1	696
enum	SpellId	ArcaneBenightednessOther2	697
enum	SpellId	ArcaneBenightednessOther3	698
enum	SpellId	ArcaneBenightednessOther4	699
enum	SpellId	ArcaneBenightednessOther5	700
enum	SpellId	ArcaneBenightednessOther6	701
enum	SpellId	ArmorExpertiseSelf1	702
enum	SpellId	ArmorExpertiseSelf2	703
enum	SpellId	ArmorExpertiseSelf3	704
enum	SpellId	ArmorExpertiseSelf4	705
enum	SpellId	ArmorExpertiseSelf5	706
enum	SpellId	ArmorExpertiseSelf6	707
enum	SpellId	ArmorExpertiseOther1	708
enum	SpellId	ArmorExpertiseOther2	709
enum	SpellId	ArmorExpertiseOther3	710
enum	SpellId	ArmorExpertiseOther4	711
enum	SpellId	ArmorExpertiseOther5	712
enum	SpellId	ArmorExpertiseOther6	713
enum	SpellId	ArmorIgnoranceSelf1	714
enum	SpellId	ArmorIgnoranceSelf2	715
enum	SpellId	ArmorIgnoranceSelf3	716
enum	SpellId	ArmorIgnoranceSelf4	717
enum	SpellId	ArmorIgnoranceSelf5	718
enum	SpellId	ArmorIgnoranceSelf6	719
enum	SpellId	ArmorIgnoranceOther1	720
enum	SpellId	ArmorIgnoranceOther2	721
enum	SpellId	ArmorIgnoranceOther3	722
enum	SpellId	ArmorIgnoranceOther4	723
enum	SpellId	ArmorIgnoranceOther5	724
enum	SpellId	ArmorIgnoranceOther6	725
enum	SpellId	ItemExpertiseSelf1	726
enum	SpellId	ItemExpertiseSelf2	727
enum	SpellId	ItemExpertiseSelf3	728
enum	SpellId	ItemExpertiseSelf4	729
enum	SpellId	ItemExpertiseSelf5	730
enum	SpellId	ItemExpertiseSelf6	731
enum	SpellId	ItemExpertiseOther1	732
enum	SpellId	ItemExpertiseOther2	733
enum	SpellId	ItemExpertiseOther3	734
enum	SpellId	ItemExpertiseOther4	735
enum	SpellId	ItemExpertiseOther5	736
enum	SpellId	ItemExpertiseOther6	737
enum	SpellId	ItemIgnoranceSelf1	738
enum	SpellId	ItemIgnoranceSelf2	739
enum	SpellId	ItemIgnoranceSelf3	740
enum	SpellId	ItemIgnoranceSelf4	741
enum	SpellId	ItemIgnoranceSelf5	742
enum	SpellId	ItemIgnoranceSelf6	743
enum	SpellId	ItemIgnoranceOther1	744
enum	SpellId	ItemIgnoranceOther2	745
enum	SpellId	ItemIgnoranceOther3	746
enum	SpellId	ItemIgnoranceOther4	747
enum	SpellId	ItemIgnoranceOther5	748
enum	SpellId	ItemIgnoranceOther6	749
enum	SpellId	MagicItemExpertiseSelf1	750
enum	SpellId	MagicItemExpertiseSelf2	751
enum	SpellId	MagicItemExpertiseSelf3	752
enum	SpellId	MagicItemExpertiseSelf4	753
enum	SpellId	MagicItemExpertiseSelf5	754
enum	SpellId	MagicItemExpertiseSelf6	755
enum	SpellId	MagicItemExpertiseOther1	756
enum	SpellId	MagicItemExpertiseOther2	757
enum	SpellId	MagicItemExpertiseOther3	758
enum	SpellId	MagicItemExpertiseOther4	759
enum	SpellId	MagicItemExpertiseOther5	760
enum	SpellId	MagicItemExpertiseOther6	761
enum	SpellId	MagicItemIgnoranceSelf1	762
enum	SpellId	MagicItemIgnoranceSelf2	763
enum	SpellId	MagicItemIgnoranceSelf3	764
enum	SpellId	MagicItemIgnoranceSelf4	765
enum	SpellId	MagicItemIgnoranceSelf5	766
enum	SpellId	MagicItemIgnoranceSelf6	767
enum	SpellId	MagicItemIgnoranceOther1	768
enum	SpellId	MagicItemIgnoranceOther2	769
enum	SpellId	MagicItemIgnoranceOther3	770
enum	SpellId	MagicItemIgnoranceOther4	771
enum	SpellId	MagicItemIgnoranceOther5	772
enum	SpellId	MagicItemIgnoranceOther6	773
enum	SpellId	WeaponExpertiseSelf1	774
enum	SpellId	WeaponExpertiseSelf2	775
enum	SpellId	WeaponExpertiseSelf3	776
enum	SpellId	WeaponExpertiseSelf4	777
enum	SpellId	WeaponExpertiseSelf5	778
enum	SpellId	WeaponExpertiseSelf6	779
enum	SpellId	WeaponExpertiseOther1	780
enum	SpellId	WeaponExpertiseOther2	781
enum	SpellId	WeaponExpertiseOther3	782
enum	SpellId	WeaponExpertiseOther4	783
enum	SpellId	WeaponExpertiseOther5	784
enum	SpellId	WeaponExpertiseOther6	785
enum	SpellId	WeaponIgnoranceSelf1	786
enum	SpellId	WeaponIgnoranceSelf2	787
enum	SpellId	WeaponIgnoranceSelf3	788
enum	SpellId	WeaponIgnoranceSelf4	789
enum	SpellId	WeaponIgnoranceSelf5	790
enum	SpellId	WeaponIgnoranceSelf6	791
enum	SpellId	WeaponIgnoranceOther1	792
enum	SpellId	WeaponIgnoranceOther2	793
enum	SpellId	WeaponIgnoranceOther3	794
enum	SpellId	WeaponIgnoranceOther4	795
enum	SpellId	WeaponIgnoranceOther5	796
enum	SpellId	WeaponIgnoranceOther6	797
enum	SpellId	MonsterAttunementSelf1	798
enum	SpellId	MonsterAttunementSelf2	799
enum	SpellId	MonsterAttunementSelf3	800
enum	SpellId	MonsterAttunementSelf4	801
enum	SpellId	MonsterAttunementSelf5	802
enum	SpellId	MonsterAttunementSelf6	803
enum	SpellId	MonsterAttunementOther1	804
enum	SpellId	MonsterAttunementOther2	805
enum	SpellId	MonsterAttunementOther3	806
enum	SpellId	MonsterAttunementOther4	807
enum	SpellId	MonsterAttunementOther5	808
enum	SpellId	MonsterAttunementOther6	809
enum	SpellId	FireProtectionOther2	810
enum	SpellId	MonsterUnfamiliaritySelf1	811
enum	SpellId	MonsterUnfamiliaritySelf2	812
enum	SpellId	MonsterUnfamiliaritySelf3	813
enum	SpellId	MonsterUnfamiliaritySelf4	814
enum	SpellId	MonsterUnfamiliaritySelf5	815
enum	SpellId	MonsterUnfamiliaritySelf6	816
enum	SpellId	MonsterUnfamiliarityOther1	817
enum	SpellId	MonsterUnfamiliarityOther2	818
enum	SpellId	MonsterUnfamiliarityOther3	819
enum	SpellId	MonsterUnfamiliarityOther4	820
enum	SpellId	MonsterUnfamiliarityOther5	821
enum	SpellId	MonsterUnfamiliarityOther6	822
enum	SpellId	UNKNOWN__GUESSEDNAME823	823
enum	SpellId	PersonAttunementSelf1	824
enum	SpellId	PersonAttunementSelf2	825
enum	SpellId	PersonAttunementSelf3	826
enum	SpellId	PersonAttunementSelf4	827
enum	SpellId	PersonAttunementSelf5	828
enum	SpellId	PersonAttunementSelf6	829
enum	SpellId	PersonAttunementOther1	830
enum	SpellId	PersonAttunementOther2	831
enum	SpellId	PersonAttunementOther3	832
enum	SpellId	PersonAttunementOther4	833
enum	SpellId	PersonAttunementOther5	834
enum	SpellId	PersonAttunementOther6	835
enum	SpellId	FireProtectionOther3	836
enum	SpellId	PersonUnfamiliaritySelf1	837
enum	SpellId	PersonUnfamiliaritySelf2	838
enum	SpellId	PersonUnfamiliaritySelf3	839
enum	SpellId	PersonUnfamiliaritySelf4	840
enum	SpellId	PersonUnfamiliaritySelf5	841
enum	SpellId	PersonUnfamiliaritySelf6	842
enum	SpellId	PersonUnfamiliarityOther1	843
enum	SpellId	PersonUnfamiliarityOther2	844
enum	SpellId	PersonUnfamiliarityOther3	845
enum	SpellId	PersonUnfamiliarityOther4	846
enum	SpellId	PersonUnfamiliarityOther5	847
enum	SpellId	PersonUnfamiliarityOther6	848
enum	SpellId	FireProtectionOther4	849
enum	SpellId	DeceptionMasterySelf1	850
enum	SpellId	DeceptionMasterySelf2	851
enum	SpellId	DeceptionMasterySelf3	852
enum	SpellId	DeceptionMasterySelf4	853
enum	SpellId	DeceptionMasterySelf5	854
enum	SpellId	DeceptionMasterySelf6	855
enum	SpellId	DeceptionMasteryOther1	856
enum	SpellId	DeceptionMasteryOther2	857
enum	SpellId	DeceptionMasteryOther3	858
enum	SpellId	DeceptionMasteryOther4	859
enum	SpellId	DeceptionMasteryOther5	860
enum	SpellId	DeceptionMasteryOther6	861
enum	SpellId	DeceptionIneptitudeSelf1	862
enum	SpellId	DeceptionIneptitudeSelf2	863
enum	SpellId	DeceptionIneptitudeSelf3	864
enum	SpellId	DeceptionIneptitudeSelf4	865
enum	SpellId	DeceptionIneptitudeSelf5	866
enum	SpellId	DeceptionIneptitudeSelf6	867
enum	SpellId	DeceptionIneptitudeOther1	868
enum	SpellId	DeceptionIneptitudeOther2	869
enum	SpellId	DeceptionIneptitudeOther3	870
enum	SpellId	DeceptionIneptitudeOther4	871
enum	SpellId	DeceptionIneptitudeOther5	872
enum	SpellId	DeceptionIneptitudeOther6	873
enum	SpellId	HealingMasterySelf1	874
enum	SpellId	HealingMasterySelf2	875
enum	SpellId	HealingMasterySelf3	876
enum	SpellId	HealingMasterySelf4	877
enum	SpellId	HealingMasterySelf5	878
enum	SpellId	HealingMasterySelf6	879
enum	SpellId	HealingMasteryOther1	880
enum	SpellId	HealingMasteryOther2	881
enum	SpellId	HealingMasteryOther3	882
enum	SpellId	HealingMasteryOther4	883
enum	SpellId	HealingMasteryOther5	884
enum	SpellId	HealingMasteryOther6	885
enum	SpellId	HealingIneptitudeSelf1	886
enum	SpellId	HealingIneptitudeSelf2	887
enum	SpellId	HealingIneptitudeSelf3	888
enum	SpellId	HealingIneptitudeSelf4	889
enum	SpellId	HealingIneptitudeSelf5	890
enum	SpellId	HealingIneptitudeSelf6	891
enum	SpellId	HealingIneptitudeOther1	892
enum	SpellId	HealingIneptitudeOther2	893
enum	SpellId	HealingIneptitudeOther3	894
enum	SpellId	HealingIneptitudeOther4	895
enum	SpellId	HealingIneptitudeOther5	896
enum	SpellId	HealingIneptitudeOther6	897
enum	SpellId	LeadershipMasterySelf1	898
enum	SpellId	LeadershipMasterySelf2	899
enum	SpellId	LeadershipMasterySelf3	900
enum	SpellId	LeadershipMasterySelf4	901
enum	SpellId	LeadershipMasterySelf5	902
enum	SpellId	LeadershipMasterySelf6	903
enum	SpellId	LeadershipMasteryOther1	904
enum	SpellId	LeadershipMasteryOther2	905
enum	SpellId	LeadershipMasteryOther3	906
enum	SpellId	LeadershipMasteryOther4	907
enum	SpellId	LeadershipMasteryOther5	908
enum	SpellId	LeadershipMasteryOther6	909
enum	SpellId	LeadershipIneptitudeSelf1	910
enum	SpellId	LeadershipIneptitudeSelf2	911
enum	SpellId	LeadershipIneptitudeSelf3	912
enum	SpellId	LeadershipIneptitudeSelf4	913
enum	SpellId	LeadershipIneptitudeSelf5	914
enum	SpellId	LeadershipIneptitudeSelf6	915
enum	SpellId	LeadershipIneptitudeOther1	916
enum	SpellId	LeadershipIneptitudeOther2	917
enum	SpellId	LeadershipIneptitudeOther3	918
enum	SpellId	LeadershipIneptitudeOther4	919
enum	SpellId	LeadershipIneptitudeOther5	920
enum	SpellId	LeadershipIneptitudeOther6	921
enum	SpellId	LockpickMasterySelf1	922
enum	SpellId	LockpickMasterySelf2	923
enum	SpellId	LockpickMasterySelf3	924
enum	SpellId	LockpickMasterySelf4	925
enum	SpellId	LockpickMasterySelf5	926
enum	SpellId	LockpickMasterySelf6	927
enum	SpellId	LockpickMasteryOther1	928
enum	SpellId	LockpickMasteryOther2	929
enum	SpellId	LockpickMasteryOther3	930
enum	SpellId	LockpickMasteryOther4	931
enum	SpellId	LockpickMasteryOther5	932
enum	SpellId	LockpickMasteryOther6	933
enum	SpellId	LockpickIneptitudeSelf1	934
enum	SpellId	LockpickIneptitudeSelf2	935
enum	SpellId	LockpickIneptitudeSelf3	936
enum	SpellId	LockpickIneptitudeSelf4	937
enum	SpellId	LockpickIneptitudeSelf5	938
enum	SpellId	LockpickIneptitudeSelf6	939
enum	SpellId	LockpickIneptitudeOther1	940
enum	SpellId	LockpickIneptitudeOther2	941
enum	SpellId	LockpickIneptitudeOther3	942
enum	SpellId	LockpickIneptitudeOther4	943
enum	SpellId	LockpickIneptitudeOther5	944
enum	SpellId	LockpickIneptitudeOther6	945
enum	SpellId	FealtySelf1	946
enum	SpellId	FealtySelf2	947
enum	SpellId	FealtySelf3	948
enum	SpellId	FealtySelf4	949
enum	SpellId	FealtySelf5	950
enum	SpellId	FealtySelf6	951
enum	SpellId	FealtyOther1	952
enum	SpellId	FealtyOther2	953
enum	SpellId	FealtyOther3	954
enum	SpellId	FealtyOther4	955
enum	SpellId	FealtyOther5	956
enum	SpellId	FealtyOther6	957
enum	SpellId	FaithlessnessSelf1	958
enum	SpellId	FaithlessnessSelf2	959
enum	SpellId	FaithlessnessSelf3	960
enum	SpellId	FaithlessnessSelf4	961
enum	SpellId	FaithlessnessSelf5	962
enum	SpellId	FaithlessnessSelf6	963
enum	SpellId	FaithlessnessOther1	964
enum	SpellId	FaithlessnessOther2	965
enum	SpellId	FaithlessnessOther3	966
enum	SpellId	FaithlessnessOther4	967
enum	SpellId	FaithlessnessOther5	968
enum	SpellId	FaithlessnessOther6	969
enum	SpellId	JumpingMasterySelf1	970
enum	SpellId	JumpingMasterySelf2	971
enum	SpellId	JumpingMasterySelf3	972
enum	SpellId	JumpingMasterySelf4	973
enum	SpellId	JumpingMasterySelf5	974
enum	SpellId	JumpingMasterySelf6	975
enum	SpellId	JumpingMasteryOther1	976
enum	SpellId	JumpingMasteryOther2	977
enum	SpellId	JumpingMasteryOther3	978
enum	SpellId	JumpingMasteryOther4	979
enum	SpellId	JumpingMasteryOther5	980
enum	SpellId	JumpingMasteryOther6	981
enum	SpellId	SprintSelf1	982
enum	SpellId	SprintSelf2	983
enum	SpellId	SprintSelf3	984
enum	SpellId	SprintSelf4	985
enum	SpellId	SprintSelf5	986
enum	SpellId	SprintSelf6	987
enum	SpellId	SprintOther1	988
enum	SpellId	SprintOther2	989
enum	SpellId	SprintOther3	990
enum	SpellId	SprintOther4	991
enum	SpellId	SprintOther5	992
enum	SpellId	SprintOther6	993
enum	SpellId	LeadenFeetSelf1	994
enum	SpellId	LeadenFeetSelf2	995
enum	SpellId	LeadenFeetSelf3	996
enum	SpellId	LeadenFeetSelf4	997
enum	SpellId	LeadenFeetSelf5	998
enum	SpellId	LeadenFeetSelf6	999
enum	SpellId	LeadenFeetOther1	1000
enum	SpellId	LeadenFeetOther2	1001
enum	SpellId	LeadenFeetOther3	1002
enum	SpellId	LeadenFeetOther4	1003
enum	SpellId	LeadenFeetOther5	1004
enum	SpellId	LeadenFeetOther6	1005
enum	SpellId	JumpingIneptitudeSelf1	1006
enum	SpellId	JumpingIneptitudeSelf2	1007
enum	SpellId	JumpingIneptitudeSelf3	1008
enum	SpellId	JumpingIneptitudeSelf4	1009
enum	SpellId	JumpingIneptitudeSelf5	1010
enum	SpellId	JumpingIneptitudeSelf6	1011
enum	SpellId	JumpingIneptitudeOther1	1012
enum	SpellId	JumpingIneptitudeOther2	1013
enum	SpellId	JumpingIneptitudeOther3	1014
enum	SpellId	JumpingIneptitudeOther4	1015
enum	SpellId	JumpingIneptitudeOther5	1016
enum	SpellId	JumpingIneptitudeOther6	1017
enum	SpellId	BludgeonProtectionSelf1	1018
enum	SpellId	BludgeonProtectionSelf2	1019
enum	SpellId	BludgeonProtectionSelf3	1020
enum	SpellId	BludgeonProtectionSelf4	1021
enum	SpellId	BludgeonProtectionSelf5	1022
enum	SpellId	BludgeonProtectionSelf6	1023
enum	SpellId	BludgeonProtectionOther1	1024
enum	SpellId	BludgeonProtectionOther2	1025
enum	SpellId	BludgeonProtectionOther3	1026
enum	SpellId	BludgeonProtectionOther4	1027
enum	SpellId	BludgeonProtectionOther5	1028
enum	SpellId	BludgeonProtectionOther6	1029
enum	SpellId	ColdProtectionSelf1	1030
enum	SpellId	ColdProtectionSelf2	1031
enum	SpellId	ColdProtectionSelf3	1032
enum	SpellId	ColdProtectionSelf4	1033
enum	SpellId	ColdProtectionSelf5	1034
enum	SpellId	ColdProtectionSelf6	1035
enum	SpellId	ColdProtectionOther1	1036
enum	SpellId	ColdProtectionOther2	1037
enum	SpellId	ColdProtectionOther3	1038
enum	SpellId	ColdProtectionOther4	1039
enum	SpellId	ColdProtectionOther5	1040
enum	SpellId	ColdProtectionOther6	1041
enum	SpellId	BludgeonVulnerabilitySelf1	1042
enum	SpellId	BludgeonVulnerabilitySelf2	1043
enum	SpellId	BludgeonVulnerabilitySelf3	1044
enum	SpellId	BludgeonVulnerabilitySelf4	1045
enum	SpellId	BludgeonVulnerabilitySelf5	1046
enum	SpellId	BludgeonVulnerabilitySelf6	1047
enum	SpellId	BludgeonVulnerabilityOther1	1048
enum	SpellId	BludgeonVulnerabilityOther2	1049
enum	SpellId	BludgeonVulnerabilityOther3	1050
enum	SpellId	BludgeonVulnerabilityOther4	1051
enum	SpellId	BludgeonVulnerabilityOther5	1052
enum	SpellId	BludgeonVulnerabilityOther6	1053
enum	SpellId	ColdVulnerabilitySelf1	1054
enum	SpellId	ColdVulnerabilitySelf2	1055
enum	SpellId	ColdVulnerabilitySelf3	1056
enum	SpellId	ColdVulnerabilitySelf4	1057
enum	SpellId	ColdVulnerabilitySelf5	1058
enum	SpellId	ColdVulnerabilitySelf6	1059
enum	SpellId	ColdVulnerabilityOther1	1060
enum	SpellId	ColdVulnerabilityOther2	1061
enum	SpellId	ColdVulnerabilityOther3	1062
enum	SpellId	ColdVulnerabilityOther4	1063
enum	SpellId	ColdVulnerabilityOther5	1064
enum	SpellId	ColdVulnerabilityOther6	1065
enum	SpellId	LightningProtectionSelf1	1066
enum	SpellId	LightningProtectionSelf2	1067
enum	SpellId	LightningProtectionSelf3	1068
enum	SpellId	LightningProtectionSelf4	1069
enum	SpellId	LightningProtectionSelf5	1070
enum	SpellId	LightningProtectionSelf6	1071
enum	SpellId	LightningProtectionOther1	1072
enum	SpellId	LightningProtectionOther2	1073
enum	SpellId	LightningProtectionOther3	1074
enum	SpellId	LightningProtectionOther4	1075
enum	SpellId	LightningProtectionOther5	1076
enum	SpellId	LightningProtectionOther6	1077
enum	SpellId	LightningVulnerabilitySelf1	1078
enum	SpellId	LightningVulnerabilitySelf2	1079
enum	SpellId	LightningVulnerabilitySelf3	1080
enum	SpellId	LightningVulnerabilitySelf4	1081
enum	SpellId	LightningVulnerabilitySelf5	1082
enum	SpellId	LightningVulnerabilitySelf6	1083
enum	SpellId	LightningVulnerabilityOther1	1084
enum	SpellId	LightningVulnerabilityOther2	1085
enum	SpellId	LightningVulnerabilityOther3	1086
enum	SpellId	LightningVulnerabilityOther4	1087
enum	SpellId	LightningVulnerabilityOther5	1088
enum	SpellId	LightningVulnerabilityOther6	1089
enum	SpellId	FireProtectionSelf2	1090
enum	SpellId	FireProtectionSelf3	1091
enum	SpellId	FireProtectionSelf4	1092
enum	SpellId	FireProtectionSelf5	1093
enum	SpellId	FireProtectionSelf6	1094
enum	SpellId	FireProtectionOther5	1095
enum	SpellId	FireProtectionOther6	1096
enum	SpellId	Nullmissile	1097
enum	SpellId	FireVulnerabilitySelf2	1098
enum	SpellId	FireVulnerabilitySelf3	1099
enum	SpellId	FireVulnerabilitySelf4	1100
enum	SpellId	FireVulnerabilitySelf5	1101
enum	SpellId	FireVulnerabilitySelf6	1102
enum	SpellId	UNKNOWN__GUESSEDNAME1103	1103
enum	SpellId	FireVulnerabilityOther2	1104
enum	SpellId	FireVulnerabilityOther3	1105
enum	SpellId	FireVulnerabilityOther4	1106
enum	SpellId	FireVulnerabilityOther5	1107
enum	SpellId	FireVulnerabilityOther6	1108
enum	SpellId	BladeProtectionSelf1	1109
enum	SpellId	BladeProtectionSelf2	1110
enum	SpellId	BladeProtectionSelf3	1111
enum	SpellId	BladeProtectionSelf4	1112
enum	SpellId	BladeProtectionSelf5	1113
enum	SpellId	BladeProtectionSelf6	1114
enum	SpellId	BladeProtectionOther1	1115
enum	SpellId	BladeProtectionOther2	1116
enum	SpellId	BladeProtectionOther3	1117
enum	SpellId	BladeProtectionOther4	1118
enum	SpellId	BladeProtectionOther5	1119
enum	SpellId	BladeProtectionOther6	1120
enum	SpellId	BladeVulnerabilitySelf1	1121
enum	SpellId	BladeVulnerabilitySelf2	1122
enum	SpellId	BladeVulnerabilitySelf3	1123
enum	SpellId	BladeVulnerabilitySelf4	1124
enum	SpellId	BladeVulnerabilitySelf5	1125
enum	SpellId	BladeVulnerabilitySelf6	1126
enum	SpellId	BladeVulnerabilityOther1	1127
enum	SpellId	BladeVulnerabilityOther2	1128
enum	SpellId	BladeVulnerabilityOther3	1129
enum	SpellId	BladeVulnerabilityOther4	1130
enum	SpellId	BladeVulnerabilityOther5	1131
enum	SpellId	BladeVulnerabilityOther6	1132
enum	SpellId	PiercingProtectionSelf1	1133
enum	SpellId	PiercingProtectionSelf2	1134
enum	SpellId	PiercingProtectionSelf3	1135
enum	SpellId	PiercingProtectionSelf4	1136
enum	SpellId	PiercingProtectionSelf5	1137
enum	SpellId	PiercingProtectionSelf6	1138
enum	SpellId	PiercingProtectionOther1	1139
enum	SpellId	PiercingProtectionOther2	1140
enum	SpellId	PiercingProtectionOther3	1141
enum	SpellId	PiercingProtectionOther4	1142
enum	SpellId	PiercingProtectionOther5	1143
enum	SpellId	PiercingProtectionOther6	1144
enum	SpellId	PiercingVulnerabilitySelf1	1145
enum	SpellId	PiercingVulnerabilitySelf2	1146
enum	SpellId	PiercingVulnerabilitySelf3	1147
enum	SpellId	PiercingVulnerabilitySelf4	1148
enum	SpellId	PiercingVulnerabilitySelf5	1149
enum	SpellId	PiercingVulnerabilitySelf6	1150
enum	SpellId	PiercingVulnerabilityOther1	1151
enum	SpellId	PiercingVulnerabilityOther2	1152
enum	SpellId	PiercingVulnerabilityOther3	1153
enum	SpellId	PiercingVulnerabilityOther4	1154
enum	SpellId	PiercingVulnerabilityOther5	1155
enum	SpellId	PiercingVulnerabilityOther6	1156
enum	SpellId	HealSelf2	1157
enum	SpellId	HealSelf3	1158
enum	SpellId	HealSelf4	1159
enum	SpellId	HealSelf5	1160
enum	SpellId	HealSelf6	1161
enum	SpellId	HealOther2	1162
enum	SpellId	HealOther3	1163
enum	SpellId	HealOther4	1164
enum	SpellId	HealOther5	1165
enum	SpellId	HealOther6	1166
enum	SpellId	HarmSelf2	1167
enum	SpellId	HarmSelf3	1168
enum	SpellId	HarmSelf4	1169
enum	SpellId	HarmSelf5	1170
enum	SpellId	HarmSelf6	1171
enum	SpellId	HarmOther2	1172
enum	SpellId	HarmOther3	1173
enum	SpellId	HarmOther4	1174
enum	SpellId	HarmOther5	1175
enum	SpellId	HarmOther6	1176
enum	SpellId	RevitalizeSelf1	1177
enum	SpellId	RevitalizeSelf2	1178
enum	SpellId	RevitalizeSelf3	1179
enum	SpellId	RevitalizeSelf4	1180
enum	SpellId	RevitalizeSelf5	1181
enum	SpellId	RevitalizeSelf6	1182
enum	SpellId	RevitalizeOther1	1183
enum	SpellId	RevitalizeOther2	1184
enum	SpellId	RevitalizeOther3	1185
enum	SpellId	RevitalizeOther4	1186
enum	SpellId	RevitalizeOther5	1187
enum	SpellId	RevitalizeOther6	1188
enum	SpellId	EnfeebleSelf1	1189
enum	SpellId	EnfeebleSelf2	1190
enum	SpellId	EnfeebleSelf3	1191
enum	SpellId	EnfeebleSelf4	1192
enum	SpellId	EnfeebleSelf5	1193
enum	SpellId	EnfeebleSelf6	1194
enum	SpellId	EnfeebleOther1	1195
enum	SpellId	EnfeebleOther2	1196
enum	SpellId	EnfeebleOther3	1197
enum	SpellId	EnfeebleOther4	1198
enum	SpellId	EnfeebleOther5	1199
enum	SpellId	EnfeebleOther6	1200
enum	SpellId	ManaBoostSelf1	1201
enum	SpellId	ManaBoostSelf2	1202
enum	SpellId	ManaBoostSelf3	1203
enum	SpellId	ManaBoostSelf4	1204
enum	SpellId	ManaBoostSelf5	1205
enum	SpellId	ManaBoostSelf6	1206
enum	SpellId	ManaBoostOther1	1207
enum	SpellId	ManaBoostOther2	1208
enum	SpellId	ManaBoostOther3	1209
enum	SpellId	ManaBoostOther4	1210
enum	SpellId	ManaBoostOther5	1211
enum	SpellId	ManaBoostOther6	1212
enum	SpellId	ManaDrainSelf1	1213
enum	SpellId	ManaDrainSelf2	1214
enum	SpellId	ManaDrainSelf3	1215
enum	SpellId	ManaDrainSelf4	1216
enum	SpellId	ManaDrainSelf5	1217
enum	SpellId	ManaDrainSelf6	1218
enum	SpellId	ManaDrainOther1	1219
enum	SpellId	ManaDrainOther2	1220
enum	SpellId	ManaDrainOther3	1221
enum	SpellId	ManaDrainOther4	1222
enum	SpellId	ManaDrainOther5	1223
enum	SpellId	ManaDrainOther6	1224
enum	SpellId	InfuseHealth1	1225
enum	SpellId	InfuseHealth2	1226
enum	SpellId	InfuseHealth3	1227
enum	SpellId	InfuseHealth4	1228
enum	SpellId	InfuseHealth5	1229
enum	SpellId	InfuseHealth6	1230
enum	SpellId	UNKNOWN__GUESSEDNAME1231	1231
enum	SpellId	UNKNOWN__GUESSEDNAME1232	1232
enum	SpellId	UNKNOWN__GUESSEDNAME1233	1233
enum	SpellId	UNKNOWN__GUESSEDNAME1234	1234
enum	SpellId	UNKNOWN__GUESSEDNAME1235	1235
enum	SpellId	UNKNOWN__GUESSEDNAME1236	1236
enum	SpellId	DrainHealth1	1237
enum	SpellId	DrainHealth2	1238
enum	SpellId	DrainHealth3	1239
enum	SpellId	DrainHealth4	1240
enum	SpellId	DrainHealth5	1241
enum	SpellId	DrainHealth6	1242
enum	SpellId	InfuseStamina1	1243
enum	SpellId	InfuseStamina2	1244
enum	SpellId	InfuseStamina3	1245
enum	SpellId	InfuseStamina4	1246
enum	SpellId	InfuseStamina5	1247
enum	SpellId	InfuseStamina6	1248
enum	SpellId	DrainStamina1	1249
enum	SpellId	DrainStamina2	1250
enum	SpellId	DrainStamina3	1251
enum	SpellId	DrainStamina4	1252
enum	SpellId	DrainStamina5	1253
enum	SpellId	DrainStamina6	1254
enum	SpellId	InfuseMana2	1255
enum	SpellId	InfuseMana3	1256
enum	SpellId	InfuseMana4	1257
enum	SpellId	InfuseMana5	1258
enum	SpellId	InfuseMana6	1259
enum	SpellId	DrainMana1	1260
enum	SpellId	DrainMana2	1261
enum	SpellId	DrainMana3	1262
enum	SpellId	DrainMana4	1263
enum	SpellId	DrainMana5	1264
enum	SpellId	DrainMana6	1265
enum	SpellId	HealthToStaminaOther1	1266
enum	SpellId	HealthToStaminaOther2	1267
enum	SpellId	HealthToStaminaOther3	1268
enum	SpellId	HealthToStaminaOther4	1269
enum	SpellId	HealthToStaminaOther5	1270
enum	SpellId	HealthToStaminaOther6	1271
enum	SpellId	HealthToStaminaSelf1	1272
enum	SpellId	HealthToStaminaSelf2	1273
enum	SpellId	HealthToStaminaSelf3	1274
enum	SpellId	HealthToStaminaSelf4	1275
enum	SpellId	HealthToStaminaSelf5	1276
enum	SpellId	HealthToStaminaSelf6	1277
enum	SpellId	HealthToManaSelf1	1278
enum	SpellId	HealthToManaSelf2	1279
enum	SpellId	HealthToManaSelf3	1280
enum	SpellId	HealthToManaOther4	1281
enum	SpellId	HealthToManaOther5	1282
enum	SpellId	HealthToManaOther6	1283
enum	SpellId	ManaToHealthOther1	1284
enum	SpellId	ManaToHealthOther2	1285
enum	SpellId	ManaToHealthOther3	1286
enum	SpellId	ManaToHealthOther4	1287
enum	SpellId	ManaToHealthOther5	1288
enum	SpellId	ManaToHealthOther6	1289
enum	SpellId	ManaToHealthSelf1	1290
enum	SpellId	ManaToHealthSelf2	1291
enum	SpellId	ManaToHealthSelf3	1292
enum	SpellId	ManaToHealthSelf4	1293
enum	SpellId	ManaToHealthSelf5	1294
enum	SpellId	ManaToHealthSelf6	1295
enum	SpellId	ManaToStaminaSelf1	1296
enum	SpellId	ManaToStaminaSelf2	1297
enum	SpellId	ManaToStaminaSelf3	1298
enum	SpellId	ManaToStaminaSelf4	1299
enum	SpellId	ManaToStaminaSelf5	1300
enum	SpellId	ManaToStaminaSelf6	1301
enum	SpellId	ManaToStaminaOther1	1302
enum	SpellId	ManaToStaminaOther2	1303
enum	SpellId	ManaToStaminaOther3	1304
enum	SpellId	ManaToStaminaOther4	1305
enum	SpellId	ManaToStaminaOther5	1306
enum	SpellId	ManaToStaminaOther6	1307
enum	SpellId	ArmorSelf2	1308
enum	SpellId	ArmorSelf3	1309
enum	SpellId	ArmorSelf4	1310
enum	SpellId	ArmorSelf5	1311
enum	SpellId	ArmorSelf6	1312
enum	SpellId	ArmorOther2	1313
enum	SpellId	ArmorOther3	1314
enum	SpellId	ArmorOther4	1315
enum	SpellId	ArmorOther5	1316
enum	SpellId	ArmorOther6	1317
enum	SpellId	ImperilSelf2	1318
enum	SpellId	ImperilSelf3	1319
enum	SpellId	ImperilSelf4	1320
enum	SpellId	ImperilSelf5	1321
enum	SpellId	ImperilSelf6	1322
enum	SpellId	ImperilOther2	1323
enum	SpellId	ImperilOther3	1324
enum	SpellId	ImperilOther4	1325
enum	SpellId	ImperilOther5	1326
enum	SpellId	ImperilOther6	1327
enum	SpellId	StrengthSelf2	1328
enum	SpellId	StrengthSelf3	1329
enum	SpellId	StrengthSelf4	1330
enum	SpellId	StrengthSelf5	1331
enum	SpellId	StrengthSelf6	1332
enum	SpellId	StrengthOther2	1333
enum	SpellId	StrengthOther3	1334
enum	SpellId	StrengthOther4	1335
enum	SpellId	StrengthOther5	1336
enum	SpellId	StrengthOther6	1337
enum	SpellId	UNKNOWN__GUESSEDNAME1338	1338
enum	SpellId	WeaknessOther2	1339
enum	SpellId	WeaknessOther3	1340
enum	SpellId	WeaknessOther4	1341
enum	SpellId	WeaknessOther5	1342
enum	SpellId	WeaknessOther6	1343
enum	SpellId	WeaknessSelf2	1344
enum	SpellId	WeaknessSelf3	1345
enum	SpellId	WeaknessSelf4	1346
enum	SpellId	WeaknessSelf5	1347
enum	SpellId	WeaknessSelf6	1348
enum	SpellId	EnduranceSelf1	1349
enum	SpellId	EnduranceSelf2	1350
enum	SpellId	EnduranceSelf3	1351
enum	SpellId	EnduranceSelf4	1352
enum	SpellId	EnduranceSelf5	1353
enum	SpellId	EnduranceSelf6	1354
enum	SpellId	EnduranceOther1	1355
enum	SpellId	EnduranceOther2	1356
enum	SpellId	EnduranceOther3	1357
enum	SpellId	EnduranceOther4	1358
enum	SpellId	EnduranceOther5	1359
enum	SpellId	EnduranceOther6	1360
enum	SpellId	FrailtySelf1	1361
enum	SpellId	FrailtySelf2	1362
enum	SpellId	FrailtySelf3	1363
enum	SpellId	FrailtySelf4	1364
enum	SpellId	FrailtySelf5	1365
enum	SpellId	FrailtySelf6	1366
enum	SpellId	FrailtyOther1	1367
enum	SpellId	FrailtyOther2	1368
enum	SpellId	FrailtyOther3	1369
enum	SpellId	FrailtyOther4	1370
enum	SpellId	FrailtyOther5	1371
enum	SpellId	FrailtyOther6	1372
enum	SpellId	CoordinationSelf1	1373
enum	SpellId	CoordinationSelf2	1374
enum	SpellId	CoordinationSelf3	1375
enum	SpellId	CoordinationSelf4	1376
enum	SpellId	CoordinationSelf5	1377
enum	SpellId	CoordinationSelf6	1378
enum	SpellId	CoordinationOther1	1379
enum	SpellId	CoordinationOther2	1380
enum	SpellId	CoordinationOther3	1381
enum	SpellId	CoordinationOther4	1382
enum	SpellId	CoordinationOther5	1383
enum	SpellId	CoordinationOther6	1384
enum	SpellId	ClumsinessSelf1	1385
enum	SpellId	ClumsinessSelf2	1386
enum	SpellId	ClumsinessSelf3	1387
enum	SpellId	ClumsinessSelf4	1388
enum	SpellId	ClumsinessSelf5	1389
enum	SpellId	ClumsinessSelf6	1390
enum	SpellId	ClumsinessOther1	1391
enum	SpellId	ClumsinessOther2	1392
enum	SpellId	ClumsinessOther3	1393
enum	SpellId	ClumsinessOther4	1394
enum	SpellId	ClumsinessOther5	1395
enum	SpellId	ClumsinessOther6	1396
enum	SpellId	QuicknessSelf1	1397
enum	SpellId	QuicknessSelf2	1398
enum	SpellId	QuicknessSelf3	1399
enum	SpellId	QuicknessSelf4	1400
enum	SpellId	QuicknessSelf5	1401
enum	SpellId	QuicknessSelf6	1402
enum	SpellId	QuicknessOther1	1403
enum	SpellId	QuicknessOther2	1404
enum	SpellId	QuicknessOther3	1405
enum	SpellId	QuicknessOther4	1406
enum	SpellId	QuicknessOther5	1407
enum	SpellId	QuicknessOther6	1408
enum	SpellId	SlownessSelf1	1409
enum	SpellId	SlownessSelf2	1410
enum	SpellId	SlownessSelf3	1411
enum	SpellId	SlownessSelf4	1412
enum	SpellId	SlownessSelf5	1413
enum	SpellId	SlownessSelf6	1414
enum	SpellId	SlownessOther1	1415
enum	SpellId	SlownessOther2	1416
enum	SpellId	SlownessOther3	1417
enum	SpellId	SlownessOther4	1418
enum	SpellId	SlownessOther5	1419
enum	SpellId	SlownessOther6	1420
enum	SpellId	FocusSelf1	1421
enum	SpellId	FocusSelf2	1422
enum	SpellId	FocusSelf3	1423
enum	SpellId	FocusSelf4	1424
enum	SpellId	FocusSelf5	1425
enum	SpellId	FocusSelf6	1426
enum	SpellId	FocusOther1	1427
enum	SpellId	FocusOther2	1428
enum	SpellId	FocusOther3	1429
enum	SpellId	FocusOther4	1430
enum	SpellId	FocusOther5	1431
enum	SpellId	FocusOther6	1432
enum	SpellId	BafflementSelf1	1433
enum	SpellId	BafflementSelf2	1434
enum	SpellId	BafflementSelf3	1435
enum	SpellId	BafflementSelf4	1436
enum	SpellId	BafflementSelf5	1437
enum	SpellId	BafflementSelf6	1438
enum	SpellId	BafflementOther1	1439
enum	SpellId	BafflementOther2	1440
enum	SpellId	BafflementOther3	1441
enum	SpellId	BafflementOther4	1442
enum	SpellId	BafflementOther5	1443
enum	SpellId	BafflementOther6	1444
enum	SpellId	WillpowerSelf1	1445
enum	SpellId	WillpowerSelf2	1446
enum	SpellId	WillpowerSelf3	1447
enum	SpellId	WillpowerSelf4	1448
enum	SpellId	WillpowerSelf5	1449
enum	SpellId	WillpowerSelf6	1450
enum	SpellId	WillpowerOther1	1451
enum	SpellId	WillpowerOther2	1452
enum	SpellId	WillpowerOther3	1453
enum	SpellId	WillpowerOther4	1454
enum	SpellId	WillpowerOther5	1455
enum	SpellId	WillpowerOther6	1456
enum	SpellId	FeeblemindSelf1	1457
enum	SpellId	FeeblemindSelf2	1458
enum	SpellId	FeeblemindSelf3	1459
enum	SpellId	FeeblemindSelf4	1460
enum	SpellId	FeeblemindSelf5	1461
enum	SpellId	FeeblemindSelf6	1462
enum	SpellId	FeeblemindOther1	1463
enum	SpellId	FeeblemindOther2	1464
enum	SpellId	FeeblemindOther3	1465
enum	SpellId	FeeblemindOther4	1466
enum	SpellId	FeeblemindOther5	1467
enum	SpellId	FeeblemindOther6	1468
enum	SpellId	HermeticVoid1	1469
enum	SpellId	HermeticVoid2	1470
enum	SpellId	HermeticVoid3	1471
enum	SpellId	HermeticVoid4	1472
enum	SpellId	HermeticVoid5	1473
enum	SpellId	HermeticVoid6	1474
enum	SpellId	HermeticLinkSelf1	1475
enum	SpellId	HermeticLinkSelf2	1476
enum	SpellId	HermeticLinkSelf3	1477
enum	SpellId	HermeticLinkSelf4	1478
enum	SpellId	HermeticLinkSelf5	1479
enum	SpellId	HermeticLinkSelf6	1480
enum	SpellId	Nullmissilevolley	1481
enum	SpellId	Impenetrability2	1482
enum	SpellId	Impenetrability3	1483
enum	SpellId	Impenetrability4	1484
enum	SpellId	Impenetrability5	1485
enum	SpellId	Impenetrability6	1486
enum	SpellId	Brittlemail1	1487
enum	SpellId	Brittlemail2	1488
enum	SpellId	Brittlemail3	1489
enum	SpellId	Brittlemail4	1490
enum	SpellId	Brittlemail5	1491
enum	SpellId	Brittlemail6	1492
enum	SpellId	AcidBane1	1493
enum	SpellId	AcidBane2	1494
enum	SpellId	AcidBane3	1495
enum	SpellId	AcidBane4	1496
enum	SpellId	AcidBane5	1497
enum	SpellId	AcidBane6	1498
enum	SpellId	AcidLure1	1499
enum	SpellId	AcidLure2	1500
enum	SpellId	AcidLure3	1501
enum	SpellId	AcidLure4	1502
enum	SpellId	AcidLure5	1503
enum	SpellId	AcidLure6	1504
enum	SpellId	BludgeonLure1	1505
enum	SpellId	BludgeonLure2	1506
enum	SpellId	BludgeonLure3	1507
enum	SpellId	BludgeonLure4	1508
enum	SpellId	BludgeonLure5	1509
enum	SpellId	BludgeonLure6	1510
enum	SpellId	BludgeonBane1	1511
enum	SpellId	BludgeonBane2	1512
enum	SpellId	BludgeonBane3	1513
enum	SpellId	BludgeonBane4	1514
enum	SpellId	BludgeonBane5	1515
enum	SpellId	BludgeonBane6	1516
enum	SpellId	FrostLure1	1517
enum	SpellId	FrostLure2	1518
enum	SpellId	FrostLure3	1519
enum	SpellId	FrostLure4	1520
enum	SpellId	FrostLure5	1521
enum	SpellId	FrostLure6	1522
enum	SpellId	FrostBane1	1523
enum	SpellId	FrostBane2	1524
enum	SpellId	FrostBane3	1525
enum	SpellId	FrostBane4	1526
enum	SpellId	FrostBane5	1527
enum	SpellId	FrostBane6	1528
enum	SpellId	LightningLure1	1529
enum	SpellId	LightningLure2	1530
enum	SpellId	LightningLure3	1531
enum	SpellId	LightningLure4	1532
enum	SpellId	LightningLure5	1533
enum	SpellId	LightningLure6	1534
enum	SpellId	LightningBane1	1535
enum	SpellId	LightningBane2	1536
enum	SpellId	LightningBane3	1537
enum	SpellId	LightningBane4	1538
enum	SpellId	LightningBane5	1539
enum	SpellId	LightningBane6	1540
enum	SpellId	FlameLure1	1541
enum	SpellId	FlameLure2	1542
enum	SpellId	FlameLure3	1543
enum	SpellId	FlameLure4	1544
enum	SpellId	FlameLure5	1545
enum	SpellId	FlameLure6	1546
enum	SpellId	FlameBane1	1547
enum	SpellId	FlameBane2	1548
enum	SpellId	FlameBane3	1549
enum	SpellId	FlameBane4	1550
enum	SpellId	FlameBane5	1551
enum	SpellId	FlameBane6	1552
enum	SpellId	BladeLure2	1553
enum	SpellId	BladeLure3	1554
enum	SpellId	BladeLure4	1555
enum	SpellId	BladeLure5	1556
enum	SpellId	BladeLure6	1557
enum	SpellId	BladeBane2	1558
enum	SpellId	BladeBane3	1559
enum	SpellId	BladeBane4	1560
enum	SpellId	BladeBane5	1561
enum	SpellId	BladeBane6	1562
enum	SpellId	PiercingLure1	1563
enum	SpellId	PiercingLure2	1564
enum	SpellId	PiercingLure3	1565
enum	SpellId	PiercingLure4	1566
enum	SpellId	PiercingLure5	1567
enum	SpellId	PiercingLure6	1568
enum	SpellId	PiercingBane1	1569
enum	SpellId	PiercingBane2	1570
enum	SpellId	PiercingBane3	1571
enum	SpellId	PiercingBane4	1572
enum	SpellId	PiercingBane5	1573
enum	SpellId	PiercingBane6	1574
enum	SpellId	StrengthenLock1	1575
enum	SpellId	StrengthenLock2	1576
enum	SpellId	StrengthenLock3	1577
enum	SpellId	StrengthenLock4	1578
enum	SpellId	StrengthenLock5	1579
enum	SpellId	StrengthenLock6	1580
enum	SpellId	WeakenLock1	1581
enum	SpellId	WeakenLock2	1582
enum	SpellId	WeakenLock3	1583
enum	SpellId	WeakenLock4	1584
enum	SpellId	WeakenLock5	1585
enum	SpellId	WeakenLock6	1586
enum	SpellId	HeartSeekerSelf1	1587
enum	SpellId	HeartSeekerSelf2	1588
enum	SpellId	HeartSeekerSelf3	1589
enum	SpellId	HeartSeekerSelf4	1590
enum	SpellId	HeartSeekerSelf5	1591
enum	SpellId	HeartSeekerSelf6	1592
enum	SpellId	TurnBlade1	1593
enum	SpellId	TurnBlade2	1594
enum	SpellId	TurnBlade3	1595
enum	SpellId	TurnBlade4	1596
enum	SpellId	TurnBlade5	1597
enum	SpellId	TurnBlade6	1598
enum	SpellId	DefenderSelf1	1599
enum	SpellId	UNKNOWN__GUESSEDNAME1600	1600
enum	SpellId	DefenderSelf2	1601
enum	SpellId	DefenderSelf3	1602
enum	SpellId	DefenderSelf4	1603
enum	SpellId	DefenderSelf5	1604
enum	SpellId	DefenderSelf6	1605
enum	SpellId	LureBlade1	1606
enum	SpellId	LureBlade2	1607
enum	SpellId	LureBlade3	1608
enum	SpellId	LureBlade4	1609
enum	SpellId	LureBlade5	1610
enum	SpellId	LureBlade6	1611
enum	SpellId	BloodDrinkerSelf2	1612
enum	SpellId	BloodDrinkerSelf3	1613
enum	SpellId	BloodDrinkerSelf4	1614
enum	SpellId	BloodDrinkerSelf5	1615
enum	SpellId	BloodDrinkerSelf6	1616
enum	SpellId	BloodLoather2	1617
enum	SpellId	BloodLoather3	1618
enum	SpellId	BloodLoather4	1619
enum	SpellId	BloodLoather5	1620
enum	SpellId	BloodLoather6	1621
enum	SpellId	UNKNOWN__GUESSEDNAME1622	1622
enum	SpellId	SwiftKillerSelf2	1623
enum	SpellId	SwiftKillerSelf3	1624
enum	SpellId	SwiftKillerSelf4	1625
enum	SpellId	SwiftKillerSelf5	1626
enum	SpellId	SwiftKillerSelf6	1627
enum	SpellId	UNKNOWN__GUESSEDNAME1628	1628
enum	SpellId	LeadenWeapon2	1629
enum	SpellId	LeadenWeapon3	1630
enum	SpellId	LeadenWeapon4	1631
enum	SpellId	LeadenWeapon5	1632
enum	SpellId	LeadenWeapon6	1633
enum	SpellId	PortalSending1	1634
enum	SpellId	LifestoneRecall1	1635
enum	SpellId	LifestoneSending1	1636
enum	SpellId	SummonPortal3	1637
enum	SpellId	DefenselessnessSelf1	1638
enum	SpellId	DefenselessnessSelf2	1639
enum	SpellId	DefenselessnessSelf3	1640
enum	SpellId	DefenselessnessSelf4	1641
enum	SpellId	DefenselessnessSelf5	1642
enum	SpellId	DefenselessnessSelf6	1643
enum	SpellId	SentinelRun	1644
enum	SpellId	UNKNOWN__GUESSEDNAME1645	1645
enum	SpellId	UNKNOWN__GUESSEDNAME1646	1646
enum	SpellId	UNKNOWN__GUESSEDNAME1647	1647
enum	SpellId	UNKNOWN__GUESSEDNAME1648	1648
enum	SpellId	UNKNOWN__GUESSEDNAME1649	1649
enum	SpellId	UNKNOWN__GUESSEDNAME1650	1650
enum	SpellId	UNKNOWN__GUESSEDNAME1651	1651
enum	SpellId	UNKNOWN__GUESSEDNAME1652	1652
enum	SpellId	UNKNOWN__GUESSEDNAME1653	1653
enum	SpellId	UNKNOWN__GUESSEDNAME1654	1654
enum	SpellId	UNKNOWN__GUESSEDNAME1655	1655
enum	SpellId	UNKNOWN__GUESSEDNAME1656	1656
enum	SpellId	UNKNOWN__GUESSEDNAME1657	1657
enum	SpellId	StaminaToHealthOther1	1658
enum	SpellId	StaminaToHealthOther2	1659
enum	SpellId	StaminaToHealthOther3	1660
enum	SpellId	StaminaToHealthOther4	1661
enum	SpellId	StaminaToHealthOther5	1662
enum	SpellId	StaminaToHealthOther6	1663
enum	SpellId	StaminaToHealthSelf1	1664
enum	SpellId	StaminaToHealthSelf2	1665
enum	SpellId	StaminaToHealthSelf3	1666
enum	SpellId	StaminaToHealthSelf4	1667
enum	SpellId	StaminaToHealthSelf5	1668
enum	SpellId	StaminaToHealthSelf6	1669
enum	SpellId	StaminaToManaOther1	1670
enum	SpellId	StaminaToManaOther2	1671
enum	SpellId	StaminaToManaOther3	1672
enum	SpellId	StaminaToManaOther4	1673
enum	SpellId	StaminaToManaOther5	1674
enum	SpellId	StaminaToManaOther6	1675
enum	SpellId	StaminaToManaSelf1	1676
enum	SpellId	StaminaToManaSelf2	1677
enum	SpellId	StaminaToManaSelf3	1678
enum	SpellId	StaminaToManaSelf4	1679
enum	SpellId	StaminaToManaSelf5	1680
enum	SpellId	StaminaToManaSelf6	1681
enum	SpellId	UNKNOWN__GUESSEDNAME1682	1682
enum	SpellId	UNKNOWN__GUESSEDNAME1683	1683
enum	SpellId	UNKNOWN__GUESSEDNAME1684	1684
enum	SpellId	UNKNOWN__GUESSEDNAME1685	1685
enum	SpellId	UNKNOWN__GUESSEDNAME1686	1686
enum	SpellId	UNKNOWN__GUESSEDNAME1687	1687
enum	SpellId	UNKNOWN__GUESSEDNAME1688	1688
enum	SpellId	UNKNOWN__GUESSEDNAME1689	1689
enum	SpellId	UNKNOWN__GUESSEDNAME1690	1690
enum	SpellId	UNKNOWN__GUESSEDNAME1691	1691
enum	SpellId	UNKNOWN__GUESSEDNAME1692	1692
enum	SpellId	UNKNOWN__GUESSEDNAME1693	1693
enum	SpellId	UNKNOWN__GUESSEDNAME1694	1694
enum	SpellId	UNKNOWN__GUESSEDNAME1695	1695
enum	SpellId	UNKNOWN__GUESSEDNAME1696	1696
enum	SpellId	UNKNOWN__GUESSEDNAME1697	1697
enum	SpellId	UNKNOWN__GUESSEDNAME1698	1698
enum	SpellId	UNKNOWN__GUESSEDNAME1699	1699
enum	SpellId	UNKNOWN__GUESSEDNAME1700	1700
enum	SpellId	UNKNOWN__GUESSEDNAME1701	1701
enum	SpellId	HealthToManaSelf4	1702
enum	SpellId	HealthToManaSelf5	1703
enum	SpellId	HealthToManaSelf6	1704
enum	SpellId	HealthToManaOther1	1705
enum	SpellId	HealthToManaOther2	1706
enum	SpellId	HealthToManaOther3	1707
enum	SpellId	WeddingBliss	1708
enum	SpellId	CookingMasteryOther1	1709
enum	SpellId	CookingMasteryOther2	1710
enum	SpellId	CookingMasteryOther3	1711
enum	SpellId	CookingMasteryOther4	1712
enum	SpellId	CookingMasteryOther5	1713
enum	SpellId	CookingMasteryOther6	1714
enum	SpellId	CookingMasterySelf1	1715
enum	SpellId	CookingMasterySelf2	1716
enum	SpellId	CookingMasterySelf3	1717
enum	SpellId	CookingMasterySelf4	1718
enum	SpellId	CookingMasterySelf5	1719
enum	SpellId	CookingMasterySelf6	1720
enum	SpellId	CookingIneptitudeOther1	1721
enum	SpellId	CookingIneptitudeOther2	1722
enum	SpellId	CookingIneptitudeOther3	1723
enum	SpellId	CookingIneptitudeOther4	1724
enum	SpellId	CookingIneptitudeOther5	1725
enum	SpellId	CookingIneptitudeOther6	1726
enum	SpellId	CookingIneptitudeSelf1	1727
enum	SpellId	CookingIneptitudeSelf2	1728
enum	SpellId	CookingIneptitudeSelf3	1729
enum	SpellId	CookingIneptitudeSelf4	1730
enum	SpellId	CookingIneptitudeSelf5	1731
enum	SpellId	CookingIneptitudeSelf6	1732
enum	SpellId	FletchingMasteryOther1	1733
enum	SpellId	FletchingMasteryOther2	1734
enum	SpellId	FletchingMasteryOther3	1735
enum	SpellId	FletchingMasteryOther4	1736
enum	SpellId	FletchingMasteryOther5	1737
enum	SpellId	FletchingMasteryOther6	1738
enum	SpellId	FletchingMasterySelf1	1739
enum	SpellId	FletchingMasterySelf2	1740
enum	SpellId	FletchingMasterySelf3	1741
enum	SpellId	FletchingMasterySelf4	1742
enum	SpellId	FletchingMasterySelf5	1743
enum	SpellId	FletchingMasterySelf6	1744
enum	SpellId	FletchingIneptitudeOther1	1745
enum	SpellId	FletchingIneptitudeOther2	1746
enum	SpellId	FletchingIneptitudeOther3	1747
enum	SpellId	FletchingIneptitudeOther4	1748
enum	SpellId	FletchingIneptitudeOther5	1749
enum	SpellId	FletchingIneptitudeOther6	1750
enum	SpellId	FletchingIneptitudeSelf1	1751
enum	SpellId	FletchingIneptitudeSelf2	1752
enum	SpellId	FletchingIneptitudeSelf3	1753
enum	SpellId	FletchingIneptitudeSelf4	1754
enum	SpellId	FletchingIneptitudeSelf5	1755
enum	SpellId	FletchingIneptitudeSelf6	1756
enum	SpellId	AlchemyMasteryOther1	1757
enum	SpellId	AlchemyMasteryOther2	1758
enum	SpellId	AlchemyMasteryOther3	1759
enum	SpellId	AlchemyMasteryOther4	1760
enum	SpellId	AlchemyMasteryOther5	1761
enum	SpellId	AlchemyMasteryOther6	1762
enum	SpellId	AlchemyMasterySelf1	1763
enum	SpellId	AlchemyMasterySelf2	1764
enum	SpellId	AlchemyMasterySelf3	1765
enum	SpellId	AlchemyMasterySelf4	1766
enum	SpellId	AlchemyMasterySelf5	1767
enum	SpellId	AlchemyMasterySelf6	1768
enum	SpellId	AlchemyIneptitudeOther1	1769
enum	SpellId	AlchemyIneptitudeOther2	1770
enum	SpellId	AlchemyIneptitudeOther3	1771
enum	SpellId	AlchemyIneptitudeOther4	1772
enum	SpellId	AlchemyIneptitudeOther5	1773
enum	SpellId	AlchemyIneptitudeOther6	1774
enum	SpellId	AlchemyIneptitudeSelf1	1775
enum	SpellId	AlchemyIneptitudeSelf2	1776
enum	SpellId	AlchemyIneptitudeSelf3	1777
enum	SpellId	AlchemyIneptitudeSelf4	1778
enum	SpellId	AlchemyIneptitudeSelf5	1779
enum	SpellId	AlchemyIneptitudeSelf6	1780
enum	SpellId	GolemDeathBlast	1781
enum	SpellId	GertarhsCurse	1782
enum	SpellId	AcidRing	1783
enum	SpellId	BladeRing	1784
enum	SpellId	FlameRing	1785
enum	SpellId	ForceRing	1786
enum	SpellId	FrostRing	1787
enum	SpellId	LightningRing	1788
enum	SpellId	ShockwaveRing	1789
enum	SpellId	AcidStreak1	1790
enum	SpellId	AcidStreak2	1791
enum	SpellId	AcidStreak3	1792
enum	SpellId	AcidStreak4	1793
enum	SpellId	AcidStreak5	1794
enum	SpellId	AcidStreak6	1795
enum	SpellId	FlameStreak1	1796
enum	SpellId	FlameStreak2	1797
enum	SpellId	FlameStreak3	1798
enum	SpellId	FlameStreak4	1799
enum	SpellId	FlameStreak5	1800
enum	SpellId	FlameStreak6	1801
enum	SpellId	ForceStreak1	1802
enum	SpellId	ForceStreak2	1803
enum	SpellId	ForceStreak3	1804
enum	SpellId	ForceStreak4	1805
enum	SpellId	ForceStreak5	1806
enum	SpellId	ForceStreak6	1807
enum	SpellId	FrostStreak1	1808
enum	SpellId	FrostStreak2	1809
enum	SpellId	FrostStreak3	1810
enum	SpellId	FrostStreak4	1811
enum	SpellId	FrostStreak5	1812
enum	SpellId	FrostStreak6	1813
enum	SpellId	LightningStreak1	1814
enum	SpellId	LightningStreak2	1815
enum	SpellId	LightningStreak3	1816
enum	SpellId	LightningStreak4	1817
enum	SpellId	LightningStreak5	1818
enum	SpellId	LightningStreak6	1819
enum	SpellId	ShockwaveStreak1	1820
enum	SpellId	ShockwaveStreak2	1821
enum	SpellId	ShockwaveStreak3	1822
enum	SpellId	ShockwaveStreak4	1823
enum	SpellId	ShockwaveStreak5	1824
enum	SpellId	ShockwaveStreak6	1825
enum	SpellId	WhirlingBladeStreak1	1826
enum	SpellId	WhirlingBladeStreak2	1827
enum	SpellId	WhirlingBladeStreak3	1828
enum	SpellId	WhirlingBladeStreak4	1829
enum	SpellId	WhirlingBladeStreak5	1830
enum	SpellId	WhirlingBladeStreak6	1831
enum	SpellId	AcidStrike	1832
enum	SpellId	BladeStrike	1833
enum	SpellId	FlameStrike	1834
enum	SpellId	ForceStrike	1835
enum	SpellId	FrostStrike	1836
enum	SpellId	LightningStrike	1837
enum	SpellId	ShockwaveStrike	1838
enum	SpellId	AcidWall	1839
enum	SpellId	BladeWall	1840
enum	SpellId	FlameWall	1841
enum	SpellId	ForceWall	1842
enum	SpellId	FrostWall	1843
enum	SpellId	LightningWall	1844
enum	SpellId	ShockwaveWall	1845
enum	SpellId	MagicYieldBlackFire	1846
enum	SpellId	DispelAllNeutralOther1	1847
enum	SpellId	DispelAllGoodOther1	1848
enum	SpellId	DispelAllBadOther1	1849
enum	SpellId	DispelAllNeutralSelf1	1850
enum	SpellId	DispelAllGoodSelf1	1851
enum	SpellId	DispelAllBadSelf1	1852
enum	SpellId	DispelAllNeutralOther2	1853
enum	SpellId	DispelAllGoodOther2	1854
enum	SpellId	DispelAllBadOther2	1855
enum	SpellId	DispelAllNeutralSelf2	1856
enum	SpellId	DispelAllGoodSelf2	1857
enum	SpellId	DispelAllBadSelf2	1858
enum	SpellId	DispelAllNeutralOther3	1859
enum	SpellId	DispelAllGoodOther3	1860
enum	SpellId	DispelAllBadOther3	1861
enum	SpellId	DispelAllNeutralSelf3	1862
enum	SpellId	DispelAllGoodSelf3	1863
enum	SpellId	DispelAllBadSelf3	1864
enum	SpellId	DispelAllNeutralOther4	1865
enum	SpellId	DispelAllGoodOther4	1866
enum	SpellId	DispelAllBadOther4	1867
enum	SpellId	DispelAllNeutralSelf4	1868
enum	SpellId	DispelAllGoodSelf4	1869
enum	SpellId	DispelAllBadSelf4	1870
enum	SpellId	DispelAllNeutralOther5	1871
enum	SpellId	DispelAllGoodOther5	1872
enum	SpellId	DispelAllBadOther5	1873
enum	SpellId	DispelAllNeutralSelf5	1874
enum	SpellId	DispelAllGoodSelf5	1875
enum	SpellId	DispelAllBadSelf5	1876
enum	SpellId	DispelAllNeutralOther6	1877
enum	SpellId	DispelAllGoodOther6	1878
enum	SpellId	DispelAllBadOther6	1879
enum	SpellId	DispelAllNeutralSelf6	1880
enum	SpellId	DispelAllGoodSelf6	1881
enum	SpellId	DispelAllBadSelf6	1882
enum	SpellId	DispelCreatureNeutralOther1	1883
enum	SpellId	DispelCreatureGoodOther1	1884
enum	SpellId	DispelCreatureBadOther1	1885
enum	SpellId	DispelCreatureNeutralSelf1	1886
enum	SpellId	DispelCreatureGoodSelf1	1887
enum	SpellId	DispelCreatureBadSelf1	1888
enum	SpellId	DispelCreatureNeutralOther2	1889
enum	SpellId	DispelCreatureGoodOther2	1890
enum	SpellId	DispelCreatureBadOther2	1891
enum	SpellId	DispelCreatureNeutralSelf2	1892
enum	SpellId	DispelCreatureGoodSelf2	1893
enum	SpellId	DispelCreatureBadSelf2	1894
enum	SpellId	DispelCreatureNeutralOther3	1895
enum	SpellId	DispelCreatureGoodOther3	1896
enum	SpellId	DispelCreatureBadOther3	1897
enum	SpellId	DispelCreatureNeutralSelf3	1898
enum	SpellId	DispelCreatureGoodSelf3	1899
enum	SpellId	DispelCreatureBadSelf3	1900
enum	SpellId	DispelCreatureNeutralOther4	1901
enum	SpellId	DispelCreatureGoodOther4	1902
enum	SpellId	DispelCreatureBadOther4	1903
enum	SpellId	DispelCreatureNeutralSelf4	1904
enum	SpellId	DispelCreatureGoodSelf4	1905
enum	SpellId	DispelCreatureBadSelf4	1906
enum	SpellId	DispelCreatureNeutralOther5	1907
enum	SpellId	DispelCreatureGoodOther5	1908
enum	SpellId	DispelCreatureBadOther5	1909
enum	SpellId	DispelCreatureNeutralSelf5	1910
enum	SpellId	DispelCreatureGoodSelf5	1911
enum	SpellId	DispelCreatureBadSelf5	1912
enum	SpellId	DispelCreatureNeutralOther6	1913
enum	SpellId	DispelCreatureGoodOther6	1914
enum	SpellId	DispelCreatureBadOther6	1915
enum	SpellId	DispelCreatureNeutralSelf6	1916
enum	SpellId	DispelCreatureGoodSelf6	1917
enum	SpellId	DispelCreatureBadSelf6	1918
enum	SpellId	DispelItemNeutralOther1	1919
enum	SpellId	DispelItemGoodOther1	1920
enum	SpellId	DispelItemBadOther1	1921
enum	SpellId	DispelItemNeutralSelf1	1922
enum	SpellId	DispelItemGoodSelf1	1923
enum	SpellId	DispelItemBadSelf1	1924
enum	SpellId	DispelItemNeutralOther2	1925
enum	SpellId	DispelItemGoodOther2	1926
enum	SpellId	DispelItemBadOther2	1927
enum	SpellId	DispelItemNeutralSelf2	1928
enum	SpellId	DispelItemGoodSelf2	1929
enum	SpellId	DispelItemBadSelf2	1930
enum	SpellId	DispelItemNeutralOther3	1931
enum	SpellId	DispelItemGoodOther3	1932
enum	SpellId	DispelItemBadOther3	1933
enum	SpellId	DispelItemNeutralSelf3	1934
enum	SpellId	DispelItemGoodSelf3	1935
enum	SpellId	DispelItemBadSelf3	1936
enum	SpellId	DispelItemNeutralOther4	1937
enum	SpellId	DispelItemGoodOther4	1938
enum	SpellId	DispelItemBadOther4	1939
enum	SpellId	DispelItemNeutralSelf4	1940
enum	SpellId	DispelItemGoodSelf4	1941
enum	SpellId	DispelItemBadSelf4	1942
enum	SpellId	DispelItemNeutralOther5	1943
enum	SpellId	DispelItemGoodOther5	1944
enum	SpellId	DispelItemBadOther5	1945
enum	SpellId	DispelItemNeutralSelf5	1946
enum	SpellId	DispelItemGoodSelf5	1947
enum	SpellId	DispelItemBadSelf5	1948
enum	SpellId	DispelItemNeutralOther6	1949
enum	SpellId	DispelItemGoodOther6	1950
enum	SpellId	DispelItemBadOther6	1951
enum	SpellId	DispelItemNeutralSelf6	1952
enum	SpellId	DispelItemGoodSelf6	1953
enum	SpellId	DispelItemBadSelf6	1954
enum	SpellId	DispelLifeNeutralOther1	1955
enum	SpellId	DispelLifeGoodOther1	1956
enum	SpellId	DispelLifeBadOther1	1957
enum	SpellId	DispelLifeNeutralSelf1	1958
enum	SpellId	DispelLifeGoodSelf1	1959
enum	SpellId	DispelLifeBadSelf1	1960
enum	SpellId	DispelLifeNeutralOther2	1961
enum	SpellId	DispelLifeGoodOther2	1962
enum	SpellId	DispelLifeBadOther2	1963
enum	SpellId	DispelLifeNeutralSelf2	1964
enum	SpellId	DispelLifeGoodSelf2	1965
enum	SpellId	DispelLifeBadSelf2	1966
enum	SpellId	DispelLifeNeutralOther3	1967
enum	SpellId	DispelLifeGoodOther3	1968
enum	SpellId	DispelLifeBadOther3	1969
enum	SpellId	DispelLifeNeutralSelf3	1970
enum	SpellId	DispelLifeGoodSelf3	1971
enum	SpellId	DispelLifeBadSelf3	1972
enum	SpellId	DispelLifeNeutralOther4	1973
enum	SpellId	DispelLifeGoodOther4	1974
enum	SpellId	DispelLifeBadOther4	1975
enum	SpellId	DispelLifeNeutralSelf4	1976
enum	SpellId	DispelLifeGoodSelf4	1977
enum	SpellId	DispelLifeBadSelf4	1978
enum	SpellId	DispelLifeNeutralOther5	1979
enum	SpellId	DispelLifeGoodOther5	1980
enum	SpellId	DispelLifeBadOther5	1981
enum	SpellId	DispelLifeNeutralSelf5	1982
enum	SpellId	DispelLifeGoodSelf5	1983
enum	SpellId	DispelLifeBadSelf5	1984
enum	SpellId	DispelLifeNeutralOther6	1985
enum	SpellId	DispelLifeGoodOther6	1986
enum	SpellId	DispelLifeBadOther6	1987
enum	SpellId	DispelLifeNeutralSelf6	1988
enum	SpellId	DispelLifeGoodSelf6	1989
enum	SpellId	DispelLifeBadSelf6	1990
enum	SpellId	ManaBlight	1991
enum	SpellId	CampingMastery	1992
enum	SpellId	CampingIneptitude	1993
enum	SpellId	WoundTwister	1994
enum	SpellId	Alacrity	1995
enum	SpellId	SoulHunter	1996
enum	SpellId	LifeGiver	1997
enum	SpellId	StaminaGiver	1998
enum	SpellId	ManaGiver	1999
enum	SpellId	PortalSendingCaulnalain	2000
enum	SpellId	PortalSendingFenmalain	2001
enum	SpellId	PortalSendingShendolain	2002
enum	SpellId	WarriorsLesserVitality	2003
enum	SpellId	WarriorsVitality	2004
enum	SpellId	WarriorsGreaterVitality	2005
enum	SpellId	WarriorsUltimateVitality	2006
enum	SpellId	WarriorsLesserVigor	2007
enum	SpellId	WarriorsVigor	2008
enum	SpellId	WarriorsGreaterVigor	2009
enum	SpellId	WarriorsUltimateVigor	2010
enum	SpellId	WizardsLesserIntellect	2011
enum	SpellId	WizardsIntellect	2012
enum	SpellId	WizardsGreaterIntellect	2013
enum	SpellId	WizardsUltimateIntellect	2014
enum	SpellId	AerfallesWard	2015
enum	SpellId	Impulse	2016
enum	SpellId	BunnySmite	2017
enum	SpellId	BaelZharonSmite	2018
enum	SpellId	CrystalSunderRing	2019
enum	SpellId	RecallAsmolum1	2020
enum	SpellId	ShadowCloudManaDrain	2021
enum	SpellId	ShadowCloudLifeDrain	2022
enum	SpellId	SanctuaryRecall	2023
enum	SpellId	RecallAsmolum2	2024
enum	SpellId	RecallAsmolum3	2025
enum	SpellId	ShadowCloudStamDrain	2026
enum	SpellId	Martyr	2027
enum	SpellId	SummonPortalCoIPK	2028
enum	SpellId	StaminaBlight	2029
enum	SpellId	FlamingBlaze	2030
enum	SpellId	SteelThorns	2031
enum	SpellId	ElectricBlaze	2032
enum	SpellId	AcidicSpray	2033
enum	SpellId	ExplodingFury	2034
enum	SpellId	ElectricDischarge	2035
enum	SpellId	FumingAcid	2036
enum	SpellId	FlamingIrruption	2037
enum	SpellId	ExplodingIce	2038
enum	SpellId	SparkingFury	2039
enum	SpellId	SummonPortalHopeslayer	2040
enum	SpellId	RecallAerlinthe	2041
enum	SpellId	BaelzharonWallFire	2042
enum	SpellId	BaelzharonWeaknessOther	2043
enum	SpellId	BaelzharonItemIneptOther	2044
enum	SpellId	BaelzharonRainBludgeon	2045
enum	SpellId	BaelzharonPortalExile	2046
enum	SpellId	BaelzharonArmorOther	2047
enum	SpellId	BaelzharonMagicDefense	2048
enum	SpellId	BaelzharonBloodDrinker	2049
enum	SpellId	WeddingSteele	2050
enum	SpellId	SteeleGenericFancy	2051
enum	SpellId	ArmorOther7	2052
enum	SpellId	ArmorSelf7	2053
enum	SpellId	BafflementOther7	2054
enum	SpellId	BafflementSelf7	2055
enum	SpellId	ClumsinessOther7	2056
enum	SpellId	ClumsinessSelf7	2057
enum	SpellId	CoordinationOther7	2058
enum	SpellId	CoordinationSelf7	2059
enum	SpellId	EnduranceOther7	2060
enum	SpellId	EnduranceSelf7	2061
enum	SpellId	EnfeebleOther7	2062
enum	SpellId	EnfeebleSelf7	2063
enum	SpellId	FeeblemindOther7	2064
enum	SpellId	FeeblemindSelf7	2065
enum	SpellId	FocusOther7	2066
enum	SpellId	FocusSelf7	2067
enum	SpellId	FrailtyOther7	2068
enum	SpellId	FrailtySelf7	2069
enum	SpellId	HarmOther7	2070
enum	SpellId	HarmSelf7	2071
enum	SpellId	HealOther7	2072
enum	SpellId	HealSelf7	2073
enum	SpellId	ImperilOther7	2074
enum	SpellId	ImperilSelf7	2075
enum	SpellId	ManaBoostOther7	2076
enum	SpellId	ManaBoostSelf7	2077
enum	SpellId	ManaDrainOther7	2078
enum	SpellId	ManaDrainSelf7	2079
enum	SpellId	QuicknessOther7	2080
enum	SpellId	QuicknessSelf7	2081
enum	SpellId	RevitalizeOther7	2082
enum	SpellId	RevitalizeSelf7	2083
enum	SpellId	SlownessOther7	2084
enum	SpellId	SlownessSelf7	2085
enum	SpellId	StrengthOther7	2086
enum	SpellId	StrengthSelf7	2087
enum	SpellId	WeaknessOther7	2088
enum	SpellId	WeaknessSelf7	2089
enum	SpellId	WillpowerOther7	2090
enum	SpellId	WillpowerSelf7	2091
enum	SpellId	AcidBane7	2092
enum	SpellId	AcidLure7	2093
enum	SpellId	BladeBane7	2094
enum	SpellId	BladeLure7	2095
enum	SpellId	BloodDrinkerSelf7	2096
enum	SpellId	BloodLoather7	2097
enum	SpellId	BludgeonBane7	2098
enum	SpellId	BludgeonLure7	2099
enum	SpellId	Brittlemail7	2100
enum	SpellId	DefenderSelf7	2101
enum	SpellId	FlameBane7	2102
enum	SpellId	FlameLure7	2103
enum	SpellId	FrostBane7	2104
enum	SpellId	FrostLure7	2105
enum	SpellId	HeartSeekerSelf7	2106
enum	SpellId	HermeticVoid7	2107
enum	SpellId	Impenetrability7	2108
enum	SpellId	LeadenWeapon7	2109
enum	SpellId	LightningBane7	2110
enum	SpellId	LightningLure7	2111
enum	SpellId	LureBlade7	2112
enum	SpellId	PiercingBane7	2113
enum	SpellId	PiercingLure7	2114
enum	SpellId	StrengthenLock7	2115
enum	SpellId	SwiftKillerSelf7	2116
enum	SpellId	HermeticLinkSelf7	2117
enum	SpellId	TurnBlade7	2118
enum	SpellId	WeakenLock7	2119
enum	SpellId	AcidBlast7	2120
enum	SpellId	AcidStreak7	2121
enum	SpellId	AcidStream7	2122
enum	SpellId	AcidVolley7	2123
enum	SpellId	BladeBlast7	2124
enum	SpellId	BladeVolley7	2125
enum	SpellId	BludgeoningVolley7	2126
enum	SpellId	FlameBlast7	2127
enum	SpellId	FlameBolt7	2128
enum	SpellId	FlameStreak7	2129
enum	SpellId	FlameVolley7	2130
enum	SpellId	ForceBlast7	2131
enum	SpellId	ForceBolt7	2132
enum	SpellId	ForceStreak7	2133
enum	SpellId	ForceVolley7	2134
enum	SpellId	FrostBlast7	2135
enum	SpellId	FrostBolt7	2136
enum	SpellId	FrostStreak7	2137
enum	SpellId	FrostVolley7	2138
enum	SpellId	LightningBlast7	2139
enum	SpellId	LightningBolt7	2140
enum	SpellId	LightningStreak7	2141
enum	SpellId	LightningVolley7	2142
enum	SpellId	ShockBlast7	2143
enum	SpellId	ShockWave7	2144
enum	SpellId	ShockwaveStreak7	2145
enum	SpellId	WhirlingBlade7	2146
enum	SpellId	WhirlingBladeStreak7	2147
enum	SpellId	AcidProtectionOther7	2148
enum	SpellId	AcidProtectionSelf7	2149
enum	SpellId	BladeProtectionOther7	2150
enum	SpellId	BladeProtectionSelf7	2151
enum	SpellId	BludgeonProtectionOther7	2152
enum	SpellId	BludgeonProtectionSelf7	2153
enum	SpellId	ColdProtectionOther7	2154
enum	SpellId	ColdProtectionSelf7	2155
enum	SpellId	FireProtectionOther7	2156
enum	SpellId	FireProtectionSelf7	2157
enum	SpellId	LightningProtectionOther7	2158
enum	SpellId	LightningProtectionSelf7	2159
enum	SpellId	PiercingProtectionOther7	2160
enum	SpellId	PiercingProtectionSelf7	2161
enum	SpellId	AcidVulnerabilityOther7	2162
enum	SpellId	AcidVulnerabilitySelf7	2163
enum	SpellId	BladeVulnerabilityOther7	2164
enum	SpellId	BladeVulnerabilitySelf7	2165
enum	SpellId	BludgeonVulnerabilityOther7	2166
enum	SpellId	BludgeonVulnerabilitySelf7	2167
enum	SpellId	ColdVulnerabilityOther7	2168
enum	SpellId	ColdVulnerabilitySelf7	2169
enum	SpellId	FireVulnerabilityOther7	2170
enum	SpellId	FireVulnerabilitySelf7	2171
enum	SpellId	LightningVulnerabilityOther7	2172
enum	SpellId	LightningVulnerabilitySelf7	2173
enum	SpellId	PiercingVulnerabilityOther7	2174
enum	SpellId	PiercingVulnerabilitySelf7	2175
enum	SpellId	ExhaustionOther7	2176
enum	SpellId	ExhaustionSelf7	2177
enum	SpellId	FesterOther7	2178
enum	SpellId	FesterSelf7	2179
enum	SpellId	ManaDepletionOther7	2180
enum	SpellId	ManaDepletionSelf7	2181
enum	SpellId	ManaRenewalOther7	2182
enum	SpellId	ManaRenewalSelf7	2183
enum	SpellId	RegenerationOther7	2184
enum	SpellId	RegenerationSelf7	2185
enum	SpellId	RejuvenationOther7	2186
enum	SpellId	RejuvenationSelf7	2187
enum	SpellId	AlchemyIneptitudeOther7	2188
enum	SpellId	AlchemyIneptitudeSelf7	2189
enum	SpellId	AlchemyMasteryOther7	2190
enum	SpellId	AlchemyMasterySelf7	2191
enum	SpellId	ArcaneBenightednessOther7	2192
enum	SpellId	ArcaneBenightednessSelf7	2193
enum	SpellId	ArcaneEnlightenmentOther7	2194
enum	SpellId	ArcaneEnlightenmentSelf7	2195
enum	SpellId	ArmorExpertiseOther7	2196
enum	SpellId	ArmorExpertiseSelf7	2197
enum	SpellId	ArmorIgnoranceOther7	2198
enum	SpellId	ArmorIgnoranceSelf7	2199
enum	SpellId	LightWeaponsIneptitudeOther7	2200
enum	SpellId	LightWeaponsIneptitudeSelf7	2201
enum	SpellId	LightWeaponsMasteryOther7	2202
enum	SpellId	LightWeaponsMasterySelf7	2203
enum	SpellId	MissileWeaponsIneptitudeOther7	2204
enum	SpellId	MissileWeaponsIneptitudeSelf7	2205
enum	SpellId	MissileWeaponsMasteryOther7	2206
enum	SpellId	MissileWeaponsMasterySelf7	2207
enum	SpellId	CookingIneptitudeOther7	2208
enum	SpellId	CookingIneptitudeSelf7	2209
enum	SpellId	CookingMasteryOther7	2210
enum	SpellId	CookingMasterySelf7	2211
enum	SpellId	CreatureEnchantmentIneptitudeOther7	2212
enum	SpellId	CreatureEnchantmentIneptitudeSelf7	2213
enum	SpellId	CreatureEnchantmentMasteryOther7	2214
enum	SpellId	CreatureEnchantmentMasterySelf7	2215
enum	SpellId	CrossbowIneptitudeOther7	2216
enum	SpellId	CrossbowIneptitudeSelf7	2217
enum	SpellId	CrossbowMasteryOther7	2218
enum	SpellId	CrossbowMasterySelf7	2219
enum	SpellId	FinesseWeaponsIneptitudeOther7	2220
enum	SpellId	FinesseWeaponsIneptitudeSelf7	2221
enum	SpellId	FinesseWeaponsMasteryOther7	2222
enum	SpellId	FinesseWeaponsMasterySelf7	2223
enum	SpellId	DeceptionIneptitudeOther7	2224
enum	SpellId	DeceptionIneptitudeSelf7	2225
enum	SpellId	DeceptionMasteryOther7	2226
enum	SpellId	DeceptionMasterySelf7	2227
enum	SpellId	DefenselessnessOther7	2228
enum	SpellId	DefenselessnessSelf7	2229
enum	SpellId	FaithlessnessOther7	2230
enum	SpellId	FaithlessnessSelf7	2231
enum	SpellId	FealtyOther7	2232
enum	SpellId	FealtySelf7	2233
enum	SpellId	FletchingIneptitudeOther7	2234
enum	SpellId	FletchingIneptitudeSelf7	2235
enum	SpellId	FletchingMasteryOther7	2236
enum	SpellId	FletchingMasterySelf7	2237
enum	SpellId	HealingIneptitudeOther7	2238
enum	SpellId	HealingIneptitudeSelf7	2239
enum	SpellId	HealingMasteryOther7	2240
enum	SpellId	HealingMasterySelf7	2241
enum	SpellId	ImpregnabilityOther7	2242
enum	SpellId	ImpregnabilitySelf7	2243
enum	SpellId	InvulnerabilityOther7	2244
enum	SpellId	InvulnerabilitySelf7	2245
enum	SpellId	ItemEnchantmentIneptitudeOther7	2246
enum	SpellId	ItemEnchantmentIneptitudeSelf7	2247
enum	SpellId	ItemEnchantmentMasteryOther7	2248
enum	SpellId	ItemEnchantmentMasterySelf7	2249
enum	SpellId	ItemExpertiseOther7	2250
enum	SpellId	ItemExpertiseSelf7	2251
enum	SpellId	ItemIgnoranceOther7	2252
enum	SpellId	ItemIgnoranceSelf7	2253
enum	SpellId	JumpingIneptitudeOther7	2254
enum	SpellId	JumpingIneptitudeSelf7	2255
enum	SpellId	JumpingMasteryOther7	2256
enum	SpellId	JumpingMasterySelf7	2257
enum	SpellId	LeadenFeetOther7	2258
enum	SpellId	LeadenFeetSelf7	2259
enum	SpellId	LeadershipIneptitudeOther7	2260
enum	SpellId	LeadershipIneptitudeSelf7	2261
enum	SpellId	LeadershipMasteryOther7	2262
enum	SpellId	LeadershipMasterySelf7	2263
enum	SpellId	LifeMagicIneptitudeOther7	2264
enum	SpellId	LifeMagicIneptitudeSelf7	2265
enum	SpellId	LifeMagicMasteryOther7	2266
enum	SpellId	LifeMagicMasterySelf7	2267
enum	SpellId	LockpickIneptitudeOther7	2268
enum	SpellId	LockpickIneptitudeSelf7	2269
enum	SpellId	LockpickMasteryOther7	2270
enum	SpellId	LockpickMasterySelf7	2271
enum	SpellId	MaceIneptitudeOther7	2272
enum	SpellId	MaceIneptitudeSelf7	2273
enum	SpellId	MaceMasteryOther7	2274
enum	SpellId	MaceMasterySelf7	2275
enum	SpellId	MagicItemExpertiseOther7	2276
enum	SpellId	MagicItemExpertiseSelf7	2277
enum	SpellId	MagicItemIgnoranceOther7	2278
enum	SpellId	MagicItemIgnoranceSelf7	2279
enum	SpellId	MagicResistanceOther7	2280
enum	SpellId	MagicResistanceSelf7	2281
enum	SpellId	MagicYieldOther7	2282
enum	SpellId	MagicYieldSelf7	2283
enum	SpellId	ManaIneptitudeOther7	2284
enum	SpellId	ManaIneptitudeSelf7	2285
enum	SpellId	ManaMasteryOther7	2286
enum	SpellId	ManaMasterySelf7	2287
enum	SpellId	MonsterAttunementOther7	2288
enum	SpellId	MonsterAttunementSelf7	2289
enum	SpellId	MonsterUnfamiliarityOther7	2290
enum	SpellId	MonsterUnfamiliaritySelf7	2291
enum	SpellId	PersonAttunementOther7	2292
enum	SpellId	PersonAttunementSelf7	2293
enum	SpellId	PersonUnfamiliarityOther7	2294
enum	SpellId	PersonUnfamiliaritySelf7	2295
enum	SpellId	SpearIneptitudeOther7	2296
enum	SpellId	SpearIneptitudeSelf7	2297
enum	SpellId	SpearMasteryOther7	2298
enum	SpellId	SpearMasterySelf7	2299
enum	SpellId	SprintOther7	2300
enum	SpellId	SprintSelf7	2301
enum	SpellId	StaffIneptitudeOther7	2302
enum	SpellId	StaffIneptitudeSelf7	2303
enum	SpellId	StaffMasteryOther7	2304
enum	SpellId	StaffMasterySelf7	2305
enum	SpellId	HeavyWeaponsIneptitudeOther7	2306
enum	SpellId	HeavyWeaponsIneptitudeSelf7	2307
enum	SpellId	HeavyWeaponsMasteryOther7	2308
enum	SpellId	HeavyWeaponsMasterySelf7	2309
enum	SpellId	ThrownWeaponIneptitudeOther7	2310
enum	SpellId	ThrownWeaponIneptitudeSelf7	2311
enum	SpellId	ThrownWeaponMasteryOther7	2312
enum	SpellId	ThrownWeaponMasterySelf7	2313
enum	SpellId	UnarmedCombatIneptitudeOther7	2314
enum	SpellId	UnarmedCombatMasteryOther7	2315
enum	SpellId	UnarmedCombatMasterySelf7	2316
enum	SpellId	UnarmedCombatIneptitudeSelf7	2317
enum	SpellId	VulnerabilityOther7	2318
enum	SpellId	VulnerabilitySelf7	2319
enum	SpellId	WarMagicIneptitudeOther7	2320
enum	SpellId	WarMagicIneptitudeSelf7	2321
enum	SpellId	WarMagicMasteryOther7	2322
enum	SpellId	WarMagicMasterySelf7	2323
enum	SpellId	WeaponExpertiseOther7	2324
enum	SpellId	WeaponExpertiseSelf7	2325
enum	SpellId	WeaponIgnoranceOther7	2326
enum	SpellId	WeaponIgnoranceSelf7	2327
enum	SpellId	DrainHealth7	2328
enum	SpellId	DrainMana7	2329
enum	SpellId	DrainStamina7	2330
enum	SpellId	HealthToManaOther7	2331
enum	SpellId	HealthToManaSelf7	2332
enum	SpellId	HealthToStaminaOther7	2333
enum	SpellId	HealthToStaminaSelf7	2334
enum	SpellId	InfuseHealth7	2335
enum	SpellId	InfuseMana7	2336
enum	SpellId	InfuseStamina7	2337
enum	SpellId	ManaToHealthOther7	2338
enum	SpellId	ManaToHealthSelf7	2339
enum	SpellId	ManaToStaminaOther7	2340
enum	SpellId	ManaToStaminaSelf7	2341
enum	SpellId	StaminaToHealthOther7	2342
enum	SpellId	StaminaToHealthSelf7	2343
enum	SpellId	StaminaToManaOther7	2344
enum	SpellId	StaminaToManaSelf7	2345
enum	SpellId	MaledictionSelf	2346
enum	SpellId	ConcentrationSelf	2347
enum	SpellId	BrillianceOther	2348
enum	SpellId	HieroWard	2349
enum	SpellId	DecayDurance	2350
enum	SpellId	ConsumptionDurance	2351
enum	SpellId	StasisDurance	2352
enum	SpellId	StimulationDurance	2353
enum	SpellId	PiercingDuranceLess	2354
enum	SpellId	SlashingDuranceLess	2355
enum	SpellId	BludgeoningDuranceLess	2356
enum	SpellId	FaunaPerlustration	2357
enum	SpellId	RecallLyceum	2358
enum	SpellId	PortalSendTrial1	2359
enum	SpellId	PortalSendTrial2	2360
enum	SpellId	PortalSendTrial3	2361
enum	SpellId	PortalSendTrial4	2362
enum	SpellId	PortalSendTrial5	2363
enum	SpellId	PortalSendingHHSW	2364
enum	SpellId	PortalSendingObsidianRim	2365
enum	SpellId	BovineIntervention	2366
enum	SpellId	PortalSummonReward	2367
enum	SpellId	PortalSendingTombExit	2368
enum	SpellId	AerfalleExpulsion	2369
enum	SpellId	AerfalleColdVuln	2370
enum	SpellId	AerfalleFireVuln	2371
enum	SpellId	AerfalleFester	2372
enum	SpellId	AerfalleLifeLower	2373
enum	SpellId	AerfalleStamLower	2374
enum	SpellId	AerfalleManaLower	2375
enum	SpellId	AnnihilationGlimpse	2376
enum	SpellId	AnnihilationVision	2377
enum	SpellId	BeastMurmur	2378
enum	SpellId	BeastWhisper	2379
enum	SpellId	InstrumentalityGrip	2380
enum	SpellId	InstrumentalityTouch	2381
enum	SpellId	UnnaturalPersistence	2382
enum	SpellId	DarkFlame	2383
enum	SpellId	ArcaneRestoration	2384
enum	SpellId	Vigilance	2385
enum	SpellId	Indomitability	2386
enum	SpellId	Determination	2387
enum	SpellId	Caution	2388
enum	SpellId	Vigor	2389
enum	SpellId	Haste	2390
enum	SpellId	Prowess	2391
enum	SpellId	Serenity	2392
enum	SpellId	ForceArmor	2393
enum	SpellId	AcidShield	2394
enum	SpellId	ElectricShield	2395
enum	SpellId	FlameShield	2396
enum	SpellId	IceShield	2397
enum	SpellId	BludgeonShield	2398
enum	SpellId	PiercingShield	2399
enum	SpellId	SlashingShield	2400
enum	SpellId	PortalSendingBunnyGarden	2401
enum	SpellId	EssenceLull	2402
enum	SpellId	BalancedBreakfast	2403
enum	SpellId	CollectorAcidProtection	2404
enum	SpellId	CollectorBladeProtection	2405
enum	SpellId	CollectorBludgeoningProtection	2406
enum	SpellId	CollectorColdProtection	2407
enum	SpellId	CollectorFireProtection	2408
enum	SpellId	CollectorLightningProtection	2409
enum	SpellId	CollectorPiercingProtection	2410
enum	SpellId	Discipline	2411
enum	SpellId	EnduringCoordination	2412
enum	SpellId	EnduringFocus	2413
enum	SpellId	EnduringStoicism	2414
enum	SpellId	EyeHunter	2415
enum	SpellId	HighTensionString	2416
enum	SpellId	Obedience	2417
enum	SpellId	OccultPotence	2418
enum	SpellId	PanicAttack	2419
enum	SpellId	PanoplyQueenslayer	2420
enum	SpellId	ParalyzingFear	2421
enum	SpellId	PortalSendDryreach	2422
enum	SpellId	Precise	2423
enum	SpellId	RabbitsEye	2424
enum	SpellId	StoneWall	2425
enum	SpellId	StrongPull	2426
enum	SpellId	SugarRush	2427
enum	SpellId	TimaruShelterMagic	2428
enum	SpellId	TimaruShelterMelee	2429
enum	SpellId	TimaruShelterMissile	2430
enum	SpellId	Vivification	2431
enum	SpellId	AcidWard	2432
enum	SpellId	FlameWard	2433
enum	SpellId	FrostWard	2434
enum	SpellId	LightningWard	2435
enum	SpellId	LayingonofHands	2436
enum	SpellId	RockslideGreater	2437
enum	SpellId	RockslideLesser	2438
enum	SpellId	Rockslide	2439
enum	SpellId	StoneCliffsGreater	2440
enum	SpellId	StoneCliffsLesser	2441
enum	SpellId	StoneCliffs	2442
enum	SpellId	StrengthofEarthGreater	2443
enum	SpellId	StrengthofEarthLesser	2444
enum	SpellId	StrengthofEarth	2445
enum	SpellId	GrowthGreater	2446
enum	SpellId	GrowthLesser	2447
enum	SpellId	Growth	2448
enum	SpellId	HuntersAcumenGreater	2449
enum	SpellId	HuntersAcumenLesser	2450
enum	SpellId	HuntersAcumen	2451
enum	SpellId	ThornsGreater	2452
enum	SpellId	ThornsLesser	2453
enum	SpellId	Thorns	2454
enum	SpellId	CascadeAxeGreater	2455
enum	SpellId	CascadeAxeLesser	2456
enum	SpellId	CascadeAxe	2457
enum	SpellId	CascadeDaggerGreater	2458
enum	SpellId	CascadeDaggerLesser	2459
enum	SpellId	CascadeDagger	2460
enum	SpellId	CascadeMaceGreater	2461
enum	SpellId	CascadeMaceLesser	2462
enum	SpellId	CascadeMace	2463
enum	SpellId	CascadeSpearGreater	2464
enum	SpellId	CascadeSpearLesser	2465
enum	SpellId	CascadeSpear	2466
enum	SpellId	CascadeStaffGreater	2467
enum	SpellId	CascadeStaffLesser	2468
enum	SpellId	CascadeStaff	2469
enum	SpellId	StillWaterGreater	2470
enum	SpellId	StillWaterLesser	2471
enum	SpellId	StillWater	2472
enum	SpellId	TorrentGreater	2473
enum	SpellId	TorrentLesser	2474
enum	SpellId	Torrent	2475
enum	SpellId	PortalSendTimaru	2476
enum	SpellId	PORTALTUMEROKWARALU	2477
enum	SpellId	PORTALTUMEROKWARALUGREATER	2478
enum	SpellId	PORTALTUMEROKWARALULESSER	2479
enum	SpellId	PORTALTUMEROKWARGHA	2480
enum	SpellId	PORTALTUMEROKWARGHAGREATER	2481
enum	SpellId	PORTALTUMEROKWARGHALESSER	2482
enum	SpellId	PORTALTUMEROKWARSHO	2483
enum	SpellId	PORTALTUMEROKWARSHOGREATER	2484
enum	SpellId	PORTALTUMEROKWARSHOLESSER	2485
enum	SpellId	BLOODTHIRST	2486
enum	SpellId	SPIRITSTRIKE	2487
enum	SpellId	ElariBowFamiliarity	2488
enum	SpellId	PORTALSENDSHOUSHISE	2489
enum	SpellId	PORTALSENDHOLTS	2490
enum	SpellId	PORTALSENDHOLTW	2491
enum	SpellId	PORTALSENDSHOUSHIW	2492
enum	SpellId	PORTALSENDYARAQE	2493
enum	SpellId	PORTALSENDYARAQN	2494
enum	SpellId	PORTALSENDINGAREACHOLTW	2495
enum	SpellId	PORTALSENDINGAREACHOLTS	2496
enum	SpellId	PORTALSENDINGAREACSHOUSHISE	2497
enum	SpellId	PORTALSENDINGAREACSHOUSHIW	2498
enum	SpellId	PORTALSENDINGAREACYARAQE	2499
enum	SpellId	PORTALSENDINGAREACYARAQN	2500
enum	SpellId	CANTRIPALCHEMICALPROWESS2	2501
enum	SpellId	CANTRIPARCANEPROWESS2	2502
enum	SpellId	CANTRIPARMOREXPERTISE2	2503
enum	SpellId	CANTRIPLIGHTWEAPONSAPTITUDE2	2504
enum	SpellId	CANTRIPMISSILEWEAPONSAPTITUDE2	2505
enum	SpellId	CANTRIPCOOKINGPROWESS2	2506
enum	SpellId	CANTRIPCREATUREENCHANTMENTAPTITUDE2	2507
enum	SpellId	CANTRIPCROSSBOWAPTITUDE2	2508
enum	SpellId	CANTRIPFINESSEWEAPONSAPTITUDE2	2509
enum	SpellId	CANTRIPDECEPTIONPROWESS2	2510
enum	SpellId	CANTRIPFEALTY2	2511
enum	SpellId	CANTRIPFLETCHINGPROWESS2	2512
enum	SpellId	CANTRIPHEALINGPROWESS2	2513
enum	SpellId	CANTRIPIMPREGNABILITY2	2514
enum	SpellId	CANTRIPINVULNERABILITY2	2515
enum	SpellId	CANTRIPITEMENCHANTMENTAPTITUDE2	2516
enum	SpellId	CANTRIPITEMEXPERTISE2	2517
enum	SpellId	CANTRIPJUMPINGPROWESS2	2518
enum	SpellId	CANTRIPLEADERSHIP2	2519
enum	SpellId	CANTRIPLIFEMAGICAPTITUDE2	2520
enum	SpellId	CANTRIPLOCKPICKPROWESS2	2521
enum	SpellId	CANTRIPMACEAPTITUDE2	2522
enum	SpellId	CANTRIPMAGICITEMEXPERTISE2	2523
enum	SpellId	CANTRIPMAGICRESISTANCE2	2524
enum	SpellId	CANTRIPMANACONVERSIONPROWESS2	2525
enum	SpellId	CANTRIPMONSTERATTUNEMENT2	2526
enum	SpellId	CANTRIPPERSONATTUNEMENT2	2527
enum	SpellId	CANTRIPSPEARAPTITUDE2	2528
enum	SpellId	CANTRIPSPRINT2	2529
enum	SpellId	CANTRIPSTAFFAPTITUDE2	2530
enum	SpellId	CANTRIPHEAVYWEAPONSAPTITUDE2	2531
enum	SpellId	CANTRIPTHROWNAPTITUDE2	2532
enum	SpellId	CANTRIPUNARMEDAPTITUDE2	2533
enum	SpellId	CANTRIPWARMAGICAPTITUDE2	2534
enum	SpellId	CANTRIPWEAPONEXPERTISE2	2535
enum	SpellId	CANTRIPALCHEMICALPROWESS1	2536
enum	SpellId	CANTRIPARCANEPROWESS1	2537
enum	SpellId	CANTRIPARMOREXPERTISE1	2538
enum	SpellId	CANTRIPLIGHTWEAPONSAPTITUDE1	2539
enum	SpellId	CANTRIPMISSILEWEAPONSAPTITUDE1	2540
enum	SpellId	CANTRIPCOOKINGPROWESS1	2541
enum	SpellId	CANTRIPCREATUREENCHANTMENTAPTITUDE1	2542
enum	SpellId	CANTRIPCROSSBOWAPTITUDE1	2543
enum	SpellId	CANTRIPFINESSEWEAPONSAPTITUDE1	2544
enum	SpellId	CANTRIPDECEPTIONPROWESS1	2545
enum	SpellId	CANTRIPFEALTY1	2546
enum	SpellId	CANTRIPFLETCHINGPROWESS1	2547
enum	SpellId	CANTRIPHEALINGPROWESS1	2548
enum	SpellId	CANTRIPIMPREGNABILITY1	2549
enum	SpellId	CANTRIPINVULNERABILITY1	2550
enum	SpellId	CANTRIPITEMENCHANTMENTAPTITUDE1	2551
enum	SpellId	CANTRIPITEMEXPERTISE1	2552
enum	SpellId	CANTRIPJUMPINGPROWESS1	2553
enum	SpellId	CANTRIPLEADERSHIP1	2554
enum	SpellId	CANTRIPLIFEMAGICAPTITUDE1	2555
enum	SpellId	CANTRIPLOCKPICKPROWESS1	2556
enum	SpellId	CANTRIPMACEAPTITUDE1	2557
enum	SpellId	CANTRIPMAGICITEMEXPERTISE1	2558
enum	SpellId	CANTRIPMAGICRESISTANCE1	2559
enum	SpellId	CANTRIPMANACONVERSIONPROWESS1	2560
enum	SpellId	CANTRIPMONSTERATTUNEMENT1	2561
enum	SpellId	CANTRIPPERSONATTUNEMENT1	2562
enum	SpellId	CANTRIPSPEARAPTITUDE1	2563
enum	SpellId	CANTRIPSPRINT1	2564
enum	SpellId	CANTRIPSTAFFAPTITUDE1	2565
enum	SpellId	CANTRIPHEAVYWEAPONSAPTITUDE1	2566
enum	SpellId	CANTRIPTHROWNAPTITUDE1	2567
enum	SpellId	CANTRIPUNARMEDAPTITUDE1	2568
enum	SpellId	CANTRIPWARMAGICAPTITUDE1	2569
enum	SpellId	CANTRIPWEAPONEXPERTISE1	2570
enum	SpellId	CANTRIPARMOR2	2571
enum	SpellId	CANTRIPCOORDINATION2	2572
enum	SpellId	CANTRIPENDURANCE2	2573
enum	SpellId	CANTRIPFOCUS2	2574
enum	SpellId	CANTRIPQUICKNESS2	2575
enum	SpellId	CANTRIPSTRENGTH2	2576
enum	SpellId	CANTRIPWILLPOWER2	2577
enum	SpellId	CANTRIPARMOR1	2578
enum	SpellId	CANTRIPCOORDINATION1	2579
enum	SpellId	CANTRIPENDURANCE1	2580
enum	SpellId	CANTRIPFOCUS1	2581
enum	SpellId	CANTRIPQUICKNESS1	2582
enum	SpellId	CANTRIPSTRENGTH1	2583
enum	SpellId	CANTRIPWILLPOWER1	2584
enum	SpellId	CANTRIPACIDBANE2	2585
enum	SpellId	CANTRIPBLOODTHIRST2	2586
enum	SpellId	CANTRIPBLUDGEONINGBANE2	2587
enum	SpellId	CANTRIPDEFENDER2	2588
enum	SpellId	CANTRIPFLAMEBANE2	2589
enum	SpellId	CANTRIPFROSTBANE2	2590
enum	SpellId	CANTRIPHEARTTHIRST2	2591
enum	SpellId	CANTRIPIMPENETRABILITY2	2592
enum	SpellId	CANTRIPPIERCINGBANE2	2593
enum	SpellId	CANTRIPSLASHINGBANE2	2594
enum	SpellId	CANTRIPSTORMBANE2	2595
enum	SpellId	CANTRIPSWIFTHUNTER2	2596
enum	SpellId	CANTRIPACIDBANE1	2597
enum	SpellId	CANTRIPBLOODTHIRST1	2598
enum	SpellId	CANTRIPBLUDGEONINGBANE1	2599
enum	SpellId	CANTRIPDEFENDER1	2600
enum	SpellId	CANTRIPFLAMEBANE1	2601
enum	SpellId	CANTRIPFROSTBANE1	2602
enum	SpellId	CANTRIPHEARTTHIRST1	2603
enum	SpellId	CANTRIPIMPENETRABILITY1	2604
enum	SpellId	CANTRIPPIERCINGBANE1	2605
enum	SpellId	CANTRIPSLASHINGBANE1	2606
enum	SpellId	CANTRIPSTORMBANE1	2607
enum	SpellId	CANTRIPSWIFTHUNTER1	2608
enum	SpellId	CANTRIPACIDWARD2	2609
enum	SpellId	CANTRIPBLUDGEONINGWARD2	2610
enum	SpellId	CANTRIPFLAMEWARD2	2611
enum	SpellId	CANTRIPFROSTWARD2	2612
enum	SpellId	CANTRIPPIERCINGWARD2	2613
enum	SpellId	CANTRIPSLASHINGWARD2	2614
enum	SpellId	CANTRIPSTORMWARD2	2615
enum	SpellId	CANTRIPACIDWARD1	2616
enum	SpellId	CANTRIPBLUDGEONINGWARD1	2617
enum	SpellId	CANTRIPFLAMEWARD1	2618
enum	SpellId	CANTRIPFROSTWARD1	2619
enum	SpellId	CANTRIPPIERCINGWARD1	2620
enum	SpellId	CANTRIPSLASHINGWARD1	2621
enum	SpellId	CANTRIPSTORMWARD1	2622
enum	SpellId	CANTRIPHEALTHGAIN2	2623
enum	SpellId	CANTRIPMANAGAIN2	2624
enum	SpellId	CANTRIPSTAMINAGAIN2	2625
enum	SpellId	CANTRIPHEALTHGAIN1	2626
enum	SpellId	CANTRIPMANAGAIN1	2627
enum	SpellId	CANTRIPSTAMINAGAIN1	2628
enum	SpellId	HuntressBoon	2629
enum	SpellId	PreysReflex	2630
enum	SpellId	PortalSendingHallofHollows	2631
enum	SpellId	PortalSendingHallofHollowsSurface	2632
enum	SpellId	PortalSendingRegicideBasement	2633
enum	SpellId	PortalSendingRegicideBasementSurface	2634
enum	SpellId	PortalSummonDungeonWitshire	2635
enum	SpellId	KarenuasCurse	2636
enum	SpellId	InvokingAunTanua	2637
enum	SpellId	HeartofOak	2638
enum	SpellId	Repulsion	2639
enum	SpellId	Devourer	2640
enum	SpellId	ForcetoArms	2641
enum	SpellId	Consumption	2642
enum	SpellId	Stasis	2643
enum	SpellId	LifestoneTie1	2644
enum	SpellId	PortalRecall	2645
enum	SpellId	PortalTie2	2646
enum	SpellId	PortalTieRecall2	2647
enum	SpellId	SummonSecondPortal1	2648
enum	SpellId	SummonSecondPortal2	2649
enum	SpellId	SummonSecondPortal3	2650
enum	SpellId	PortalSendingSelfSacrifice	2651
enum	SpellId	PortalSendingMerciless	2652
enum	SpellId	FeebleWillpower	2653
enum	SpellId	FeebleEndurance	2654
enum	SpellId	FeebleFocus	2655
enum	SpellId	FeebleQuickness	2656
enum	SpellId	FeebleStrength	2657
enum	SpellId	FeebleCoordination	2658
enum	SpellId	ModerateCoordination	2659
enum	SpellId	ModerateEndurance	2660
enum	SpellId	ModerateFocus	2661
enum	SpellId	ModerateQuickness	2662
enum	SpellId	ModerateStrength	2663
enum	SpellId	ModerateWillpower	2664
enum	SpellId	EssenceSluice	2665
enum	SpellId	EssenceGlutton	2666
enum	SpellId	EssenceSpike	2667
enum	SpellId	NuhmudirasBenefaction	2668
enum	SpellId	NuhmudirasBestowment	2669
enum	SpellId	NuhmudirasEndowment	2670
enum	SpellId	PortalSendingLabyrinthRewards	2671
enum	SpellId	MartineRing1	2672
enum	SpellId	MartineRing2	2673
enum	SpellId	MartineStrike	2674
enum	SpellId	FeebleAxeAptitude	2675
enum	SpellId	FeebleBowAptitude	2676
enum	SpellId	FeebleCrossbowAptitude	2677
enum	SpellId	FeebleDaggerAptitude	2678
enum	SpellId	FeebleMaceAptitude	2679
enum	SpellId	FeebleManaConversionProwess	2680
enum	SpellId	FeebleSpearAptitude	2681
enum	SpellId	FeebleStaffAptitude	2682
enum	SpellId	FeebleSwordAptitude	2683
enum	SpellId	FeebleThrownAptitude	2684
enum	SpellId	FeebleUnarmedAptitude	2685
enum	SpellId	ModerateAxeAptitude	2686
enum	SpellId	ModerateBowAptitude	2687
enum	SpellId	ModerateCrossbowAptitude	2688
enum	SpellId	ModerateDaggerAptitude	2689
enum	SpellId	ModerateMaceAptitude	2690
enum	SpellId	ModerateManaConversionProwess	2691
enum	SpellId	ModerateSpearAptitude	2692
enum	SpellId	ModerateStaffAptitude	2693
enum	SpellId	ModerateSwordAptitude	2694
enum	SpellId	ModerateThrownAptitude	2695
enum	SpellId	ModerateUnarmedAptitude	2696
enum	SpellId	MartineDebuff	2697
enum	SpellId	MartineDegeneration	2698
enum	SpellId	AuroricWhip	2699
enum	SpellId	CorrosiveCloud	2700
enum	SpellId	ElementalFury1	2701
enum	SpellId	ElementalFury2	2702
enum	SpellId	ElementalFury3	2703
enum	SpellId	ElementalFury4	2704
enum	SpellId	ElementalistsBoon	2705
enum	SpellId	ElementalWard	2706
enum	SpellId	PortalSendingGaerlan	2707
enum	SpellId	StasisField	2708
enum	SpellId	SummonPortalFloater	2709
enum	SpellId	VolcanicBlast	2710
enum	SpellId	AcidArc1	2711
enum	SpellId	AcidArc2	2712
enum	SpellId	AcidArc3	2713
enum	SpellId	AcidArc4	2714
enum	SpellId	AcidArc5	2715
enum	SpellId	AcidArc6	2716
enum	SpellId	AcidArc7	2717
enum	SpellId	ForceArc1	2718
enum	SpellId	ForceArc2	2719
enum	SpellId	ForceArc3	2720
enum	SpellId	ForceArc4	2721
enum	SpellId	ForceArc5	2722
enum	SpellId	ForceArc6	2723
enum	SpellId	ForceArc7	2724
enum	SpellId	FrostArc1	2725
enum	SpellId	FrostArc2	2726
enum	SpellId	FrostArc3	2727
enum	SpellId	FrostArc4	2728
enum	SpellId	FrostArc5	2729
enum	SpellId	FrostArc6	2730
enum	SpellId	FrostArc7	2731
enum	SpellId	LightningArc1	2732
enum	SpellId	LightningArc2	2733
enum	SpellId	LightningArc3	2734
enum	SpellId	LightningArc4	2735
enum	SpellId	LightningArc5	2736
enum	SpellId	LightningArc6	2737
enum	SpellId	LightningArc7	2738
enum	SpellId	FlameArc1	2739
enum	SpellId	FlameArc2	2740
enum	SpellId	FlameArc3	2741
enum	SpellId	FlameArc4	2742
enum	SpellId	FlameArc5	2743
enum	SpellId	FlameArc6	2744
enum	SpellId	FlameArc7	2745
enum	SpellId	ShockArc1	2746
enum	SpellId	ShockArc2	2747
enum	SpellId	ShockArc3	2748
enum	SpellId	ShockArc4	2749
enum	SpellId	ShockArc5	2750
enum	SpellId	ShockArc6	2751
enum	SpellId	ShockArc7	2752
enum	SpellId	BladeArc1	2753
enum	SpellId	BladeArc2	2754
enum	SpellId	BladeArc3	2755
enum	SpellId	BladeArc4	2756
enum	SpellId	BladeArc5	2757
enum	SpellId	BladeArc6	2758
enum	SpellId	BladeArc7	2759
enum	SpellId	HealthBolt1	2760
enum	SpellId	HealthBolt2	2761
enum	SpellId	HealthBolt3	2762
enum	SpellId	HealthBolt4	2763
enum	SpellId	HealthBolt5	2764
enum	SpellId	HealthBolt6	2765
enum	SpellId	HealthBolt7	2766
enum	SpellId	StaminaBolt1	2767
enum	SpellId	StaminaBolt2	2768
enum	SpellId	StaminaBolt3	2769
enum	SpellId	StaminaBolt4	2770
enum	SpellId	StaminaBolt5	2771
enum	SpellId	StaminaBolt6	2772
enum	SpellId	StaminaBolt7	2773
enum	SpellId	ManaBolt1	2774
enum	SpellId	ManaBolt2	2775
enum	SpellId	ManaBolt3	2776
enum	SpellId	ManaBolt4	2777
enum	SpellId	ManaBolt5	2778
enum	SpellId	ManaBolt6	2779
enum	SpellId	ManaBolt7	2780
enum	SpellId	LesserElementalFuryAcid	2781
enum	SpellId	LesserElementalFuryFlame	2782
enum	SpellId	LesserElementalFuryFrost	2783
enum	SpellId	LesserElementalFuryLightning	2784
enum	SpellId	LesserStasisField	2785
enum	SpellId	Madness	2786
enum	SpellId	Supremacy	2787
enum	SpellId	HarbingerManaBlight	2788
enum	SpellId	HarbingerSmite	2789
enum	SpellId	HarbingerWeaknessOther	2790
enum	SpellId	RollingDeathAcid	2791
enum	SpellId	RollingDeathFlame	2792
enum	SpellId	RollingDeathFrost	2793
enum	SpellId	RollingDeathLightning	2794
enum	SpellId	PortalSendingCitadelLibrary	2795
enum	SpellId	PortalSendingCitadelSurface	2796
enum	SpellId	PortalSendingProvingGrounds2Extreme	2797
enum	SpellId	PortalSendingProvingGrounds2High	2798
enum	SpellId	PortalSendingProvingGrounds2Low	2799
enum	SpellId	PortalSendingProvingGrounds2Mid	2800
enum	SpellId	PortalSendingProvingGrounds3Extreme	2801
enum	SpellId	PortalSendingProvingGrounds3High	2802
enum	SpellId	PortalSendingProvingGrounds3Low	2803
enum	SpellId	PortalSendingProvingGrounds3Mid	2804
enum	SpellId	PortalSendingProvingGrounds4Extreme	2805
enum	SpellId	PortalSendingProvingGrounds4High	2806
enum	SpellId	PortalSendingProvingGrounds4Low	2807
enum	SpellId	PortalSendingProvingGrounds4Mid	2808
enum	SpellId	ModerateArcaneProwess	2809
enum	SpellId	ModerateLifeMagicAptitude	2810
enum	SpellId	ModerateMagicResistance	2811
enum	SpellId	ModerateWarMagicAptitude	2812
enum	SpellId	RecallLethe	2813
enum	SpellId	ImpiousCurse	2814
enum	SpellId	FireworkOutBlack1	2815
enum	SpellId	FireworkOutBlack2	2816
enum	SpellId	FireworkOutBlack3	2817
enum	SpellId	FireworkOutBlack4	2818
enum	SpellId	FireworkOutBlack5	2819
enum	SpellId	FireworkOutBlack6	2820
enum	SpellId	FireworkOutBlack7	2821
enum	SpellId	FireworkOutBlue1	2822
enum	SpellId	FireworkOutBlue2	2823
enum	SpellId	FireworkOutBlue3	2824
enum	SpellId	FireworkOutBlue4	2825
enum	SpellId	FireworkOutBlue5	2826
enum	SpellId	FireworkOutBlue6	2827
enum	SpellId	FireworkOutBlue7	2828
enum	SpellId	FireworkOutGreen1	2829
enum	SpellId	FireworkOutGreen2	2830
enum	SpellId	FireworkOutGreen3	2831
enum	SpellId	FireworkOutGreen4	2832
enum	SpellId	FireworkOutGreen5	2833
enum	SpellId	FireworkOutGreen6	2834
enum	SpellId	FireworkOutGreen7	2835
enum	SpellId	FireworkOutOrange1	2836
enum	SpellId	FireworkOutOrange2	2837
enum	SpellId	FireworkOutOrange3	2838
enum	SpellId	FireworkOutOrange4	2839
enum	SpellId	FireworkOutOrange5	2840
enum	SpellId	FireworkOutOrange6	2841
enum	SpellId	FireworkOutOrange7	2842
enum	SpellId	FireworkOutPurple1	2843
enum	SpellId	FireworkOutPurple2	2844
enum	SpellId	FireworkOutPurple3	2845
enum	SpellId	FireworkOutPurple4	2846
enum	SpellId	FireworkOutPurple5	2847
enum	SpellId	FireworkOutPurple6	2848
enum	SpellId	FireworkOutPurple7	2849
enum	SpellId	FireworkOutRed1	2850
enum	SpellId	FireworkOutRed2	2851
enum	SpellId	FireworkOutRed3	2852
enum	SpellId	FireworkOutRed4	2853
enum	SpellId	FireworkOutRed5	2854
enum	SpellId	FireworkOutRed6	2855
enum	SpellId	FireworkOutRed7	2856
enum	SpellId	FireworkOutWhite1	2857
enum	SpellId	FireworkOutWhite2	2858
enum	SpellId	FireworkOutWhite3	2859
enum	SpellId	FireworkOutWhite4	2860
enum	SpellId	FireworkOutWhite5	2861
enum	SpellId	FireworkOutWhite6	2862
enum	SpellId	FireworkOutWhite7	2863
enum	SpellId	FireworkOutYellow1	2864
enum	SpellId	FireworkOutYellow2	2865
enum	SpellId	FireworkOutYellow3	2866
enum	SpellId	FireworkOutYellow4	2867
enum	SpellId	FireworkOutYellow5	2868
enum	SpellId	FireworkOutYellow6	2869
enum	SpellId	FireworkOutYellow7	2870
enum	SpellId	FireworkUpBlack1	2871
enum	SpellId	FireworkUpBlack2	2872
enum	SpellId	FireworkUpBlack3	2873
enum	SpellId	FireworkUpBlack4	2874
enum	SpellId	FireworkUpBlack5	2875
enum	SpellId	FireworkUpBlack6	2876
enum	SpellId	FireworkUpBlack7	2877
enum	SpellId	FireworkUpBlue1	2878
enum	SpellId	FireworkUpBlue2	2879
enum	SpellId	FireworkUpBlue3	2880
enum	SpellId	FireworkUpBlue4	2881
enum	SpellId	FireworkUpBlue5	2882
enum	SpellId	FireworkUpBlue6	2883
enum	SpellId	FireworkUpBlue7	2884
enum	SpellId	FireworkUpGreen1	2885
enum	SpellId	FireworkUpGreen2	2886
enum	SpellId	FireworkUpGreen3	2887
enum	SpellId	FireworkUpGreen4	2888
enum	SpellId	FireworkUpGreen5	2889
enum	SpellId	FireworkUpGreen6	2890
enum	SpellId	FireworkUpGreen7	2891
enum	SpellId	FireworkUpOrange1	2892
enum	SpellId	FireworkUpOrange2	2893
enum	SpellId	FireworkUpOrange3	2894
enum	SpellId	FireworkUpOrange4	2895
enum	SpellId	FireworkUpOrange5	2896
enum	SpellId	FireworkUpOrange6	2897
enum	SpellId	FireworkUpOrange7	2898
enum	SpellId	FireworkUpPurple1	2899
enum	SpellId	FireworkUpPurple2	2900
enum	SpellId	FireworkUpPurple3	2901
enum	SpellId	FireworkUpPurple4	2902
enum	SpellId	FireworkUpPurple5	2903
enum	SpellId	FireworkUpPurple6	2904
enum	SpellId	FireworkUpPurple7	2905
enum	SpellId	FireworkUpRed1	2906
enum	SpellId	FireworkUpRed2	2907
enum	SpellId	FireworkUpRed3	2908
enum	SpellId	FireworkUpRed4	2909
enum	SpellId	FireworkUpRed5	2910
enum	SpellId	FireworkUpRed6	2911
enum	SpellId	FireworkUpRed7	2912
enum	SpellId	FireworkUpWhite1	2913
enum	SpellId	FireworkUpWhite2	2914
enum	SpellId	FireworkUpWhite3	2915
enum	SpellId	FireworkUpWhite4	2916
enum	SpellId	FireworkUpWhite5	2917
enum	SpellId	FireworkUpWhite6	2918
enum	SpellId	FireworkUpWhite7	2919
enum	SpellId	FireworkUpYellow1	2920
enum	SpellId	FireworkUpYellow2	2921
enum	SpellId	FireworkUpYellow3	2922
enum	SpellId	FireworkUpYellow4	2923
enum	SpellId	FireworkUpYellow5	2924
enum	SpellId	FireworkUpYellow6	2925
enum	SpellId	FireworkUpYellow7	2926
enum	SpellId	FireworkOldSchool	2927
enum	SpellId	TuskerHide	2928
enum	SpellId	TuskerMight	2929
enum	SpellId	TuskerSkin	2930
enum	SpellId	TuskerIslandRecall	2931
enum	SpellId	TuskerLeap	2932
enum	SpellId	TuskerSprint	2933
enum	SpellId	TuskerFists	2934
enum	SpellId	PortalSendingMowen	2935
enum	SpellId	PortalSendingTuskerIsland	2936
enum	SpellId	ModerateImpregnability	2937
enum	SpellId	ModerateInvulnerability	2938
enum	SpellId	PortalSendingTempleEnlightenment	2939
enum	SpellId	PortalSendingTempleForgetfulness	2940
enum	SpellId	UlgrimsRecall	2941
enum	SpellId	PortalSendAbandonedMine	2942
enum	SpellId	SingularityIslandRecall	2943
enum	SpellId	PortalSendingCrystalMindsWarehseOK	2944
enum	SpellId	PortalSendingCrystalMindsWarehseRobbed	2945
enum	SpellId	ModerateCreatureMagicAptitude	2946
enum	SpellId	DispelAllBadOther6NoManaCon	2947
enum	SpellId	HieroWardGreat	2948
enum	SpellId	LightbringersWay	2949
enum	SpellId	MaidensKiss	2950
enum	SpellId	PortalSendingKnorr	2951
enum	SpellId	PortalSendingKnorr2	2952
enum	SpellId	PortalSendingKnorr3	2953
enum	SpellId	PortalSendingKnorrBarracks	2954
enum	SpellId	PortalSendingKnorrForge	2955
enum	SpellId	PortalSendingKnorrResearch	2956
enum	SpellId	PortalSendingKnorrSeat	2957
enum	SpellId	BlessingofthePriestess	2958
enum	SpellId	MarkofthePriestess	2959
enum	SpellId	BludgeoningDurance	2960
enum	SpellId	PiercingDurance	2961
enum	SpellId	SlashingDurance	2962
enum	SpellId	CunningHunter	2963
enum	SpellId	MarkHunter	2964
enum	SpellId	MurderousIntent	2965
enum	SpellId	MurderousThirst	2966
enum	SpellId	SpeedHunter	2967
enum	SpellId	VisionHunter	2968
enum	SpellId	MothersBlessing	2969
enum	SpellId	HuntersLash	2970
enum	SpellId	PortalSendingOswaldLogic	2971
enum	SpellId	PortalSendingOswaldsRoom	2972
enum	SpellId	PortalSendingSecretLair	2973
enum	SpellId	PortalSendingVagabondPassed	2974
enum	SpellId	ModerateItemEnchantmentAptitude	2975
enum	SpellId	OlthoiAcidBlast	2976
enum	SpellId	PortalSendHiddenWarehouseROT2	2977
enum	SpellId	DispelAllNeutralOther7	2978
enum	SpellId	DestinyWind	2979
enum	SpellId	EndlessVigor	2980
enum	SpellId	HealFellow1	2981
enum	SpellId	AlchemyMasteryFellow1	2982
enum	SpellId	DispelLifeBadFellow1	2983
enum	SpellId	FellowPortalSendHoltS	2984
enum	SpellId	Ardence	2985
enum	SpellId	Vim	2986
enum	SpellId	Volition	2987
enum	SpellId	PortalSendingCageNoir1	2988
enum	SpellId	PortalSendingDarkNoir1	2989
enum	SpellId	PortalSendingTreeNoir1	2990
enum	SpellId	WintersKiss	2991
enum	SpellId	Depletion	2992
enum	SpellId	GraceUnicorn	2993
enum	SpellId	Plague	2994
enum	SpellId	PowerDragon	2995
enum	SpellId	Scourge	2996
enum	SpellId	SplendorFireBird	2997
enum	SpellId	WrathPuppeteer	2998
enum	SpellId	EnduranceAbyss	2999
enum	SpellId	IreDarkPrince	3000
enum	SpellId	PuppetString	3001
enum	SpellId	WillpowerQuiddity	3002
enum	SpellId	DarkWave	3003
enum	SpellId	PuppetStrings	3004
enum	SpellId	Dispersion	3005
enum	SpellId	Foresight	3006
enum	SpellId	UncannyDodge	3007
enum	SpellId	Finesse	3008
enum	SpellId	Thew	3009
enum	SpellId	Zeal	3010
enum	SpellId	EndlessSight	3011
enum	SpellId	FarSight	3012
enum	SpellId	OasisHealthRegen	3013
enum	SpellId	OasisManaRegen	3014
enum	SpellId	OasisStaminaRegen	3015
enum	SpellId	RaptorSight	3016
enum	SpellId	PortalSendingCandethKeepBattleDungeon	3017
enum	SpellId	PortalSendingFortTethBattleDungeon	3018
enum	SpellId	PortalSendingNantoBattleDungeon	3019
enum	SpellId	PortalSendingPlateauBattleDungeon	3020
enum	SpellId	PortalSendingQalabarBattleDungeon	3021
enum	SpellId	PortalSendingTouTouBattleDungeon	3022
enum	SpellId	PortalSendingXarabydunBattleDungeon	3023
enum	SpellId	PortalSendingYaraqBattleDungeon	3024
enum	SpellId	Shriek	3025
enum	SpellId	PortalSendingCandethKeepBattleDungeonPKL	3026
enum	SpellId	PortalSendingFortTethBattleDungeonPKL	3027
enum	SpellId	PortalSendingNantoBattleDungeonPKL	3028
enum	SpellId	PortalSendingPlateauBattleDungeonPKL	3029
enum	SpellId	PortalSendingQalabarBattleDungeonPKL	3030
enum	SpellId	PortalSendingTouTouBattleDungeonPKL	3031
enum	SpellId	PortalSendingXarabydunBattleDungeonPKL	3032
enum	SpellId	PortalSendingYaraqBattleDungeonPKL	3033
enum	SpellId	BenedictionImmortality	3034
enum	SpellId	ClosingGreatDivide	3035
enum	SpellId	ColdGripGrave	3036
enum	SpellId	DeathsCall	3037
enum	SpellId	DeathsEmbrace	3038
enum	SpellId	DeathsFeast	3039
enum	SpellId	DeathsKiss	3040
enum	SpellId	EssenceDissolution	3041
enum	SpellId	GripDeath	3042
enum	SpellId	KissGrave	3043
enum	SpellId	LesserBenedictionImmortality	3044
enum	SpellId	LesserClosingGreatDivide	3045
enum	SpellId	LesserMistsBur	3046
enum	SpellId	MatronsBarb	3047
enum	SpellId	MinorBenedictionImmortality	3048
enum	SpellId	MinorClosingGreatDivide	3049
enum	SpellId	MinorMistsBur	3050
enum	SpellId	MireFoot	3051
enum	SpellId	MistsBur	3052
enum	SpellId	ParalyzingTouch	3053
enum	SpellId	SoulDissolution	3054
enum	SpellId	Asphyxiation	3055
enum	SpellId	DeathsVice	3056
enum	SpellId	Enervation	3057
enum	SpellId	GreaterAsphyxiation	3058
enum	SpellId	GreaterEnervation	3059
enum	SpellId	GreaterPoisonBlood	3060
enum	SpellId	GreaterTaintMana	3061
enum	SpellId	LesserAsphyxation	3062
enum	SpellId	LesserEnervation	3063
enum	SpellId	LesserPoisonBlood	3064
enum	SpellId	LesserTaintMana	3065
enum	SpellId	LesserWardRebirth	3066
enum	SpellId	MatronsCurse	3067
enum	SpellId	MinorWardRebirth	3068
enum	SpellId	PoisonBlood	3069
enum	SpellId	TaintMana	3070
enum	SpellId	WardRebirth	3071
enum	SpellId	PortalSendingFellowshipTempleGuardians	3072
enum	SpellId	PortalSendingFellowshipTempleMatron	3073
enum	SpellId	FeebleFleshBruised	3074
enum	SpellId	FeebleFleshCloth	3075
enum	SpellId	FeebleFleshExposed	3076
enum	SpellId	FeebleFleshFlint	3077
enum	SpellId	FeebleFleshWeak	3078
enum	SpellId	FeebleThinSkin	3079
enum	SpellId	FleshBruised	3080
enum	SpellId	FleshCloth	3081
enum	SpellId	FleshExposed	3082
enum	SpellId	FleshFlint	3083
enum	SpellId	FleshWeak	3084
enum	SpellId	LesserFleshBruised	3085
enum	SpellId	LesserFleshCloth	3086
enum	SpellId	LesserFleshExposed	3087
enum	SpellId	LesserFleshFlint	3088
enum	SpellId	LesserFleshWeak	3089
enum	SpellId	LesserThinSkin	3090
enum	SpellId	ThinSkin	3091
enum	SpellId	LesserSkinFiazhat	3092
enum	SpellId	MinorSkinFiazhat	3093
enum	SpellId	SkinFiazhat	3094
enum	SpellId	PortalSendingTempleApprentice	3095
enum	SpellId	PortalSendingTempleConsort	3096
enum	SpellId	PortalSendingTempleGuardOrange	3097
enum	SpellId	PortalSendingTempleGuardRed	3098
enum	SpellId	PortalSendingTempleGuardYellow	3099
enum	SpellId	PortalSendingTempleIxir	3100
enum	SpellId	PortalSendingTempleIxirZiCrypt	3101
enum	SpellId	PortalSendingTempleKivikLir	3102
enum	SpellId	PortalSendingTempleMatriarch	3103
enum	SpellId	PortalSendingTempleTestsOrange	3104
enum	SpellId	PortalSendingTempleTestsRed	3105
enum	SpellId	PortalSendingTempleTestsYellow	3106
enum	SpellId	FlaySoul	3107
enum	SpellId	GreaterFlaySoul	3108
enum	SpellId	GreaterLiquefyFlesh	3109
enum	SpellId	GreaterSearFlesh	3110
enum	SpellId	GreaterSoulHammer	3111
enum	SpellId	GreaterSoulSpike	3112
enum	SpellId	LesserFlaySoul	3113
enum	SpellId	LesserLiquefyFlesh	3114
enum	SpellId	LesserSearFlesh	3115
enum	SpellId	LesserSoulHammer	3116
enum	SpellId	LesserSoulSpike	3117
enum	SpellId	LiquefyFlesh	3118
enum	SpellId	SearFlesh	3119
enum	SpellId	SoulHammer	3120
enum	SpellId	SoulSpike	3121
enum	SpellId	SacrificialEdge	3122
enum	SpellId	SacrificialEdges	3123
enum	SpellId	BlightMana	3124
enum	SpellId	EnervateBeing	3125
enum	SpellId	PoisonHealth	3126
enum	SpellId	FellWind	3127
enum	SpellId	InfectedBlood	3128
enum	SpellId	InfirmedMana	3129
enum	SpellId	PortalSendingFellowshipLiazkBurun40	3130
enum	SpellId	PortalSendingFellowshipLiazkBurun60	3131
enum	SpellId	PortalSendingFellowshipLiazkBurun80	3132
enum	SpellId	PortalSendingFellowshipLiazkBurun100	3133
enum	SpellId	PortalSendingLiazkBurun40	3134
enum	SpellId	PortalSendingLiazkBurun60	3135
enum	SpellId	PortalSendingLiazkBurun80	3136
enum	SpellId	PortalSendingLiazkBurun100	3137
enum	SpellId	PortalSendingLiazkItziAntechamber	3138
enum	SpellId	PortalSendingLiazkItziCrypt	3139
enum	SpellId	PortalSendingLiazkJump40	3140
enum	SpellId	PortalSendingLiazkJump60	3141
enum	SpellId	PortalSendingLiazkJump80	3142
enum	SpellId	PortalSendingLiazkJump100	3143
enum	SpellId	PortalSendingLiazkSpirits40	3144
enum	SpellId	PortalSendingLiazkSpirits60	3145
enum	SpellId	PortalSendingLiazkSpirits80	3146
enum	SpellId	PortalSendingLiazkSpirits100	3147
enum	SpellId	PortalSendingLiazkTest40	3148
enum	SpellId	PortalSendingLiazkTest60	3149
enum	SpellId	PortalSendingLiazkTest80	3150
enum	SpellId	PortalSendingLiazkTest100	3151
enum	SpellId	InferiorScytheAegis	3152
enum	SpellId	LesserScytheAegis	3153
enum	SpellId	ScytheAegis	3154
enum	SpellId	CoordinationFellowship4	3155
enum	SpellId	CoordinationFellowship5	3156
enum	SpellId	CoordinationFellowship6	3157
enum	SpellId	CoordinationFellowship7	3158
enum	SpellId	EnduranceFellowship4	3159
enum	SpellId	EnduranceFellowship5	3160
enum	SpellId	EnduranceFellowship6	3161
enum	SpellId	EnduranceFellowship7	3162
enum	SpellId	FocusFellowship4	3163
enum	SpellId	FocusFellowship5	3164
enum	SpellId	FocusFellowship6	3165
enum	SpellId	FocusFellowship7	3166
enum	SpellId	QuicknessFellowship4	3167
enum	SpellId	QuicknessFellowship5	3168
enum	SpellId	QuicknessFellowship6	3169
enum	SpellId	QuicknessFellowship7	3170
enum	SpellId	SelfFellowship4	3171
enum	SpellId	SelfFellowship5	3172
enum	SpellId	SelfFellowship6	3173
enum	SpellId	SelfFellowship7	3174
enum	SpellId	StrengthFellowship4	3175
enum	SpellId	StrengthFellowship5	3176
enum	SpellId	StrengthFellowship6	3177
enum	SpellId	StrengthFellowship7	3178
enum	SpellId	DispelAllBadOther7	3179
enum	SpellId	DispelAllBadSelf7	3180
enum	SpellId	DispelAllGoodOther7	3181
enum	SpellId	DispelAllGoodSelf7	3182
enum	SpellId	DispelAllNeutralSelf7	3183
enum	SpellId	DispelCreatureBadOther7	3184
enum	SpellId	DispelCreatureBadSelf7	3185
enum	SpellId	DispelCreatureGoodOther7	3186
enum	SpellId	DispelCreatureGoodSelf7	3187
enum	SpellId	DispelCreatureNeutralOther7	3188
enum	SpellId	DispelCreatureNeutralSelf7	3189
enum	SpellId	DispelItemBadOther7	3190
enum	SpellId	DispelItemGoodOther7	3191
enum	SpellId	DispelItemNeutralOther7	3192
enum	SpellId	DispelLifeBadOther7	3193
enum	SpellId	DispelLifeBadSelf7	3194
enum	SpellId	DispelLifeGoodOther7	3195
enum	SpellId	DispelLifeGoodSelf7	3196
enum	SpellId	DispelLifeNeutralOther7	3197
enum	SpellId	DispelLifeNeutralSelf7	3198
enum	SpellId	CantripHermeticLink1	3199
enum	SpellId	CantripHermeticLink2	3200
enum	SpellId	CantripHermeticLinkFeeble	3201
enum	SpellId	CantripHermeticLinkModerate	3202
enum	SpellId	DispelAllBadOther7NoManaCon	3203
enum	SpellId	GolemHunterHealthHigh	3204
enum	SpellId	GolemHunterHealthLow	3205
enum	SpellId	GolemHunterManaHigh	3206
enum	SpellId	GolemHunterManaLow	3207
enum	SpellId	GolemHunterStaminaHigh	3208
enum	SpellId	GolemHunterStaminaLow	3209
enum	SpellId	Agitate	3210
enum	SpellId	Annoyance	3211
enum	SpellId	GuiltTrip	3212
enum	SpellId	Heartache	3213
enum	SpellId	Sorrow	3214
enum	SpellId	Underfoot	3215
enum	SpellId	PortalSendingForbiddenCatacombs	3216
enum	SpellId	CascadeAtlatl	3217
enum	SpellId	CascadeAtlatlGreater	3218
enum	SpellId	CascadeAtlatlLesser	3219
enum	SpellId	CascadeBow	3220
enum	SpellId	CascadeBowGreater	3221
enum	SpellId	CascadeBowLesser	3222
enum	SpellId	CascadeManaC	3223
enum	SpellId	CascadeManaCGreater	3224
enum	SpellId	CascadeManaCLesser	3225
enum	SpellId	CascadeSword	3226
enum	SpellId	CascadeSwordGreater	3227
enum	SpellId	CascadeSwordLesser	3228
enum	SpellId	CascadeUA	3229
enum	SpellId	CascadeUAGreater	3230
enum	SpellId	CascadeUALesser	3231
enum	SpellId	CascadeXBow	3232
enum	SpellId	CascadeXBowGreater	3233
enum	SpellId	CascadeXBowLesser	3234
enum	SpellId	DarkPower	3235
enum	SpellId	RestorativeDraught	3236
enum	SpellId	Fanaticism	3237
enum	SpellId	PortalSendingNannerIsland	3238
enum	SpellId	InsightKhe	3239
enum	SpellId	WisdomKhe	3240
enum	SpellId	FlameBurst	3241
enum	SpellId	ChoriziteWeave	3242
enum	SpellId	Consecration	3243
enum	SpellId	DevineManipulation	3244
enum	SpellId	SacrosanctTouch	3245
enum	SpellId	CantripRegenAdja	3246
enum	SpellId	CantripRejuvAdja	3247
enum	SpellId	CantripRenewAdja	3248
enum	SpellId	ManaRenewalAdja	3249
enum	SpellId	CantripSpiritThirst2	3250
enum	SpellId	CantripSpiritThirst1	3251
enum	SpellId	ModerateSpiritThirst	3252
enum	SpellId	SpiritDrinkerSelf1	3253
enum	SpellId	SpiritDrinkerSelf2	3254
enum	SpellId	SpiritDrinkerSelf3	3255
enum	SpellId	SpiritDrinkerSelf4	3256
enum	SpellId	SpiritDrinkerSelf5	3257
enum	SpellId	SpiritDrinkerSelf6	3258
enum	SpellId	SpiritDrinkerSelf7	3259
enum	SpellId	SpiritLoather1	3260
enum	SpellId	SpiritLoather2	3261
enum	SpellId	SpiritLoather3	3262
enum	SpellId	SpiritLoather4	3263
enum	SpellId	SpiritLoather5	3264
enum	SpellId	SpiritLoather6	3265
enum	SpellId	SpiritLoather7	3266
enum	SpellId	BitBetweenTeeth	3267
enum	SpellId	BitingBonds	3268
enum	SpellId	UnderTheLash	3269
enum	SpellId	PortalSendingHezhitFight1	3270
enum	SpellId	PortalSendingHezhitFight2	3271
enum	SpellId	PortalSendingHezhitFight3	3272
enum	SpellId	PortalSendingHezhitPrison1	3273
enum	SpellId	PortalSendingHezhitPrison2	3274
enum	SpellId	PortalSendingHezhitPrison3	3275
enum	SpellId	PortalSendingHezhitPrison4	3276
enum	SpellId	PortalSendingHezhitPrison5	3277
enum	SpellId	PortalSendingHezhitPrison6	3278
enum	SpellId	PortalSendingHizkRiAntechamber	3279
enum	SpellId	PortalSendingHizkRiCorridor	3280
enum	SpellId	PortalSendingHizkRiGauntlet60	3281
enum	SpellId	PortalSendingHizkRiGauntlet80	3282
enum	SpellId	PortalSendingHizkRiGauntlet100	3283
enum	SpellId	PortalSendingHizkRiHezhit	3284
enum	SpellId	PortalSendingHizkRiJrvik	3285
enum	SpellId	PortalSendingHizkRiWell60	3286
enum	SpellId	PortalSendingHizkRiWell80	3287
enum	SpellId	PortalSendingHizkRiWell100	3288
enum	SpellId	PortalSendingHizkRiZixki	3289
enum	SpellId	PortalSendingJrvikFight1	3290
enum	SpellId	PortalSendingJrvikFight2	3291
enum	SpellId	PortalSendingJrvikFight3	3292
enum	SpellId	PortalSendingJrvikPrison1	3293
enum	SpellId	PortalSendingJrvikPrison2	3294
enum	SpellId	PortalSendingJrvikPrison3	3295
enum	SpellId	PortalSendingJrvikPrison4	3296
enum	SpellId	PortalSendingJrvikPrison5	3297
enum	SpellId	PortalSendingJrvikPrison6	3298
enum	SpellId	PortalSendingZixkFight1	3299
enum	SpellId	PortalSendingZixkFight2	3300
enum	SpellId	PortalSendingZixkFight3	3301
enum	SpellId	PortalSendingZixkPrison1	3302
enum	SpellId	PortalSendingZixkPrison2	3303
enum	SpellId	PortalSendingZixkPrison3	3304
enum	SpellId	PortalSendingZixkPrison4	3305
enum	SpellId	PortalSendingZixkPrison5	3306
enum	SpellId	PortalSendingZixkPrison6	3307
enum	SpellId	FlangeAegis	3308
enum	SpellId	InferiorFlangeAegis	3309
enum	SpellId	InferiorLanceAegis	3310
enum	SpellId	LanceAegis	3311
enum	SpellId	LesserFlangeAegis	3312
enum	SpellId	LesserLanceAegis	3313
enum	SpellId	ChainedToTheWall	3314
enum	SpellId	PortalSendingHizkRiGuruk60	3315
enum	SpellId	PortalSendingHizkRiGuruk80	3316
enum	SpellId	PortalSendingHizkRiGuruk100	3317
enum	SpellId	PortalSendingHizkRiRewards	3318
enum	SpellId	PortalSendingTempleIzjiQo	3319
enum	SpellId	AcidProtectionFellowship4	3320
enum	SpellId	AcidProtectionFellowship5	3321
enum	SpellId	AcidProtectionFellowship6	3322
enum	SpellId	AcidProtectionFellowship7	3323
enum	SpellId	BladeProtectionFellowship4	3324
enum	SpellId	BladeProtectionFellowship5	3325
enum	SpellId	BladeProtectionFellowship6	3326
enum	SpellId	BladeProtectionFellowship7	3327
enum	SpellId	BludgeonProtectionFellowship4	3328
enum	SpellId	BludgeonProtectionFellowship5	3329
enum	SpellId	BludgeonProtectionFellowship6	3330
enum	SpellId	BludgeonProtectionFellowship7	3331
enum	SpellId	ColdProtectionFellowship4	3332
enum	SpellId	ColdProtectionFellowship5	3333
enum	SpellId	ColdProtectionFellowship6	3334
enum	SpellId	ColdProtectionFellowship7	3335
enum	SpellId	FireProtectionFellowship4	3336
enum	SpellId	FireProtectionFellowship5	3337
enum	SpellId	FireProtectionFellowship6	3338
enum	SpellId	FireProtectionFellowship7	3339
enum	SpellId	LightningProtectionFellowship4	3340
enum	SpellId	LightningProtectionFellowship5	3341
enum	SpellId	LightningProtectionFellowship6	3342
enum	SpellId	LightningProtectionFellowship7	3343
enum	SpellId	PierceProtectionFellowship4	3344
enum	SpellId	PierceProtectionFellowship5	3345
enum	SpellId	PierceProtectionFellowship6	3346
enum	SpellId	PierceProtectionFellowship7	3347
enum	SpellId	ImpregnabilityFellowship4	3348
enum	SpellId	ImpregnabilityFellowship5	3349
enum	SpellId	ImpregnabilityFellowship6	3350
enum	SpellId	ImpregnabilityFellowship7	3351
enum	SpellId	InvulnerabilityFellowship4	3352
enum	SpellId	InvulnerabilityFellowship5	3353
enum	SpellId	InvulnerabilityFellowship6	3354
enum	SpellId	InvulnerabilityFellowship7	3355
enum	SpellId	MagicResistanceFellowship4	3356
enum	SpellId	MagicResistanceFellowship5	3357
enum	SpellId	MagicResistanceFellowship6	3358
enum	SpellId	MagicResistanceFellowship7	3359
enum	SpellId	PortalSendingBurunShrine	3360
enum	SpellId	ArtDestruction	3361
enum	SpellId	BlessingHorn	3362
enum	SpellId	BlessingScale	3363
enum	SpellId	BlessingWing	3364
enum	SpellId	GiftEnhancement	3365
enum	SpellId	HeartsTouch	3366
enum	SpellId	LeapingLegs	3367
enum	SpellId	MagesUnderstanding	3368
enum	SpellId	OntheRun	3369
enum	SpellId	PowerEnchantment	3370
enum	SpellId	lifegivergreater	3371
enum	SpellId	DebilitatingSpore	3372
enum	SpellId	DiseasedAir	3373
enum	SpellId	DrainHealthKivikLir	3374
enum	SpellId	FungalBloom	3375
enum	SpellId	LesserVisionBeyondTheGrave	3376
enum	SpellId	MinorVisionBeyondTheGrave	3377
enum	SpellId	VisionBeyondTheGrave	3378
enum	SpellId	VitaeGreaterKivikLir	3379
enum	SpellId	VitaeKivikLir	3380
enum	SpellId	DebilitatingSporeFellowship	3381
enum	SpellId	DiseasedAirFellowship	3382
enum	SpellId	FungalBloomFellowship	3383
enum	SpellId	CreatureEnchantmentMasteryFellow4	3384
enum	SpellId	CreatureEnchantmentMasteryFellow5	3385
enum	SpellId	CreatureEnchantmentMasteryFellow6	3386
enum	SpellId	CreatureEnchantmentMasteryFellow7	3387
enum	SpellId	ItemEnchantmentMasteryFellow4	3388
enum	SpellId	ItemEnchantmentMasteryFellow5	3389
enum	SpellId	ItemEnchantmentMasteryFellow6	3390
enum	SpellId	ItemEnchantmentMasteryFellow7	3391
enum	SpellId	LifeMagicMasteryFellow4	3392
enum	SpellId	LifeMagicMasteryFellow5	3393
enum	SpellId	LifeMagicMasteryFellow6	3394
enum	SpellId	LifeMagicMasteryFellow7	3395
enum	SpellId	ManaConversionMasteryFellow4	3396
enum	SpellId	ManaConversionMasteryFellow5	3397
enum	SpellId	ManaConversionMasteryFellow6	3398
enum	SpellId	ManaConversionMasteryFellow7	3399
enum	SpellId	WarMagicMasteryFellow4	3400
enum	SpellId	WarMagicMasteryFellow5	3401
enum	SpellId	WarMagicMasteryFellow6	3402
enum	SpellId	WarMagicMasteryFellow7	3403
enum	SpellId	EvilThirst	3404
enum	SpellId	GiftoftheFiazhat	3405
enum	SpellId	KivikLirTimerSpell	3406
enum	SpellId	LesserEvilThirst	3407
enum	SpellId	LesserGiftoftheFiazhat	3408
enum	SpellId	MinorEvilThirst	3409
enum	SpellId	MinorGiftoftheFiazhat	3410
enum	SpellId	PortalSendingMorgluukReward	3411
enum	SpellId	PortalSendingKivikLirAntechamber	3412
enum	SpellId	PortalSendingKivikLirArena60	3413
enum	SpellId	PortalSendingKivikLirArena80	3414
enum	SpellId	PortalSendingKivikLirArena100	3415
enum	SpellId	PortalSendingKivikLirBoss60	3416
enum	SpellId	PortalSendingKivikLirBoss80	3417
enum	SpellId	PortalSendingKivikLirBoss100	3418
enum	SpellId	PortalSendingKivikLirExit	3419
enum	SpellId	PortalSendingKivikLirHaven60	3420
enum	SpellId	PortalSendingKivikLirHaven80	3421
enum	SpellId	PortalSendingKivikLirHaven100	3422
enum	SpellId	PortalSendingKivikLirSplittingHalls	3423
enum	SpellId	PortalSendingKivikLirSplittingHallsUpper	3424
enum	SpellId	PortalSendingKivikLirStagingArea	3425
enum	SpellId	GreaterWhithering	3426
enum	SpellId	LesserWhithering	3427
enum	SpellId	Whithering	3428
enum	SpellId	ImperilKivikLir	3429
enum	SpellId	InferiorScourgeAegis	3430
enum	SpellId	LesserScourgeAegis	3431
enum	SpellId	ScourgeAegis	3432
enum	SpellId	Decay	3433
enum	SpellId	EyesBeyondtheMist	3434
enum	SpellId	GreaterMucorBlight	3435
enum	SpellId	LesserEyesBeyondtheMist	3436
enum	SpellId	LesserMucorBlight	3437
enum	SpellId	MinorEyesBeyondtheMist	3438
enum	SpellId	MucorBlight	3439
enum	SpellId	LugianHealth	3440
enum	SpellId	LugianInsight	3441
enum	SpellId	LugianStamina	3442
enum	SpellId	SwampBlight	3443
enum	SpellId	JusticeSleepingOne	3444
enum	SpellId	PurgeSleepingOne	3445
enum	SpellId	SwampWrath	3446
enum	SpellId	ChokingSporeCloud	3447
enum	SpellId	MassBloodAffliction	3448
enum	SpellId	MassBloodDisease	3449
enum	SpellId	MoldSporeCloud	3450
enum	SpellId	ConcussiveBelch	3451
enum	SpellId	ConcussiveWail	3452
enum	SpellId	FeelunBlight	3453
enum	SpellId	FeelunWrath	3454
enum	SpellId	KoruuCloud	3455
enum	SpellId	KoruuWrath	3456
enum	SpellId	ManaBolt	3457
enum	SpellId	ManaPurge	3458
enum	SpellId	MucorCloud	3459
enum	SpellId	MucorWrath	3460
enum	SpellId	BatterFlesh	3461
enum	SpellId	CankerFlesh	3462
enum	SpellId	CharFlesh	3463
enum	SpellId	NumbFlesh	3464
enum	SpellId	BloodAffliction	3465
enum	SpellId	BloodDisease	3466
enum	SpellId	ChokingSpores	3467
enum	SpellId	MoldSpores	3468
enum	SpellId	ParasiticAffliction	3469
enum	SpellId	ManaRenewalFellowship4	3470
enum	SpellId	ManaRenewalFellowship5	3471
enum	SpellId	ManaRenewalFellowship6	3472
enum	SpellId	ManaRenewalFellowship7	3473
enum	SpellId	RegenerationFellowship4	3474
enum	SpellId	RegenerationFellowship5	3475
enum	SpellId	RegenerationFellowship6	3476
enum	SpellId	RegenerationFellowship7	3477
enum	SpellId	RejuvenationFellowship4	3478
enum	SpellId	RejuvenationFellowship5	3479
enum	SpellId	RejuvenationFellowship6	3480
enum	SpellId	RejuvenationFellowship7	3481
enum	SpellId	PortalSendingIzjiQoAntechamber	3482
enum	SpellId	PortalSendingIzjiQoGauntlet60	3483
enum	SpellId	PortalSendingIzjiQoGauntlet80	3484
enum	SpellId	PortalSendingIzjiQoGauntlet100	3485
enum	SpellId	PortalSendingIzjiQoReceivingChamber	3486
enum	SpellId	PortalSendingIzjiQoReceivingChamber1	3487
enum	SpellId	PortalSendingIzjiQoReceivingChamber2	3488
enum	SpellId	PortalSendingIzjiQoReceivingChamber3	3489
enum	SpellId	PortalSendingIzjiQoReceivingChamber4	3490
enum	SpellId	PortalSendingIzjiQoReceivingChamber5	3491
enum	SpellId	PortalSendingIzjiQoReceivingChamber6	3492
enum	SpellId	PortalSendingIzjiQoReceivingChamber7	3493
enum	SpellId	PortalSendingIzjiQoRewards	3494
enum	SpellId	PortalSendingIzjiQoTest60	3495
enum	SpellId	PortalSendingIzjiQoTest80	3496
enum	SpellId	PortalSendingIzjiQoTest100	3497
enum	SpellId	PortalSendingLifestoneOther	3498
enum	SpellId	ArcanumSalvagingSelf1	3499
enum	SpellId	ArcanumSalvagingSelf2	3500
enum	SpellId	ArcanumSalvagingSelf3	3501
enum	SpellId	ArcanumSalvagingSelf4	3502
enum	SpellId	ArcanumSalvagingSelf5	3503
enum	SpellId	ArcanumSalvagingSelf6	3504
enum	SpellId	ArcanumSalvagingSelf7	3505
enum	SpellId	ArcanumSalvagingOther1	3506
enum	SpellId	ArcanumSalvagingOther2	3507
enum	SpellId	ArcanumSalvagingOther3	3508
enum	SpellId	ArcanumSalvagingOther4	3509
enum	SpellId	ArcanumSalvagingOther5	3510
enum	SpellId	ArcanumSalvagingOther6	3511
enum	SpellId	ArcanumSalvagingOther7	3512
enum	SpellId	NuhmudirasWisdom1	3513
enum	SpellId	NuhmudirasWisdom2	3514
enum	SpellId	NuhmudirasWisdom3	3515
enum	SpellId	NuhmudirasWisdom4	3516
enum	SpellId	NuhmudirasWisdom5	3517
enum	SpellId	NuhmudirasWisdom6	3518
enum	SpellId	NuhmudirasWisdom7	3519
enum	SpellId	NuhmudirasWisdomOther1	3520
enum	SpellId	NuhmudirasWisdomOther2	3521
enum	SpellId	NuhmudirasWisdomOther3	3522
enum	SpellId	NuhmudirasWisdomOther4	3523
enum	SpellId	NuhmudirasWisdomOther5	3524
enum	SpellId	NuhmudirasWisdomOther6	3525
enum	SpellId	NuhmudirasWisdomOther7	3526
enum	SpellId	Intoxication1	3527
enum	SpellId	Intoxication2	3528
enum	SpellId	Intoxication3	3529
enum	SpellId	KetnansBoon	3530
enum	SpellId	BobosBlessingCoord	3531
enum	SpellId	BobosBlessingFocus	3532
enum	SpellId	BrighteyesFavor	3533
enum	SpellId	PortalSendingKnathLair	3534
enum	SpellId	PortalSendSanamar	3535
enum	SpellId	PortalSendingNumberPuzzleENTER	3536
enum	SpellId	PortalSendingNumberPuzzleEXIT	3537
enum	SpellId	PortalSendingRainbowPuzzleENTER	3538
enum	SpellId	PortalSendingRainbowPuzzleEXIT	3539
enum	SpellId	PortalSendingShellGameENTER	3540
enum	SpellId	PortalSendingShellGameEXIT	3541
enum	SpellId	PortalSendingThreeBagsPuzzleENTER	3542
enum	SpellId	PortalSendingThreeBagsPuzzleEXIT	3543
enum	SpellId	PortalSendingBloodPuzzleENTER	3544
enum	SpellId	PortalSendingBloodPuzzleEXIT	3545
enum	SpellId	PortalSendingMemoryGameENTER	3546
enum	SpellId	PortalSendingMemoryGameEXIT	3547
enum	SpellId	PortalSendingMemRoomA	3548
enum	SpellId	PortalSendingMemRoomB	3549
enum	SpellId	PortalSendingMemRoomC	3550
enum	SpellId	PortalSendingMemRoomD	3551
enum	SpellId	PortalSendingMemRoomE	3552
enum	SpellId	PortalSendingMemRoomF	3553
enum	SpellId	PortalSendingMemRoomG	3554
enum	SpellId	PortalSendingMemRoomH	3555
enum	SpellId	PortalSendingNumRoomA	3556
enum	SpellId	PortalSendingNumRoomB	3557
enum	SpellId	PortalSendingNumRoomC	3558
enum	SpellId	PortalSendingNumRoomD	3559
enum	SpellId	PortalSendingNumRoomE	3560
enum	SpellId	PortalSendingNumRoomF	3561
enum	SpellId	PortalSendingNumRoomG	3562
enum	SpellId	PortalSendingNumRoomH	3563
enum	SpellId	PortalSendingNumRoomI	3564
enum	SpellId	PortalSendingNumRoomJ	3565
enum	SpellId	PortalSendingMemoryGameFinish	3566
enum	SpellId	CantripFiunFlee	3567
enum	SpellId	CantripFiunEfficiency	3568
enum	SpellId	ManaUp10Percent	3569
enum	SpellId	StaminaUp10Percent	3570
enum	SpellId	HealthUp10Percent	3571
enum	SpellId	InnerBrilliance	3572
enum	SpellId	InnerMight	3573
enum	SpellId	InnerWill	3574
enum	SpellId	PerfectBalance	3575
enum	SpellId	PerfectHealth	3576
enum	SpellId	PerfectSpeed	3577
enum	SpellId	PortalSendingBrooduAntechamber	3578
enum	SpellId	PortalSendingBrooduGauntlet	3579
enum	SpellId	PortalSendingBrooduLair	3580
enum	SpellId	PortalSendingBrooduPuzzle	3581
enum	SpellId	PortalSendingEatenBroodu	3582
enum	SpellId	PortalSendingRegurgitatedBroodu	3583
enum	SpellId	PortalSendingBrowerkLair	3584
enum	SpellId	PortalSendingEatenBrowerk	3585
enum	SpellId	PortalSendingQinXikitAntechamber	3586
enum	SpellId	PortalSendingQinXikitGauntlet	3587
enum	SpellId	PortalSendingQinXikitPuzzle	3588
enum	SpellId	PortalSendingQinXikitReward	3589
enum	SpellId	PortalSendingRegurgitatedBrowerk	3590
enum	SpellId	PortalSendingXiRuFont	3591
enum	SpellId	SummonPortalQinXikitIsland	3592
enum	SpellId	PortalSendingEatenKeerik	3593
enum	SpellId	PortalSendingKeerikAntechamber	3594
enum	SpellId	PortalSendingKeerikGauntlet	3595
enum	SpellId	PortalSendingKeerikLair	3596
enum	SpellId	PortalSendingKeerikPuzzle	3597
enum	SpellId	PortalSendingRegurgitatedKeerik	3598
enum	SpellId	PortalSendingEatenKiree	3599
enum	SpellId	PortalSendingKireeAntechamber	3600
enum	SpellId	PortalSendingKireeGauntlet	3601
enum	SpellId	PortalSendingKireeLair	3602
enum	SpellId	PortalSendingKireePuzzle	3603
enum	SpellId	PortalSendingRegurgitatedKiree	3604
enum	SpellId	PortalSendingCragstone	3605
enum	SpellId	PortalSendingEatenReeshan	3606
enum	SpellId	PortalSendingReeshanAntechamber	3607
enum	SpellId	PortalSendingReeshanGauntlet	3608
enum	SpellId	PortalSendingReeshanLair	3609
enum	SpellId	PortalSendingReeshanPuzzle	3610
enum	SpellId	PortalSendingRegurgitatedReeshan	3611
enum	SpellId	PortalSendingEatenRehir	3612
enum	SpellId	PortalSendingRegurgitatedRehir	3613
enum	SpellId	PortalSendingRehirGauntlet	3614
enum	SpellId	PortalSendingRehirLair	3615
enum	SpellId	PortalSendingRehirPuzzle	3616
enum	SpellId	PortalSendingRehirAntechamber	3617
enum	SpellId	PortalSendingAphusLasselWest	3618
enum	SpellId	PortalSendingBlackDeath	3619
enum	SpellId	PortalSendingBSDAlu	3620
enum	SpellId	PortalSendingBSDGha	3621
enum	SpellId	PortalSendingBSDSho	3622
enum	SpellId	PortalSendingCenterObsidianPlains	3623
enum	SpellId	PortalSendingHillsCitadel	3624
enum	SpellId	PortalSendingKaraWetlands	3625
enum	SpellId	PortalSendingMarescentBase	3626
enum	SpellId	PortalSendingNeydisa	3627
enum	SpellId	PortalSendingNorthernLandbridge	3628
enum	SpellId	PortalSendingOlthoiHordeNest	3629
enum	SpellId	PortalSendingOlthoiNorth	3630
enum	SpellId	PortalSendingRenegadeFortress	3631
enum	SpellId	PortalSendingRidgeCitadel	3632
enum	SpellId	PortalSendingSouthernLandbridge	3633
enum	SpellId	PortalSendingValleyofDeath	3634
enum	SpellId	PortalSendingWildernessCitadel	3635
enum	SpellId	AxemansBoon	3636
enum	SpellId	BowmansBoon	3637
enum	SpellId	ChuckersBoon	3638
enum	SpellId	CrossbowmansBoon	3639
enum	SpellId	EnchantersBoon	3640
enum	SpellId	HieromancersBoon	3641
enum	SpellId	KnifersBoon	3642
enum	SpellId	LifeGiversBoon	3643
enum	SpellId	MacersBoon	3644
enum	SpellId	PugilistsBoon	3645
enum	SpellId	SpearmansBoon	3646
enum	SpellId	StafferBoon	3647
enum	SpellId	SwordsmansBoon	3648
enum	SpellId	AerfallesEmbrace	3649
enum	SpellId	AerfallesEnforcement	3650
enum	SpellId	AerfallesGaze	3651
enum	SpellId	AerfallesTouch	3652
enum	SpellId	AcidBlast2	3653
enum	SpellId	AcidVolley1	3654
enum	SpellId	AcidVolley2	3655
enum	SpellId	BladeBlast1	3656
enum	SpellId	BladeBlast2	3657
enum	SpellId	BladeVolley1	3658
enum	SpellId	BladeVolley2	3659
enum	SpellId	BludgeoningVolley1	3660
enum	SpellId	BludgeoningVolley2	3661
enum	SpellId	FlameBlast2	3662
enum	SpellId	FlameVolley1	3663
enum	SpellId	FlameVolley2	3664
enum	SpellId	ForceBlast1	3665
enum	SpellId	ForceBlast2	3666
enum	SpellId	ForceVolley1	3667
enum	SpellId	ForceVolley2	3668
enum	SpellId	FrostBlast1	3669
enum	SpellId	FrostBlast2	3670
enum	SpellId	FrostVolley1	3671
enum	SpellId	FrostVolley2	3672
enum	SpellId	LightningBlast1	3673
enum	SpellId	LightningBlast2	3674
enum	SpellId	LightningVolley1	3675
enum	SpellId	LightningVolley2	3676
enum	SpellId	ShockBlast1	3677
enum	SpellId	ShockBlast2	3678
enum	SpellId	AcidBaneRare	3679
enum	SpellId	AcidProtectionRare	3680
enum	SpellId	AlchemyMasteryRare	3681
enum	SpellId	ArcaneEnlightenmentRare	3682
enum	SpellId	ArmorExpertiseRare	3683
enum	SpellId	ArmorRare	3684
enum	SpellId	AxeMasteryRare	3685
enum	SpellId	BladeBaneRare	3686
enum	SpellId	BladeProtectionRare	3687
enum	SpellId	BloodDrinkerRare	3688
enum	SpellId	BludgeonBaneRare	3689
enum	SpellId	BludgeonProtectionRare	3690
enum	SpellId	BowMasteryRare	3691
enum	SpellId	ColdProtectionRare	3692
enum	SpellId	CookingMasteryRare	3693
enum	SpellId	CoordinationRare	3694
enum	SpellId	CreatureEnchantmentMasteryRare	3695
enum	SpellId	CrossbowMasteryRare	3696
enum	SpellId	DaggerMasteryRare	3697
enum	SpellId	DeceptionMasteryRare	3698
enum	SpellId	DefenderRare	3699
enum	SpellId	EnduranceRare	3700
enum	SpellId	FealtyRare	3701
enum	SpellId	FireProtectionRare	3702
enum	SpellId	FlameBaneRare	3703
enum	SpellId	FletchingMasteryRare	3704
enum	SpellId	FocusRare	3705
enum	SpellId	FrostBaneRare	3706
enum	SpellId	HealingMasteryRare	3707
enum	SpellId	HeartSeekerRare	3708
enum	SpellId	HermeticLinkRare	3709
enum	SpellId	ImpenetrabilityRare	3710
enum	SpellId	ImpregnabilityRare	3711
enum	SpellId	InvulnerabilityRare	3712
enum	SpellId	ItemEnchantmentMasteryRare	3713
enum	SpellId	ItemExpertiseRare	3714
enum	SpellId	JumpMasteryRare	3715
enum	SpellId	LeadershipMasteryRare	3716
enum	SpellId	LifeMagicMasteryRare	3717
enum	SpellId	LightningBaneRare	3718
enum	SpellId	LightningProtectionRare	3719
enum	SpellId	LockpickMasteryRare	3720
enum	SpellId	MaceMasteryRare	3721
enum	SpellId	MagicItemExpertiseRare	3722
enum	SpellId	MagicResistanceRare	3723
enum	SpellId	ManaConvertMasteryRare	3724
enum	SpellId	ManaRenewalRare	3725
enum	SpellId	MonsterAttunementRare	3726
enum	SpellId	PersonAttunementRare	3727
enum	SpellId	PiercingBaneRare	3728
enum	SpellId	PiercingProtectionRare	3729
enum	SpellId	QuicknessRare	3730
enum	SpellId	RegenerationRare	3731
enum	SpellId	RejuvenationRare	3732
enum	SpellId	SelfRare	3733
enum	SpellId	SpearMasteryRare	3734
enum	SpellId	SpiritDrinkerRare	3735
enum	SpellId	SprintRare	3736
enum	SpellId	StaffMasteryRare	3737
enum	SpellId	StrengthRare	3738
enum	SpellId	SwiftKillerRare	3739
enum	SpellId	SwordMasteryRare	3740
enum	SpellId	ThrownWeaponMasteryRare	3741
enum	SpellId	UnarmedCombatMasteryRare	3742
enum	SpellId	WarMagicMasteryRare	3743
enum	SpellId	WeaponExpertiseRare	3744
enum	SpellId	InferiorInfernoAegis	3745
enum	SpellId	InfernoAegis	3746
enum	SpellId	LesserInfernoAegis	3747
enum	SpellId	SalvagingMasteryForge2	3748
enum	SpellId	AlchemyMasteryForge1	3749
enum	SpellId	AlchemyMasteryForge2	3750
enum	SpellId	CookingMasteryForge1	3751
enum	SpellId	CookingMasteryForge2	3752
enum	SpellId	FletchingMasteryForge1	3753
enum	SpellId	FletchingMasteryForge2	3754
enum	SpellId	LockpickMasteryForge1	3755
enum	SpellId	LockpickMasteryForge2	3756
enum	SpellId	SalvagingMasteryForge1	3757
enum	SpellId	CantripInkyArmor1	3758
enum	SpellId	MinorManaGiver	3759
enum	SpellId	SecondaryAttribsUp10Percent	3760
enum	SpellId	CantripFiunResistance	3761
enum	SpellId	PortalSendingDefiledTemple	3762
enum	SpellId	PortalSendingAludi	3763
enum	SpellId	SummonPortalBanderlingShrine	3764
enum	SpellId	PortalSendingPvPHate20Entry4	3765
enum	SpellId	PortalSendingPvPHate20Entry5	3766
enum	SpellId	PortalSendingPvPHate20Entry6	3767
enum	SpellId	PortalSendingPvPHate20Punishment	3768
enum	SpellId	PortalSendingPvPHate40Entry1	3769
enum	SpellId	PortalSendingPvPHate40Entry2	3770
enum	SpellId	PortalSendingPvPHate40Entry3	3771
enum	SpellId	PortalSendingPvPHate40Entry4	3772
enum	SpellId	PortalSendingPvPHate40Entry5	3773
enum	SpellId	PortalSendingPvPHate40Entry6	3774
enum	SpellId	PortalSendingPvPHate40Punishment	3775
enum	SpellId	PortalSendingPvPHate60Entry1	3776
enum	SpellId	PortalSendingPvPHate60Entry2	3777
enum	SpellId	PortalSendingPvPHate60Entry3	3778
enum	SpellId	PortalSendingPvPHate60Entry4	3779
enum	SpellId	PortalSendingPvPHate60Entry5	3780
enum	SpellId	PortalSendingPvPHate60Entry6	3781
enum	SpellId	PortalSendingPvPHate60Punishment	3782
enum	SpellId	PortalSendingPvPHate80AccursedEntry1	3783
enum	SpellId	PortalSendingPvPHate80AccursedEntry2	3784
enum	SpellId	PortalSendingPvPHate80AccursedEntry3	3785
enum	SpellId	PortalSendingPvPHate80AccursedEntry4	3786
enum	SpellId	PortalSendingPvPHate80AccursedEntry5	3787
enum	SpellId	PortalSendingPvPHate80AccursedEntry6	3788
enum	SpellId	PortalSendingPvPHate80Punishment	3789
enum	SpellId	PortalSendingPvPHate80UnholyEntry1	3790
enum	SpellId	PortalSendingPvPHate80UnholyEntry2	3791
enum	SpellId	PortalSendingPvPHate80UnholyEntry3	3792
enum	SpellId	PortalSendingPvPHate80UnholyEntry4	3793
enum	SpellId	PortalSendingPvPHate80UnholyEntry5	3794
enum	SpellId	PortalSendingPvPHate80UnholyEntry6	3795
enum	SpellId	PortalSendingPvPHate20Entry1	3796
enum	SpellId	PortalSendingPvPHate20Entry2	3797
enum	SpellId	PortalSendingPvPHate20Entry3	3798
enum	SpellId	BlackMarrowBliss	3799
enum	SpellId	BurningSpiritReliquary	3800
enum	SpellId	CantripShadowTouch	3801
enum	SpellId	CantripShadowReek	3802
enum	SpellId	CantripShadowShot	3803
enum	SpellId	CantripShadowCross	3804
enum	SpellId	AcidRingInfiltration	3805
enum	SpellId	FlameRingInfiltration	3806
enum	SpellId	ForceRingInfiltration	3807
enum	SpellId	LightningRingInfiltration	3808
enum	SpellId	CantripSalvagingMinor	3809
enum	SpellId	AsheronsBenediction	3810
enum	SpellId	BlackmoorsFavor	3811
enum	SpellId	PortalSendingRuschkTrials	3812
enum	SpellId	PortalSendShoushi	3813
enum	SpellId	PortalSendYaraq	3814
enum	SpellId	PortalSendHoltburg	3815
enum	SpellId	EyeShot	3816
enum	SpellId	HuntersWard	3817
enum	SpellId	CurseRavenFury	3818
enum	SpellId	ConscriptsMight	3819
enum	SpellId	ConscriptsWard	3820
enum	SpellId	AugursWill	3821
enum	SpellId	AugursGlare	3822
enum	SpellId	AugursWard	3823
enum	SpellId	MarksmansKen	3824
enum	SpellId	ArbalestersIntuition	3825
enum	SpellId	PortalSendingNightmareSepulcher	3826
enum	SpellId	ImpenetrabilityLunnumsPyre	3827
enum	SpellId	CantripRageofGrael	3828
enum	SpellId	MonsterPlantSundew	3829
enum	SpellId	MonsterPlantFlyTrap	3830
enum	SpellId	MonsterPlantPitcherPlant	3831
enum	SpellId	CantripMastersVoice	3832
enum	SpellId	CantripSalvaging1	3833
enum	SpellId	CantripSalvaging2	3834
enum	SpellId	HarmOtherLeviathan	3835
enum	SpellId	FrostBoltLeviathan	3836
enum	SpellId	PortalSendDeepWater	3837
enum	SpellId	PortalSendDeepAbandoned	3838
enum	SpellId	PortalSendDeepBrilliant	3839
enum	SpellId	PortalSendDeepDazzling	3840
enum	SpellId	PortalSendDeepDevastated	3841
enum	SpellId	PortalSendDeepEndGame	3842
enum	SpellId	PortalSendDeepFire	3843
enum	SpellId	PortalSendDeepGatekeeper	3844
enum	SpellId	PortalSendDeepRadiant	3845
enum	SpellId	PortalSendDeepRuined	3846
enum	SpellId	PortalSendXikMinruCataracts	3847
enum	SpellId	CombatMedication	3848
enum	SpellId	NightRunner	3849
enum	SpellId	Selflessness	3850
enum	SpellId	CorruptedEssence	3851
enum	SpellId	RavenousArmor	3852
enum	SpellId	ArdentDefense	3853
enum	SpellId	TrueLoyalty	3854
enum	SpellId	FlightofBats	3855
enum	SpellId	UlgrimsSending	3856
enum	SpellId	PumpkinRain	3857
enum	SpellId	PumpkinRing	3858
enum	SpellId	PumpkinWall	3859
enum	SpellId	SweetSpeed	3860
enum	SpellId	CantripTasteForBlood	3861
enum	SpellId	DukeRaoulPride	3862
enum	SpellId	HunterHardiness	3863
enum	SpellId	ZongoFist	3864
enum	SpellId	GlendenWoodRecall	3865
enum	SpellId	GlacialSpeed	3866
enum	SpellId	CantripFrostWardShadowsEmbrace	3867
enum	SpellId	PortalSendingDardanteKeep	3868
enum	SpellId	CantripSaltAshAttackMod	3869
enum	SpellId	DispelCreatureAll	3870
enum	SpellId	DispelItemAll	3871
enum	SpellId	DispelLifeAll	3872
enum	SpellId	DispelLifeGoodFellow	3873
enum	SpellId	HarmFellowEssence	3874
enum	SpellId	AcidVulnerabilityFellowEssence	3875
enum	SpellId	BladeVulnerabilityFellowEssence	3876
enum	SpellId	AcidBoltEssence	3877
enum	SpellId	FlameBoltEssence	3878
enum	SpellId	FrostBoltEssence	3879
enum	SpellId	LightningBoltEssence	3880
enum	SpellId	AcidRingEssence	3881
enum	SpellId	FlameRingEssence	3882
enum	SpellId	FlameRingWallEssence	3883
enum	SpellId	FrostRingEssence	3884
enum	SpellId	LightningRingEssence	3885
enum	SpellId	MagicYieldEssence	3886
enum	SpellId	PortalSendHatchHideout	3887
enum	SpellId	PortalSendRareChambers	3888
enum	SpellId	PortalSendingRuschkBurialMound	3889
enum	SpellId	WillPeople	3890
enum	SpellId	HonorBull	3891
enum	SpellId	SummonFlameSeekers	3892
enum	SpellId	SummonHotspot	3893
enum	SpellId	DarkPersistance	3894
enum	SpellId	DarkReflexes	3895
enum	SpellId	DarkEquilibrium	3896
enum	SpellId	DarkPurpose	3897
enum	SpellId	RecallSonPooky1	3898
enum	SpellId	RecallSonPooky2	3899
enum	SpellId	RecallSonPooky3	3900
enum	SpellId	EggBomb	3901
enum	SpellId	RabbitRing	3902
enum	SpellId	WhirlwindRing	3903
enum	SpellId	ElementalFuryEssenceAcid	3904
enum	SpellId	ElementalFuryEssenceFlame	3905
enum	SpellId	ElementalFuryEssenceFrost	3906
enum	SpellId	ElementalFuryEssenceLightning	3907
enum	SpellId	ManaBoltEssence	3908
enum	SpellId	ManaDepletionEssence	3909
enum	SpellId	BrainFreeze	3910
enum	SpellId	RingHarmOther	3911
enum	SpellId	PortalSendingBlackSpearTempleLower	3912
enum	SpellId	ArmorSelfAegisGoldenFlame	3913
enum	SpellId	DarkVortex	3914
enum	SpellId	BlackMadness	3915
enum	SpellId	ImperilEssence	3916
enum	SpellId	ColdVulnerabilityFellowEssence	3917
enum	SpellId	FireVulnerabilityFellowEssence	3918
enum	SpellId	LightningVulnerabilityFellowEssence	3919
enum	SpellId	PortalSendHarbingerAerbax	3920
enum	SpellId	PortalSendHarbingerExtreme	3921
enum	SpellId	PortalSendHarbingerNuhmudira	3922
enum	SpellId	PortalSendHarbingerTunnelsAerbax	3923
enum	SpellId	PortalSendHarbingerTunnelsNuhmudira	3924
enum	SpellId	PortalSendHarbingerUber	3925
enum	SpellId	HarbingersFieryTouch	3926
enum	SpellId	ChargeFlesh	3927
enum	SpellId	MeleeYieldEssence	3928
enum	SpellId	RecallRossuMorta	3929
enum	SpellId	RecallWhisperingBlade	3930
enum	SpellId	GraelRing	3931
enum	SpellId	GraelSmite	3932
enum	SpellId	GraelBlackSpearBolt	3933
enum	SpellId	AcidRingWall	3934
enum	SpellId	BladeRingWall	3935
enum	SpellId	FlameRingWall	3936
enum	SpellId	ForceRingWall	3937
enum	SpellId	FrostRingWall	3938
enum	SpellId	GraelLightningRing	3939
enum	SpellId	GraelRingHarm	3940
enum	SpellId	LightningRingWall	3941
enum	SpellId	ShockwaveRingWall	3942
enum	SpellId	BurningEarth	3943
enum	SpellId	GraelBlackSpearRain	3944
enum	SpellId	GraelLightningRain	3945
enum	SpellId	AcidWave	3946
enum	SpellId	BladeWave	3947
enum	SpellId	FlameWave	3948
enum	SpellId	ForceWave	3949
enum	SpellId	FrostWave	3950
enum	SpellId	LightningWave	3951
enum	SpellId	ShockwaveWave	3952
enum	SpellId	CarraidasBenediction	3953
enum	SpellId	PortalSendingAsheronTower	3954
enum	SpellId	BludgeonWard	3955
enum	SpellId	PiercingWard	3956
enum	SpellId	SlashingWard	3957
enum	SpellId	PortalSendingAsheronTowerExit	3958
enum	SpellId	RedirectMotives	3959
enum	SpellId	Authority	3960
enum	SpellId	DefenseJust	3961
enum	SpellId	BoundToLaw	3962
enum	SpellId	CANTRIPCOORDINATION3	3963
enum	SpellId	CANTRIPFOCUS3	3964
enum	SpellId	CANTRIPSTRENGTH3	3965
enum	SpellId	PortalSendingBanditRingleader	3966
enum	SpellId	PortalSendingBanditTrap	3967
enum	SpellId	PortalSendingSawatoExtortion	3968
enum	SpellId	AcidBomb	3969
enum	SpellId	BladeBomb	3970
enum	SpellId	FlameBomb	3971
enum	SpellId	ForceBomb	3972
enum	SpellId	FrostBomb	3973
enum	SpellId	LightningBomb	3974
enum	SpellId	ShockwaveBomb	3975
enum	SpellId	ArmorOtherIncantation	3976
enum	SpellId	CoordinationOtherIncantation	3977
enum	SpellId	FocusOtherIncantation	3978
enum	SpellId	StrengthOtherIncantation	3979
enum	SpellId	ImpenetrabilityIncantation	3980
enum	SpellId	ManarenewalOtherIncantation	3981
enum	SpellId	RegenerationOtherIncantation	3982
enum	SpellId	RejuvenationOtherIncantation	3983
enum	SpellId	MukkirFerocity	3984
enum	SpellId	MukkirSense	3985
enum	SpellId	GraelRockFall	3986
enum	SpellId	GraelRuschkBlackSpearBolt	3987
enum	SpellId	GraelShadowBlackSpearBolt	3988
enum	SpellId	LightningBoltRed	3989
enum	SpellId	GraelRuschkFrostRing	3990
enum	SpellId	DardanteLightningRingGravity	3991
enum	SpellId	GraelShadowAcidRing	3992
enum	SpellId	GraelShadowBladeRing	3993
enum	SpellId	GraelShadowFlameRing	3994
enum	SpellId	GraelShadowForceRing	3995
enum	SpellId	GraelShadowFrostRing	3996
enum	SpellId	GraelShadowLightningRing	3997
enum	SpellId	GraelShadowRing	3998
enum	SpellId	GraelShadowRingHarm	3999
enum	SpellId	GraelShadowShockwaveRing	4000
enum	SpellId	BurningEarthGreater	4001
enum	SpellId	BurningEarthLesser	4002
enum	SpellId	GraelMukkirBlackSpearWall	4003
enum	SpellId	GraelRuschkBlackSpearWall	4004
enum	SpellId	GraelShadowacidwave	4005
enum	SpellId	GraelShadowbladewave	4006
enum	SpellId	GraelShadowflamewave	4007
enum	SpellId	GraelShadowforcewave	4008
enum	SpellId	GraelShadowfrostwave	4009
enum	SpellId	GraelShadowlightningwave	4010
enum	SpellId	GraelShadowshockwavewave	4011
enum	SpellId	PortalSendingWhiteTotemTemple	4012
enum	SpellId	PortalSendingBlackTotemTemple	4013
enum	SpellId	PortalSendingAbyssalTotemTemple	4014
enum	SpellId	RuschkSkin	4015
enum	SpellId	ShadowsHeart	4016
enum	SpellId	SkillThrownWeaponPhialsAccuracy	4017
enum	SpellId	Permafrost	4018
enum	SpellId	CANTRIPQUICKNESS3	4019
enum	SpellId	CANTRIPDECEPTIONPROWESS3	4020
enum	SpellId	FlurryOfStars	4021
enum	SpellId	ZombiesPersistence	4022
enum	SpellId	PortalSendingDiscoInferno	4023
enum	SpellId	AsheronsLesserBenediction	4024
enum	SpellId	CastIronStomach	4025
enum	SpellId	HematicVerdure	4026
enum	SpellId	MessengersStride	4027
enum	SpellId	Snowball	4028
enum	SpellId	PortalSendingColosseum	4029
enum	SpellId	PortalSendingColosseumA1	4030
enum	SpellId	PortalSendingColosseumA6	4031
enum	SpellId	PortalSendingColosseumB1	4032
enum	SpellId	PortalSendingColosseumB6	4033
enum	SpellId	PortalSendingColosseumC1	4034
enum	SpellId	PortalSendingColosseumC6	4035
enum	SpellId	PortalSendingColosseumD1	4036
enum	SpellId	PortalSendingColosseumD6	4037
enum	SpellId	PortalSendingColosseumE1	4038
enum	SpellId	PortalSendingColosseumE6	4039
enum	SpellId	HealMaster	4040
enum	SpellId	PortalSendingBurLowLevel	4041
enum	SpellId	PortalSendingBurHighLevel	4042
enum	SpellId	KukuurHide	4043
enum	SpellId	AcidBall	4044
enum	SpellId	FlameBall	4045
enum	SpellId	LightningBall	4046
enum	SpellId	EpicAlchemyPetBuff	4047
enum	SpellId	EpicCookingPetBuff	4048
enum	SpellId	EpicFletchingPetBuff	4049
enum	SpellId	EpicLockpickPetBuff	4050
enum	SpellId	MajorAlchemyPetBuff	4051
enum	SpellId	MajorCookingPetBuff	4052
enum	SpellId	MajorFletchingPetBuff	4053
enum	SpellId	MajorLockpickPetBuff	4054
enum	SpellId	ModerateAlchemyPetBuff	4055
enum	SpellId	ModerateCookingPetBuff	4056
enum	SpellId	ModerateFletchingPetBuff	4057
enum	SpellId	ModerateLockpickPetBuff	4058
enum	SpellId	EnduranceOtherIncantation	4059
enum	SpellId	QuicknessOtherIncantation	4060
enum	SpellId	WillpowerOtherIncantation	4061
enum	SpellId	ImpenetrabilityEmpyreanAegis	4062
enum	SpellId	BurUpperCatacombExitPortalSending	4063
enum	SpellId	BurUpperCatacombPortalSending	4064
enum	SpellId	BurunLiberationPortalSending	4065
enum	SpellId	InstabilityBurPortalSending	4066
enum	SpellId	MucorBolt	4067
enum	SpellId	MucorManaWell	4068
enum	SpellId	MucorJolt	4069
enum	SpellId	EmpyreanManaAbsorbtion	4070
enum	SpellId	EmpyreanStaminaAbsorbtion	4071
enum	SpellId	AurlanaasResolve	4072
enum	SpellId	CantripRegenEmpyrean	4073
enum	SpellId	CantripRejuvEmpyrean	4074
enum	SpellId	CantripRenewEmpyrean	4075
enum	SpellId	EmpyreanEnlightenment	4076
enum	SpellId	ManaConvertMasteryIncantation	4077
enum	SpellId	EggBolt	4078
enum	SpellId	THOPPortalSendingDishwashing	4079
enum	SpellId	THOPPortalSendingKitchen	4080
enum	SpellId	LightningRingLarge	4081
enum	SpellId	BigFire	4082
enum	SpellId	PortalSendingKresovusWarren	4083
enum	SpellId	RecallBur	4084
enum	SpellId	PortalSendingProdigalBanderling	4085
enum	SpellId	CantripArmorIceShield	4086
enum	SpellId	ImperilOther7Proc	4087
enum	SpellId	FesterOtherAssassin	4088
enum	SpellId	DeceptionAssassinsGift	4089
enum	SpellId	DrudgeArmor	4090
enum	SpellId	DrudgeSpearBolt	4091
enum	SpellId	FlameGrenade	4092
enum	SpellId	DontBiteMe	4093
enum	SpellId	DontBurnMe	4094
enum	SpellId	DontStabMe	4095
enum	SpellId	FlameChain	4096
enum	SpellId	VirindiLightningRain	4097
enum	SpellId	PortalSendingProdigalDrudgeTreasureRoom	4098
enum	SpellId	StrengthDiemos	4099
enum	SpellId	ChampionHealMaster	4100
enum	SpellId	ChampionSkullduggery	4101
enum	SpellId	ChampionCleverRuse	4102
enum	SpellId	PortalSendingTanadaBlackWater	4103
enum	SpellId	PortalSendingColosseumBoss10x	4104
enum	SpellId	PortalSendingColosseumBoss200	4105
enum	SpellId	PortalSendingProdigalOlthoiLowerDungeon	4106
enum	SpellId	MarrowBlight	4107
enum	SpellId	Apathy	4108
enum	SpellId	MarrowBlightGreater	4109
enum	SpellId	PoisonedBarb	4110
enum	SpellId	TuskerHideLesser	4111
enum	SpellId	SpiritNullification	4112
enum	SpellId	FoulRing	4113
enum	SpellId	HypnoticSuggestion	4114
enum	SpellId	MesmerizingGaze	4115
enum	SpellId	Trance	4116
enum	SpellId	DarkShieldAcid	4117
enum	SpellId	DarkShieldElectric	4118
enum	SpellId	DarkShieldFlame	4119
enum	SpellId	DarkShieldIce	4120
enum	SpellId	DarkShieldBludgeon	4121
enum	SpellId	DarkShieldPierce	4122
enum	SpellId	DarkShieldSlash	4123
enum	SpellId	WallDarkNanners	4124
enum	SpellId	WallArcDarkNanners	4125
enum	SpellId	RainDarkNanners	4126
enum	SpellId	OolutangaPortalExile	4127
enum	SpellId	GraveyardRecall	4128
enum	SpellId	PortalSendingProdigalShadowLair	4129
enum	SpellId	PortalSendingProdigalShadowSanctum	4130
enum	SpellId	AxeMasterySpectral	4131
enum	SpellId	BloodDrinkerSpectral	4132
enum	SpellId	BowMasterySpectral	4133
enum	SpellId	CrossbowMasterySpectral	4134
enum	SpellId	DaggerMasterySpectral	4135
enum	SpellId	MaceMasterySpectral	4136
enum	SpellId	SpearMasterySpectral	4137
enum	SpellId	StaffMasterySpectral	4138
enum	SpellId	SwordMasterySpectral	4139
enum	SpellId	ThrownWeaponMasterySpectral	4140
enum	SpellId	UnarmedCombatMasterySpectral	4141
enum	SpellId	WarMagicMasterySpectral	4142
enum	SpellId	PortalSendingVisionQuestBranch4Stage4	4143
enum	SpellId	PortalSendingVisionQuestBranch5Stage4	4144
enum	SpellId	PortalSendingVisionQuestBranch1Stage6	4145
enum	SpellId	PortalSendingVisionQuestBranch2Stage6	4146
enum	SpellId	PortalSendingVisionQuestBranch3Stage6	4147
enum	SpellId	PortalSendingVisionQuestBranch4Stage6	4148
enum	SpellId	PortalSendingVisionQuestBranch5Stage6	4149
enum	SpellId	PortalSendingVisionQuestTent	4150
enum	SpellId	PortalSendingVisionQuestBranch1Stage1	4151
enum	SpellId	PortalSendingVisionQuestBranch2Stage1	4152
enum	SpellId	PortalSendingVisionQuestBranch3Stage1	4153
enum	SpellId	PortalSendingVisionQuestBranch4Stage1	4154
enum	SpellId	PortalSendingVisionQuestBranch5Stage1	4155
enum	SpellId	PortalSendingVisionQuestBranch1Stage2	4156
enum	SpellId	PortalSendingVisionQuestBranch2Stage2	4157
enum	SpellId	PortalSendingVisionQuestBranch3Stage2	4158
enum	SpellId	PortalSendingVisionQuestBranch4Stage2	4159
enum	SpellId	PortalSendingVisionQuestBranch5Stage2	4160
enum	SpellId	PortalSendingVisionQuestBranch1Stage3	4161
enum	SpellId	PortalSendingVisionQuestBranch2Stage3	4162
enum	SpellId	PortalSendingVisionQuestBranch3Stage3	4163
enum	SpellId	PortalSendingVisionQuestBranch4Stage3	4164
enum	SpellId	PortalSendingVisionQuestBranch5Stage3	4165
enum	SpellId	PortalSendingVisionQuestBranch1Stage4	4166
enum	SpellId	PortalSendingVisionQuestBranch2Stage4	4167
enum	SpellId	PortalSendingVisionQuestBranch3Stage4	4168
enum	SpellId	ArmorProdigalHarbinger	4169
enum	SpellId	HarbingerCantripCoordination3	4170
enum	SpellId	HarbingerCantripEndurance3	4171
enum	SpellId	HarbingerCantripFocus3	4172
enum	SpellId	HarbingerCantripQuickness3	4173
enum	SpellId	HarbingerCantripStrength3	4174
enum	SpellId	HarbingerCantripWillpower3	4175
enum	SpellId	PortalSendProdigalHarbinger	4176
enum	SpellId	PortalSendProdigalHarbingerPrepAcid	4177
enum	SpellId	PortalSendProdigalHarbingerPrepCold	4178
enum	SpellId	PortalSendProdigalHarbingerPrepFire	4179
enum	SpellId	PortalSendProdigalHarbingerPrepLightning	4180
enum	SpellId	AcidBoltEssenceDeath	4181
enum	SpellId	BallLightning	4182
enum	SpellId	CorrosiveVeil	4183
enum	SpellId	FlameBoltEssenceDeath	4184
enum	SpellId	FrostBoltEssenceDeath	4185
enum	SpellId	HoarFrost	4186
enum	SpellId	LightningBoltEssenceDeath	4187
enum	SpellId	ShadowedFlame	4188
enum	SpellId	HarbingerProtectionAcid	4189
enum	SpellId	HarbingerProtectionCold	4190
enum	SpellId	HarbingerProtectionFire	4191
enum	SpellId	HarbingerProtectionLightning	4192
enum	SpellId	HarbingerMagicDefense	4193
enum	SpellId	HarbingerMagicYield	4194
enum	SpellId	HarbingerMeleeDefense	4195
enum	SpellId	HarbingerMissileDefense	4196
enum	SpellId	HarbingerVulnerability	4197
enum	SpellId	InfestedAreaRecall	4198
enum	SpellId	FrozenArmor	4199
enum	SpellId	PortalZombieKeep	4200
enum	SpellId	ColdVulnerabilityNumbing	4201
enum	SpellId	FlameStreak7Untargeted	4202
enum	SpellId	PortalSendDarkCrypt1	4203
enum	SpellId	PortalSendDarkCrypt2	4204
enum	SpellId	PortalSendDarkCrypt3	4205
enum	SpellId	ChewyCenter	4206
enum	SpellId	PortalSendingColosseumBossGolemPumpkin	4207
enum	SpellId	SpectralFlame	4208
enum	SpellId	GummyShield	4209
enum	SpellId	JumpSpin	4210
enum	SpellId	LicoriceLeap	4211
enum	SpellId	StickyMelee	4212
enum	SpellId	RecallColosseum	4213
enum	SpellId	CandethKeepRecall	4214
enum	SpellId	ShadowArmor	4215
enum	SpellId	FrostWaveOrisis	4216
enum	SpellId	GourdGuard	4217
enum	SpellId	PortalSendKnockback	4218
enum	SpellId	PortalSendTrialoftheArm	4219
enum	SpellId	PortalSendTrialoftheHeart	4220
enum	SpellId	LifeMagicMasterySpectral	4221
enum	SpellId	PortalSendProdigalLugian	4222
enum	SpellId	PortalSendTrialFinalFight	4223
enum	SpellId	PortalSendTrialoftheMind	4224
enum	SpellId	PortalSendTrialPreperations	4225
enum	SpellId	CANTRIPENDURANCE3	4226
enum	SpellId	CANTRIPWILLPOWER3	4227
enum	SpellId	PortalSendAwakening	4228
enum	SpellId	PortalSendingApparitionBDC	4229
enum	SpellId	PortalSendBaelzharonDream	4230
enum	SpellId	LeadershipMasteryOtherIncantation	4231
enum	SpellId	CANTRIPLEADERSHIP3	4232
enum	SpellId	PortalRecallAerbaxPlatformCenter	4233
enum	SpellId	PortalRecallAerbaxPlatformEast	4234
enum	SpellId	PortalRecallAerbaxPlatformNorth	4235
enum	SpellId	PortalRecallAerbaxPlatformSouth	4236
enum	SpellId	PortalRecallAerbaxPlatformWest	4237
enum	SpellId	PortalSendAerbaxExpel	4238
enum	SpellId	AerbaxRingHarm	4239
enum	SpellId	AerbaxMagicShield	4240
enum	SpellId	AerbaxMagicShieldNull	4241
enum	SpellId	AerbaxMeleeShield	4242
enum	SpellId	AerbaxMeleeShieldNull	4243
enum	SpellId	AerbaxMissileShield	4244
enum	SpellId	AerbaxMissileShieldNull	4245
enum	SpellId	MeteorStrike	4246
enum	SpellId	PortalSendingTanadaBattleBurrows	4247
enum	SpellId	PortalSendingShroudCabalNorth80	4248
enum	SpellId	PortalSendingShroudCabalSouth40	4249
enum	SpellId	PortalSendAerbaxPlatform	4250
enum	SpellId	PortalSendJester	4251
enum	SpellId	PortalSendJesterCell	4252
enum	SpellId	PortalSendJesterCellRepeat	4253
enum	SpellId	PortalSendJesterHallwayTrap	4254
enum	SpellId	PortalSendJesterPrison	4255
enum	SpellId	RecallJester1	4256
enum	SpellId	RecallJester2	4257
enum	SpellId	RecallJester3	4258
enum	SpellId	RecallJester4	4259
enum	SpellId	RecallJester5	4260
enum	SpellId	RecallJester6	4261
enum	SpellId	RecallJester7	4262
enum	SpellId	RecallJester8	4263
enum	SpellId	ArcaneDeath	4264
enum	SpellId	ArcanePyramid	4265
enum	SpellId	JesterBloodBolt	4266
enum	SpellId	JesterCowArc	4267
enum	SpellId	JesterFireworksBolt	4268
enum	SpellId	JesterPresentArc	4269
enum	SpellId	JesterTableArc	4270
enum	SpellId	AcidWallJester	4271
enum	SpellId	BladeWallJester	4272
enum	SpellId	CoinWallJester	4273
enum	SpellId	FlameWallJester	4274
enum	SpellId	LightningWallJester	4275
enum	SpellId	JesterMalevolentEye	4276
enum	SpellId	PortalSendJesterPrison2	4277
enum	SpellId	PortalSendingRytheranLibrary	4278
enum	SpellId	UNKNOWN__GUESSEDNAME4279	4279
enum	SpellId	CoordinationJesterDeck	4280
enum	SpellId	FocusJesterDeck	4281
enum	SpellId	ArcaneDeathLeft	4282
enum	SpellId	ArcaneDeathRight	4283
enum	SpellId	AerbaxHarmSelfEast	4284
enum	SpellId	AerbaxHarmSelfFinalFight	4285
enum	SpellId	AerbaxHarmSelfNorth	4286
enum	SpellId	AerbaxHarmSelfSouth	4287
enum	SpellId	AerbaxHarmSelfWest	4288
enum	SpellId	MessagesBurPortalSending	4289
enum	SpellId	ArmorOther8	4290
enum	SpellId	ArmorSelf8	4291
enum	SpellId	BafflementOther8	4292
enum	SpellId	BafflementSelf8	4293
enum	SpellId	ClumsinessOther8	4294
enum	SpellId	ClumsinessSelf8	4295
enum	SpellId	CoordinationOther8	4296
enum	SpellId	CoordinationSelf8	4297
enum	SpellId	EnduranceOther8	4298
enum	SpellId	EnduranceSelf8	4299
enum	SpellId	EnfeebleOther8	4300
enum	SpellId	EnfeebleSelf8	4301
enum	SpellId	FeeblemindOther8	4302
enum	SpellId	FeeblemindSelf8	4303
enum	SpellId	FocusOther8	4304
enum	SpellId	FocusSelf8	4305
enum	SpellId	FrailtyOther8	4306
enum	SpellId	FrailtySelf8	4307
enum	SpellId	HarmOther8	4308
enum	SpellId	HarmSelf8	4309
enum	SpellId	HealOther8	4310
enum	SpellId	HealSelf8	4311
enum	SpellId	ImperilOther8	4312
enum	SpellId	ImperilSelf8	4313
enum	SpellId	ManaBoostOther8	4314
enum	SpellId	ManaBoostSelf8	4315
enum	SpellId	ManaDrainOther8	4316
enum	SpellId	ManaDrainSelf8	4317
enum	SpellId	QuicknessOther8	4318
enum	SpellId	QuicknessSelf8	4319
enum	SpellId	RevitalizeOther8	4320
enum	SpellId	RevitalizeSelf8	4321
enum	SpellId	SlownessOther8	4322
enum	SpellId	SlownessSelf8	4323
enum	SpellId	StrengthOther8	4324
enum	SpellId	StrengthSelf8	4325
enum	SpellId	WeaknessOther8	4326
enum	SpellId	WeaknessSelf8	4327
enum	SpellId	WillpowerOther8	4328
enum	SpellId	WillpowerSelf8	4329
enum	SpellId	DispelAllBadOther8	4330
enum	SpellId	DispelAllBadSelf8	4331
enum	SpellId	DispelAllGoodOther8	4332
enum	SpellId	DispelAllGoodSelf8	4333
enum	SpellId	DispelAllNeutralOther8	4334
enum	SpellId	DispelAllNeutralSelf8	4335
enum	SpellId	DispelCreatureBadOther8	4336
enum	SpellId	DispelCreatureBadSelf8	4337
enum	SpellId	DispelCreatureGoodOther8	4338
enum	SpellId	DispelCreatureGoodSelf8	4339
enum	SpellId	DispelCreatureNeutralOther8	4340
enum	SpellId	DispelCreatureNeutralSelf8	4341
enum	SpellId	DispelItemBadOther8	4342
enum	SpellId	DispelItemGoodOther8	4343
enum	SpellId	DispelItemNeutralOther8	4344
enum	SpellId	DispelLifeBadOther8	4345
enum	SpellId	DispelLifeBadSelf8	4346
enum	SpellId	DispelLifeGoodOther8	4347
enum	SpellId	DispelLifeGoodSelf8	4348
enum	SpellId	DispelLifeNeutralOther8	4349
enum	SpellId	DispelLifeNeutralSelf8	4350
enum	SpellId	CoordinationFellowship8	4351
enum	SpellId	EnduranceFellowship8	4352
enum	SpellId	FocusFellowship8	4353
enum	SpellId	QuicknessFellowship8	4354
enum	SpellId	SelfFellowship8	4355
enum	SpellId	StrengthFellowship8	4356
enum	SpellId	AcidProtectionFellowship8	4357
enum	SpellId	BladeProtectionFellowship8	4358
enum	SpellId	BludgeonProtectionFellowship8	4359
enum	SpellId	ColdProtectionFellowship8	4360
enum	SpellId	FireProtectionFellowship8	4361
enum	SpellId	LightningProtectionFellowship8	4362
enum	SpellId	PierceProtectionFellowship8	4363
enum	SpellId	ManaRenewalFellowship8	4364
enum	SpellId	RegenerationFellowship8	4365
enum	SpellId	RejuvenationFellowship8	4366
enum	SpellId	CreatureEnchantmentMasteryFellow8	4367
enum	SpellId	ImpregnabilityFellowship8	4368
enum	SpellId	InvulnerabilityFellowship8	4369
enum	SpellId	ItemEnchantmentMasteryFellow8	4370
enum	SpellId	LifeMagicMasteryFellow8	4371
enum	SpellId	MagicResistanceFellowship8	4372
enum	SpellId	ManaConversionMasteryFellow8	4373
enum	SpellId	WarMagicMasteryFellow8	4374
enum	SpellId	FireworkOutBlack8	4375
enum	SpellId	FireworkOutBlue8	4376
enum	SpellId	FireworkOutGreen8	4377
enum	SpellId	FireworkOutOrange8	4378
enum	SpellId	FireworkOutPurple8	4379
enum	SpellId	FireworkOutRed8	4380
enum	SpellId	FireworkOutWhite8	4381
enum	SpellId	FireworkOutYellow8	4382
enum	SpellId	FireworkUpBlack8	4383
enum	SpellId	FireworkUpBlue8	4384
enum	SpellId	FireworkUpGreen8	4385
enum	SpellId	FireworkUpOrange8	4386
enum	SpellId	FireworkUpPurple8	4387
enum	SpellId	FireworkUpRed8	4388
enum	SpellId	FireworkUpWhite8	4389
enum	SpellId	FireworkUpYellow8	4390
enum	SpellId	AcidBane8	4391
enum	SpellId	AcidLure8	4392
enum	SpellId	BladeBane8	4393
enum	SpellId	BladeLure8	4394
enum	SpellId	BloodDrinkerSelf8	4395
enum	SpellId	BloodLoather8	4396
enum	SpellId	BludgeonBane8	4397
enum	SpellId	BludgeonLure8	4398
enum	SpellId	Brittlemail8	4399
enum	SpellId	DefenderSelf8	4400
enum	SpellId	FlameBane8	4401
enum	SpellId	FlameLure8	4402
enum	SpellId	FrostBane8	4403
enum	SpellId	FrostLure8	4404
enum	SpellId	HeartSeekerSelf8	4405
enum	SpellId	HermeticVoid8	4406
enum	SpellId	Impenetrability8	4407
enum	SpellId	LeadenWeapon8	4408
enum	SpellId	LightningBane8	4409
enum	SpellId	LightningLure8	4410
enum	SpellId	LureBlade8	4411
enum	SpellId	PiercingBane8	4412
enum	SpellId	PiercingLure8	4413
enum	SpellId	SpiritDrinkerSelf8	4414
enum	SpellId	SpiritLoather8	4415
enum	SpellId	StrengthenLock8	4416
enum	SpellId	SwiftKillerSelf8	4417
enum	SpellId	HermeticLinkSelf8	4418
enum	SpellId	TurnBlade8	4419
enum	SpellId	WeakenLock8	4420
enum	SpellId	AcidArc8	4421
enum	SpellId	BladeArc8	4422
enum	SpellId	FlameArc8	4423
enum	SpellId	ForceArc8	4424
enum	SpellId	FrostArc8	4425
enum	SpellId	LightningArc8	4426
enum	SpellId	ShockArc8	4427
enum	SpellId	HealthBolt8	4428
enum	SpellId	ManaBolt8	4429
enum	SpellId	StaminaBolt8	4430
enum	SpellId	AcidBlast8	4431
enum	SpellId	AcidStreak8	4432
enum	SpellId	AcidStream8	4433
enum	SpellId	AcidVolley8	4434
enum	SpellId	BladeBlast8	4435
enum	SpellId	BladeVolley8	4436
enum	SpellId	BludgeoningVolley8	4437
enum	SpellId	FlameBlast8	4438
enum	SpellId	FlameBolt8	4439
enum	SpellId	FlameStreak8	4440
enum	SpellId	FlameVolley8	4441
enum	SpellId	ForceBlast8	4442
enum	SpellId	ForceBolt8	4443
enum	SpellId	ForceStreak8	4444
enum	SpellId	ForceVolley8	4445
enum	SpellId	FrostBlast8	4446
enum	SpellId	FrostBolt8	4447
enum	SpellId	FrostStreak8	4448
enum	SpellId	FrostVolley8	4449
enum	SpellId	LightningBlast8	4450
enum	SpellId	LightningBolt8	4451
enum	SpellId	LightningStreak8	4452
enum	SpellId	LightningVolley8	4453
enum	SpellId	ShockBlast8	4454
enum	SpellId	ShockWave8	4455
enum	SpellId	ShockwaveStreak8	4456
enum	SpellId	WhirlingBlade8	4457
enum	SpellId	WhirlingBladeStreak8	4458
enum	SpellId	AcidProtectionOther8	4459
enum	SpellId	AcidProtectionSelf8	4460
enum	SpellId	BladeProtectionOther8	4461
enum	SpellId	BladeProtectionSelf8	4462
enum	SpellId	BludgeonProtectionOther8	4463
enum	SpellId	BludgeonProtectionSelf8	4464
enum	SpellId	ColdProtectionOther8	4465
enum	SpellId	ColdProtectionSelf8	4466
enum	SpellId	FireProtectionOther8	4467
enum	SpellId	FireProtectionSelf8	4468
enum	SpellId	LightningProtectionOther8	4469
enum	SpellId	LightningProtectionSelf8	4470
enum	SpellId	PiercingProtectionOther8	4471
enum	SpellId	PiercingProtectionSelf8	4472
enum	SpellId	AcidVulnerabilityOther8	4473
enum	SpellId	AcidVulnerabilitySelf8	4474
enum	SpellId	BladeVulnerabilityOther8	4475
enum	SpellId	BladeVulnerabilitySelf8	4476
enum	SpellId	BludgeonVulnerabilityOther8	4477
enum	SpellId	BludgeonVulnerabilitySelf8	4478
enum	SpellId	ColdVulnerabilityOther8	4479
enum	SpellId	ColdVulnerabilitySelf8	4480
enum	SpellId	FireVulnerabilityOther8	4481
enum	SpellId	FireVulnerabilitySelf8	4482
enum	SpellId	LightningVulnerabilityOther8	4483
enum	SpellId	LightningVulnerabilitySelf8	4484
enum	SpellId	PiercingVulnerabilityOther8	4485
enum	SpellId	PiercingVulnerabilitySelf8	4486
enum	SpellId	ExhaustionOther8	4487
enum	SpellId	ExhaustionSelf8	4488
enum	SpellId	FesterOther8	4489
enum	SpellId	FesterSelf8	4490
enum	SpellId	ManaDepletionOther8	4491
enum	SpellId	ManaDepletionSelf8	4492
enum	SpellId	ManaRenewalOther8	4493
enum	SpellId	ManaRenewalSelf8	4494
enum	SpellId	RegenerationOther8	4495
enum	SpellId	RegenerationSelf8	4496
enum	SpellId	RejuvenationOther8	4497
enum	SpellId	RejuvenationSelf8	4498
enum	SpellId	ArcanumSalvagingSelf8	4499
enum	SpellId	ArcanumSalvagingOther8	4500
enum	SpellId	NuhmudirasWisdom8	4501
enum	SpellId	NuhmudirasWisdomOther8	4502
enum	SpellId	AlchemyIneptitudeOther8	4503
enum	SpellId	AlchemyIneptitudeSelf8	4504
enum	SpellId	AlchemyMasteryOther8	4505
enum	SpellId	AlchemyMasterySelf8	4506
enum	SpellId	ArcaneBenightednessOther8	4507
enum	SpellId	ArcaneBenightednessSelf8	4508
enum	SpellId	ArcaneEnlightenmentOther8	4509
enum	SpellId	ArcaneEnlightenmentSelf8	4510
enum	SpellId	ArmorExpertiseOther8	4511
enum	SpellId	ArmorExpertiseSelf8	4512
enum	SpellId	ArmorIgnoranceOther8	4513
enum	SpellId	ArmorIgnoranceSelf8	4514
enum	SpellId	LightWeaponsIneptitudeOther8	4515
enum	SpellId	LightWeaponsIneptitudeSelf8	4516
enum	SpellId	LightWeaponsMasteryOther8	4517
enum	SpellId	LightWeaponsMasterySelf8	4518
enum	SpellId	MissileWeaponsIneptitudeOther8	4519
enum	SpellId	MissileWeaponsIneptitudeSelf8	4520
enum	SpellId	MissileWeaponsMasteryOther8	4521
enum	SpellId	MissileWeaponsMasterySelf8	4522
enum	SpellId	CookingIneptitudeOther8	4523
enum	SpellId	CookingIneptitudeSelf8	4524
enum	SpellId	CookingMasteryOther8	4525
enum	SpellId	CookingMasterySelf8	4526
enum	SpellId	CreatureEnchantmentIneptitudeOther8	4527
enum	SpellId	CreatureEnchantmentIneptitudeSelf8	4528
enum	SpellId	CreatureEnchantmentMasteryOther8	4529
enum	SpellId	CreatureEnchantmentMasterySelf8	4530
enum	SpellId	CrossbowIneptitudeOther8	4531
enum	SpellId	CrossbowIneptitudeSelf8	4532
enum	SpellId	CrossbowMasteryOther8	4533
enum	SpellId	CrossbowMasterySelf8	4534
enum	SpellId	FinesseWeaponsIneptitudeOther8	4535
enum	SpellId	FinesseWeaponsIneptitudeSelf8	4536
enum	SpellId	FinesseWeaponsMasteryOther8	4537
enum	SpellId	FinesseWeaponsMasterySelf8	4538
enum	SpellId	DeceptionIneptitudeOther8	4539
enum	SpellId	DeceptionIneptitudeSelf8	4540
enum	SpellId	DeceptionMasteryOther8	4541
enum	SpellId	DeceptionMasterySelf8	4542
enum	SpellId	DefenselessnessOther8	4543
enum	SpellId	DefenselessnessSelf8	4544
enum	SpellId	FaithlessnessOther8	4545
enum	SpellId	FaithlessnessSelf8	4546
enum	SpellId	FealtyOther8	4547
enum	SpellId	FealtySelf8	4548
enum	SpellId	FletchingIneptitudeOther8	4549
enum	SpellId	FletchingIneptitudeSelf8	4550
enum	SpellId	FletchingMasteryOther8	4551
enum	SpellId	FletchingMasterySelf8	4552
enum	SpellId	HealingIneptitudeOther8	4553
enum	SpellId	HealingIneptitudeSelf8	4554
enum	SpellId	HealingMasteryOther8	4555
enum	SpellId	HealingMasterySelf8	4556
enum	SpellId	ImpregnabilityOther8	4557
enum	SpellId	ImpregnabilitySelf8	4558
enum	SpellId	InvulnerabilityOther8	4559
enum	SpellId	InvulnerabilitySelf8	4560
enum	SpellId	ItemEnchantmentIneptitudeOther8	4561
enum	SpellId	ItemEnchantmentIneptitudeSelf8	4562
enum	SpellId	ItemEnchantmentMasteryOther8	4563
enum	SpellId	ItemEnchantmentMasterySelf8	4564
enum	SpellId	ItemExpertiseOther8	4565
enum	SpellId	ItemExpertiseSelf8	4566
enum	SpellId	ItemIgnoranceOther8	4567
enum	SpellId	ItemIgnoranceSelf8	4568
enum	SpellId	JumpingIneptitudeOther8	4569
enum	SpellId	JumpingIneptitudeSelf8	4570
enum	SpellId	JumpingMasteryOther8	4571
enum	SpellId	JumpingMasterySelf8	4572
enum	SpellId	LeadenFeetOther8	4573
enum	SpellId	LeadenFeetSelf8	4574
enum	SpellId	LeadershipIneptitudeOther8	4575
enum	SpellId	LeadershipIneptitudeSelf8	4576
enum	SpellId	LeadershipMasteryOther8	4577
enum	SpellId	LeadershipMasterySelf8	4578
enum	SpellId	LifeMagicIneptitudeOther8	4579
enum	SpellId	LifeMagicIneptitudeSelf8	4580
enum	SpellId	LifeMagicMasteryOther8	4581
enum	SpellId	LifeMagicMasterySelf8	4582
enum	SpellId	LockpickIneptitudeOther8	4583
enum	SpellId	LockpickIneptitudeSelf8	4584
enum	SpellId	LockpickMasteryOther8	4585
enum	SpellId	LockpickMasterySelf8	4586
enum	SpellId	MaceIneptitudeOther8	4587
enum	SpellId	MaceIneptitudeSelf8	4588
enum	SpellId	MaceMasteryOther8	4589
enum	SpellId	MaceMasterySelf8	4590
enum	SpellId	MagicItemExpertiseOther8	4591
enum	SpellId	MagicItemExpertiseSelf8	4592
enum	SpellId	MagicItemIgnoranceOther8	4593
enum	SpellId	MagicItemIgnoranceSelf8	4594
enum	SpellId	MagicResistanceOther8	4595
enum	SpellId	MagicResistanceSelf8	4596
enum	SpellId	MagicYieldOther8	4597
enum	SpellId	MagicYieldSelf8	4598
enum	SpellId	ManaIneptitudeOther8	4599
enum	SpellId	ManaIneptitudeSelf8	4600
enum	SpellId	ManaMasteryOther8	4601
enum	SpellId	ManaMasterySelf8	4602
enum	SpellId	MonsterAttunementOther8	4603
enum	SpellId	MonsterAttunementSelf8	4604
enum	SpellId	MonsterUnfamiliarityOther8	4605
enum	SpellId	MonsterUnfamiliaritySelf8	4606
enum	SpellId	PersonAttunementOther8	4607
enum	SpellId	PersonAttunementSelf8	4608
enum	SpellId	PersonUnfamiliarityOther8	4609
enum	SpellId	PersonUnfamiliaritySelf8	4610
enum	SpellId	SpearIneptitudeOther8	4611
enum	SpellId	SpearIneptitudeSelf8	4612
enum	SpellId	SpearMasteryOther8	4613
enum	SpellId	SpearMasterySelf8	4614
enum	SpellId	SprintOther8	4615
enum	SpellId	SprintSelf8	4616
enum	SpellId	StaffIneptitudeOther8	4617
enum	SpellId	StaffIneptitudeSelf8	4618
enum	SpellId	StaffMasteryOther8	4619
enum	SpellId	StaffMasterySelf8	4620
enum	SpellId	HeavyWeaponsIneptitudeOther8	4621
enum	SpellId	HeavyWeaponsIneptitudeSelf8	4622
enum	SpellId	HeavyWeaponsMasteryOther8	4623
enum	SpellId	HeavyWeaponsMasterySelf8	4624
enum	SpellId	ThrownWeaponIneptitudeOther8	4625
enum	SpellId	ThrownWeaponIneptitudeSelf8	4626
enum	SpellId	ThrownWeaponMasteryOther8	4627
enum	SpellId	ThrownWeaponMasterySelf8	4628
enum	SpellId	UnarmedCombatIneptitudeOther8	4629
enum	SpellId	UnarmedCombatMasteryOther8	4630
enum	SpellId	UnarmedCombatMasterySelf8	4631
enum	SpellId	UnarmedCombatIneptitudeSelf8	4632
enum	SpellId	VulnerabilityOther8	4633
enum	SpellId	VulnerabilitySelf8	4634
enum	SpellId	WarMagicIneptitudeOther8	4635
enum	SpellId	WarMagicIneptitudeSelf8	4636
enum	SpellId	WarMagicMasteryOther8	4637
enum	SpellId	WarMagicMasterySelf8	4638
enum	SpellId	WeaponExpertiseOther8	4639
enum	SpellId	WeaponExpertiseSelf8	4640
enum	SpellId	WeaponIgnoranceOther8	4641
enum	SpellId	WeaponIgnoranceSelf8	4642
enum	SpellId	DrainHealth8	4643
enum	SpellId	DrainMana8	4644
enum	SpellId	DrainStamina8	4645
enum	SpellId	HealthToManaOther8	4646
enum	SpellId	HealthToManaSelf8	4647
enum	SpellId	HealthToStaminaOther8	4648
enum	SpellId	HealthToStaminaSelf8	4649
enum	SpellId	InfuseHealth8	4650
enum	SpellId	InfuseMana8	4651
enum	SpellId	InfuseStamina8	4652
enum	SpellId	ManaToHealthOther8	4653
enum	SpellId	ManaToHealthSelf8	4654
enum	SpellId	ManaToStaminaOther8	4655
enum	SpellId	ManaToStaminaSelf8	4656
enum	SpellId	StaminaToHealthOther8	4657
enum	SpellId	StaminaToHealthSelf8	4658
enum	SpellId	StaminaToManaOther8	4659
enum	SpellId	CANTRIPACIDBANE3	4660
enum	SpellId	CANTRIPBLOODTHIRST3	4661
enum	SpellId	CANTRIPBLUDGEONINGBANE3	4662
enum	SpellId	CANTRIPDEFENDER3	4663
enum	SpellId	CANTRIPFLAMEBANE3	4664
enum	SpellId	CANTRIPFROSTBANE3	4665
enum	SpellId	CANTRIPHEARTTHIRST3	4666
enum	SpellId	CANTRIPIMPENETRABILITY3	4667
enum	SpellId	CANTRIPPIERCINGBANE3	4668
enum	SpellId	CANTRIPSLASHINGBANE3	4669
enum	SpellId	CANTRIPSPIRITTHIRST3	4670
enum	SpellId	CANTRIPSTORMBANE3	4671
enum	SpellId	CANTRIPSWIFTHUNTER3	4672
enum	SpellId	CANTRIPACIDWARD3	4673
enum	SpellId	CANTRIPBLUDGEONINGWARD3	4674
enum	SpellId	CANTRIPFLAMEWARD3	4675
enum	SpellId	CANTRIPFROSTWARD3	4676
enum	SpellId	CANTRIPPIERCINGWARD3	4677
enum	SpellId	CANTRIPSLASHINGWARD3	4678
enum	SpellId	CANTRIPSTORMWARD3	4679
enum	SpellId	CANTRIPHEALTHGAIN3	4680
enum	SpellId	CANTRIPMANAGAIN3	4681
enum	SpellId	CANTRIPSTAMINAGAIN3	4682
enum	SpellId	CANTRIPALCHEMICALPROWESS3	4683
enum	SpellId	CANTRIPARCANEPROWESS3	4684
enum	SpellId	CANTRIPARMOREXPERTISE3	4685
enum	SpellId	CANTRIPLIGHTWEAPONSAPTITUDE3	4686
enum	SpellId	CANTRIPMISSILEWEAPONSAPTITUDE3	4687
enum	SpellId	CANTRIPCOOKINGPROWESS3	4688
enum	SpellId	CANTRIPCREATUREENCHANTMENTAPTITUDE3	4689
enum	SpellId	CANTRIPCROSSBOWAPTITUDE3	4690
enum	SpellId	CANTRIPFINESSEWEAPONSAPTITUDE3	4691
enum	SpellId	CANTRIPFEALTY3	4692
enum	SpellId	CANTRIPFLETCHINGPROWESS3	4693
enum	SpellId	CANTRIPHEALINGPROWESS3	4694
enum	SpellId	CANTRIPIMPREGNABILITY3	4695
enum	SpellId	CANTRIPINVULNERABILITY3	4696
enum	SpellId	CANTRIPITEMENCHANTMENTAPTITUDE3	4697
enum	SpellId	CANTRIPITEMEXPERTISE3	4698
enum	SpellId	CANTRIPJUMPINGPROWESS3	4699
enum	SpellId	CANTRIPLIFEMAGICAPTITUDE3	4700
enum	SpellId	CANTRIPLOCKPICKPROWESS3	4701
enum	SpellId	CANTRIPMACEAPTITUDE3	4702
enum	SpellId	CANTRIPMAGICITEMEXPERTISE3	4703
enum	SpellId	CANTRIPMAGICRESISTANCE3	4704
enum	SpellId	CANTRIPMANACONVERSIONPROWESS3	4705
enum	SpellId	CANTRIPMONSTERATTUNEMENT3	4706
enum	SpellId	CANTRIPPERSONATTUNEMENT3	4707
enum	SpellId	CANTRIPSALVAGING3	4708
enum	SpellId	CANTRIPSPEARAPTITUDE3	4709
enum	SpellId	CANTRIPSPRINT3	4710
enum	SpellId	CANTRIPSTAFFAPTITUDE3	4711
enum	SpellId	CANTRIPHEAVYWEAPONSAPTITUDE3	4712
enum	SpellId	CANTRIPTHROWNAPTITUDE3	4713
enum	SpellId	CANTRIPUNARMEDAPTITUDE3	4714
enum	SpellId	CANTRIPWARMAGICAPTITUDE3	4715
enum	SpellId	BurningCurse	4716
enum	SpellId	PortalSendingUlgrimSkyHigh	4717
enum	SpellId	PortalSendingCHDSStage1	4718
enum	SpellId	PortalSendingCHDSStage2	4719
enum	SpellId	PortalSendingCHDSStage3	4720
enum	SpellId	PortalSendingFreebooterIsle	4721
enum	SpellId	DoTHealthOther1	4722
enum	SpellId	DoTHealthSelf1	4723
enum	SpellId	PortalSendMoarsmenCity	4724
enum	SpellId	PortalSendMoarsmenCitySclavusPit	4725
enum	SpellId	MoarsmanPoison1	4726
enum	SpellId	MoarsmanPoison2	4727
enum	SpellId	MoarsmanPoison3	4728
enum	SpellId	PortalSendingMasterGateway	4729
enum	SpellId	SetCoordination1	4730
enum	SpellId	SetCoordination2	4731
enum	SpellId	SetCoordination3	4732
enum	SpellId	SetCoordination4	4733
enum	SpellId	SetEndurance1	4734
enum	SpellId	SetEndurance2	4735
enum	SpellId	SetEndurance3	4736
enum	SpellId	SetEndurance4	4737
enum	SpellId	SetFocus1	4738
enum	SpellId	SetFocus2	4739
enum	SpellId	SetFocus3	4740
enum	SpellId	SetFocus4	4741
enum	SpellId	SetQuickness1	4742
enum	SpellId	SetQuickness2	4743
enum	SpellId	SetQuickness3	4744
enum	SpellId	SetQuickness4	4745
enum	SpellId	SetStrength1	4746
enum	SpellId	SetStrength2	4747
enum	SpellId	SetStrength3	4748
enum	SpellId	SetStrength4	4749
enum	SpellId	SetWillpower1	4750
enum	SpellId	SetWillpower2	4751
enum	SpellId	SetWillpower3	4752
enum	SpellId	SetWillpower4	4753
enum	SpellId	SetHealth2	4754
enum	SpellId	SetHealth3	4755
enum	SpellId	SetMana2	4756
enum	SpellId	SetMana3	4757
enum	SpellId	SetStamina2	4758
enum	SpellId	SetStamina3	4759
enum	SpellId	SetAcidResistance1	4760
enum	SpellId	SetAcidResistance2	4761
enum	SpellId	SetAcidResistance3	4762
enum	SpellId	SetAcidResistance4	4763
enum	SpellId	SetBludgeonResistance1	4764
enum	SpellId	SetBludgeonResistance2	4765
enum	SpellId	SetBludgeonResistance3	4766
enum	SpellId	SetBludgeonResistance4	4767
enum	SpellId	SetFlameResistance1	4768
enum	SpellId	SetFlameResistance2	4769
enum	SpellId	SetFlameResistance3	4770
enum	SpellId	SetFlameResistance4	4771
enum	SpellId	SetFrostResistance1	4772
enum	SpellId	SetFrostResistance2	4773
enum	SpellId	SetFrostResistance3	4774
enum	SpellId	SetFrostResistance4	4775
enum	SpellId	SetLightningResistance1	4776
enum	SpellId	SetLightningResistance2	4777
enum	SpellId	SetLightningResistance3	4778
enum	SpellId	SetLightningResistance4	4779
enum	SpellId	SetPierceResistance1	4780
enum	SpellId	SetPierceResistance2	4781
enum	SpellId	SetPierceResistance3	4782
enum	SpellId	SetPierceResistance4	4783
enum	SpellId	SetSlashingResistance1	4784
enum	SpellId	SetSlashingResistance2	4785
enum	SpellId	SetSlashingResistance3	4786
enum	SpellId	SetSlashingResistance4	4787
enum	SpellId	SetAlchemyAptitude1	4788
enum	SpellId	SetAlchemyAptitude2	4789
enum	SpellId	SetAlchemyAptitude3	4790
enum	SpellId	SetAlchemyAptitude4	4791
enum	SpellId	SetArmorExpertiseAptitude1	4792
enum	SpellId	SetArmorExpertiseAptitude2	4793
enum	SpellId	SetArmorExpertiseAptitude3	4794
enum	SpellId	SetArmorExpertiseAptitude4	4795
enum	SpellId	SetAxeAptitude1	4796
enum	SpellId	SetAxeAptitude2	4797
enum	SpellId	SetAxeAptitude3	4798
enum	SpellId	SetAxeAptitude4	4799
enum	SpellId	SetBowAptitude1	4800
enum	SpellId	SetBowAptitude2	4801
enum	SpellId	SetBowAptitude3	4802
enum	SpellId	SetBowAptitude4	4803
enum	SpellId	SetCookingAptitude1	4804
enum	SpellId	SetCookingAptitude2	4805
enum	SpellId	SetCookingAptitude3	4806
enum	SpellId	SetCookingAptitude4	4807
enum	SpellId	SetCreatureEnchantmentAptitude1	4808
enum	SpellId	SetCreatureEnchantmentAptitude2	4809
enum	SpellId	SetCreatureEnchantmentAptitude3	4810
enum	SpellId	SetCreatureEnchantmentAptitude4	4811
enum	SpellId	SetCrossbowAptitude1	4812
enum	SpellId	SetCrossbowAptitude2	4813
enum	SpellId	SetCrossbowAptitude3	4814
enum	SpellId	SetCrossbowAptitude4	4815
enum	SpellId	SetDaggerAptitude1	4816
enum	SpellId	SetDaggerAptitude2	4817
enum	SpellId	SetDaggerAptitude3	4818
enum	SpellId	SetDaggerAptitude4	4819
enum	SpellId	SetFletchingAptitude1	4820
enum	SpellId	SetFletchingAptitude2	4821
enum	SpellId	SetFletchingAptitude3	4822
enum	SpellId	SetFletchingAptitude4	4823
enum	SpellId	SetItemEnchantmentAptitude1	4824
enum	SpellId	SetItemEnchantmentAptitude2	4825
enum	SpellId	SetItemEnchantmentAptitude3	4826
enum	SpellId	SetItemEnchantmentAptitude4	4827
enum	SpellId	SetItemExpertiseAptitude1	4828
enum	SpellId	SetItemExpertiseAptitude2	4829
enum	SpellId	SetItemExpertiseAptitude3	4830
enum	SpellId	SetItemExpertiseAptitude4	4831
enum	SpellId	SetJumpingAptitude1	4832
enum	SpellId	SetJumpingAptitude2	4833
enum	SpellId	SetJumpingAptitude3	4834
enum	SpellId	SetJumpingAptitude4	4835
enum	SpellId	SetLifeMagicAptitude1	4836
enum	SpellId	SetLifeMagicAptitude2	4837
enum	SpellId	SetLifeMagicAptitude3	4838
enum	SpellId	SetLifeMagicAptitude4	4839
enum	SpellId	SetLockpickAptitude1	4840
enum	SpellId	SetLockpickAptitude2	4841
enum	SpellId	SetLockpickAptitude3	4842
enum	SpellId	SetLockpickAptitude4	4843
enum	SpellId	SetLoyaltyAptitude1	4844
enum	SpellId	SetLoyaltyAptitude2	4845
enum	SpellId	SetMaceAptitude1	4846
enum	SpellId	SetMaceAptitude2	4847
enum	SpellId	SetMaceAptitude3	4848
enum	SpellId	SetMaceAptitude4	4849
enum	SpellId	SetMagicDefenseAptitude1	4850
enum	SpellId	SetMagicDefenseAptitude2	4851
enum	SpellId	SetMagicDefenseAptitude3	4852
enum	SpellId	SetMagicDefenseAptitude4	4853
enum	SpellId	SetMagicItemExpertiseAptitude1	4854
enum	SpellId	SetMagicItemExpertiseAptitude2	4855
enum	SpellId	SetMagicItemExpertiseAptitude3	4856
enum	SpellId	SetMagicItemExpertiseAptitude4	4857
enum	SpellId	SetMeleeDefenseAptitude1	4858
enum	SpellId	SetMeleeDefenseAptitude2	4859
enum	SpellId	SetMeleeDefenseAptitude3	4860
enum	SpellId	SetMeleeDefenseAptitude4	4861
enum	SpellId	SetMissileDefenseAptitude1	4862
enum	SpellId	SetMissileDefenseAptitude2	4863
enum	SpellId	SetMissileDefenseAptitude3	4864
enum	SpellId	SetMissileDefenseAptitude4	4865
enum	SpellId	SetSalvagingAptitude1	4866
enum	SpellId	SetSalvagingAptitude2	4867
enum	SpellId	SetSpearAptitude1	4868
enum	SpellId	SetSpearAptitude2	4869
enum	SpellId	SetSpearAptitude3	4870
enum	SpellId	SetSpearAptitude4	4871
enum	SpellId	SetSprintAptitude1	4872
enum	SpellId	SetSprintAptitude2	4873
enum	SpellId	SetSprintAptitude3	4874
enum	SpellId	SetSprintAptitude4	4875
enum	SpellId	SetStaffAptitude1	4876
enum	SpellId	SetStaffAptitude2	4877
enum	SpellId	SetStaffAptitude3	4878
enum	SpellId	SetStaffAptitude4	4879
enum	SpellId	SetSwordAptitude1	4880
enum	SpellId	SetSwordAptitude2	4881
enum	SpellId	SetSwordAptitude3	4882
enum	SpellId	SetSwordAptitude4	4883
enum	SpellId	SetThrownAptitude1	4884
enum	SpellId	SetThrownAptitude2	4885
enum	SpellId	SetThrownAptitude3	4886
enum	SpellId	SetThrownAptitude4	4887
enum	SpellId	SetUnarmedAptitude1	4888
enum	SpellId	SetUnarmedAptitude2	4889
enum	SpellId	SetUnarmedAptitude3	4890
enum	SpellId	SetUnarmedAptitude4	4891
enum	SpellId	SetWarMagicAptitude1	4892
enum	SpellId	SetWarMagicAptitude2	4893
enum	SpellId	SetWarMagicAptitude3	4894
enum	SpellId	SetWarMagicAptitude4	4895
enum	SpellId	SetWeaponExpertiseAptitude1	4896
enum	SpellId	SetWeaponExpertiseAptitude2	4897
enum	SpellId	SetWeaponExpertiseAptitude3	4898
enum	SpellId	SetWeaponExpertiseAptitude4	4899
enum	SpellId	SetSocietyAttributeAll1	4900
enum	SpellId	SetSocietyAttributeAll2	4901
enum	SpellId	SetSocietyAttributeAll3	4902
enum	SpellId	SetSocietyAttributeAll4	4903
enum	SpellId	SetSocietyAttributeAll5	4904
enum	SpellId	SetRejuvenation1	4905
enum	SpellId	SetRejuvenation2	4906
enum	SpellId	RecallCelestialHand	4907
enum	SpellId	RecallEldrytchWeb	4908
enum	SpellId	RecallRadiantBlood	4909
enum	SpellId	HarmRaiderTag	4910
enum	SpellId	CANTRIPARMOR3	4911
enum	SpellId	CANTRIPWEAPONEXPERTISE3	4912
enum	SpellId	PortalSendingNodePyramidAerlinthe	4913
enum	SpellId	PortalSendingNodePyramidAerlintheExit	4914
enum	SpellId	PortalSendingNodePyramidAmun	4915
enum	SpellId	PortalSendingNodePyramidAmunExit	4916
enum	SpellId	PortalSendingNodePyramidEsper	4917
enum	SpellId	PortalSendingNodePyramidEsperExit	4918
enum	SpellId	PortalSendingNodePyramidHalaetan	4919
enum	SpellId	PortalSendingNodePyramidHalaetanExit	4920
enum	SpellId	PortalSendingNodePyramidLinvak	4921
enum	SpellId	PortalSendingNodePyramidLinvakExit	4922
enum	SpellId	PortalSendingNodePyramidObsidian	4923
enum	SpellId	PortalSendingNodePyramidObsidianExit	4924
enum	SpellId	Dance	4925
enum	SpellId	TthuunSmite	4926
enum	SpellId	AcidStream8Spellpower300	4927
enum	SpellId	AcidStream8Spellpower350	4928
enum	SpellId	MiniArcaneDeath	4929
enum	SpellId	MiniFireball1	4930
enum	SpellId	MiniFireball2	4931
enum	SpellId	MiniFireball3	4932
enum	SpellId	MiniIceball1	4933
enum	SpellId	MiniIceball2	4934
enum	SpellId	MiniIceball3	4935
enum	SpellId	MiniArrow1	4936
enum	SpellId	MiniArrow2	4937
enum	SpellId	MiniArrow3	4938
enum	SpellId	MiniUber	4939
enum	SpellId	MiniRing1	4940
enum	SpellId	MiniRing2	4941
enum	SpellId	MiniRing3	4942
enum	SpellId	MiniFireball4	4943
enum	SpellId	MiniIceball4	4944
enum	SpellId	MiniArrow4	4945
enum	SpellId	MiniRing4	4946
enum	SpellId	MiniArcaneDeath2	4947
enum	SpellId	MiniArcaneDeath3	4948
enum	SpellId	MiniArcaneDeath4	4949
enum	SpellId	PortalTowerDefenseRB	4950
enum	SpellId	PortalTowerDefenseCH	4951
enum	SpellId	PortalTowerDefenseEW	4952
enum	SpellId	PortalSendingLostPortalTest	4953
enum	SpellId	PortalSendingCrystallineCrag	4954
enum	SpellId	PortalSendingLostPortalTestRare	4955
enum	SpellId	PortalSendingTanadaScrollsToSanctum	4956
enum	SpellId	PortalSendingTanadaScrollsReturn	4957
enum	SpellId	RockslidegreaterXBow	4958
enum	SpellId	RockslidelesserBow	4959
enum	SpellId	RockslidelesserTW	4960
enum	SpellId	RockslidelesserXBow	4961
enum	SpellId	RockslideTW	4962
enum	SpellId	RockslideXBow	4963
enum	SpellId	RockslideBow	4964
enum	SpellId	RockslidegreaterBow	4965
enum	SpellId	RockslidegreaterTW	4966
enum	SpellId	cleansingring	4967
enum	SpellId	BowmansBoon3	4968
enum	SpellId	ChuckersBoon3	4969
enum	SpellId	CrossbowmansBoon3	4970
enum	SpellId	EnchantersBoon3	4971
enum	SpellId	HieromancersBoon3	4972
enum	SpellId	KnifersBoon3	4973
enum	SpellId	LifeGiversBoon3	4974
enum	SpellId	MacersBoon3	4975
enum	SpellId	PugilistsBoon3	4976
enum	SpellId	SpearmansBoon3	4977
enum	SpellId	StafferBoon3	4978
enum	SpellId	SwordsmansBoon3	4979
enum	SpellId	AxemansBoon3	4980
enum	SpellId	StaminaToManaSelf8	4981
enum	SpellId	LockpickBonus5	4982
enum	SpellId	AlchemyBonus5	4983
enum	SpellId	CookingBonus5	4984
enum	SpellId	FletchingBonus5	4985
enum	SpellId	AlchemyPercentBoost1	4986
enum	SpellId	olthoiSpit	4987
enum	SpellId	PortalTunnelOut	4988
enum	SpellId	PortalSendingAssassinsRoost1	4989
enum	SpellId	PortalSendingAssassinsRoost2	4990
enum	SpellId	PortalSendingAssassinsRoost3	4991
enum	SpellId	PortalSendingAssassinsRoost4	4992
enum	SpellId	PortalSendingPKDungeon	4993
enum	SpellId	PortalSendingAssassinsRoost5	4994
enum	SpellId	PortalSendingPKDungeonTwo	4995
enum	SpellId	PortalSendingPKDungeonThree	4996
enum	SpellId	PortalSendingPKDungeonFour	4997
enum	SpellId	ArenaStamina	4998
enum	SpellId	ArenaHealth	4999
enum	SpellId	ArenaMana	5000
enum	SpellId	PiercingProtectionOtherArena	5001
enum	SpellId	AcidProtectionOtherArena	5002
enum	SpellId	BladeProtectionOtherArena	5003
enum	SpellId	BludgeonProtectionOtherArena	5004
enum	SpellId	ColdProtectionOtherArena	5005
enum	SpellId	FireProtectionOtherArena	5006
enum	SpellId	LightningProtectionOtherArena	5007
enum	SpellId	PortalSendingApostateNexus	5008
enum	SpellId	AerfallesWardGreater	5009
enum	SpellId	PortalSendingAerfalleSanctum	5010
enum	SpellId	HarmOtherGeomanticRaze	5011
enum	SpellId	PortalSendingLostPortalMar	5012
enum	SpellId	PortalSendingLostPortaMay	5013
enum	SpellId	PortalSendingLostPortaApr	5014
enum	SpellId	PortalSendingLostPortalFeb	5015
enum	SpellId	PortalSendingLostPortaAlive	5016
enum	SpellId	PortalSendingLostPortaDead	5017
enum	SpellId	PortalDesperadoStory	5018
enum	SpellId	PortalSendingLostPortalFrost	5019
enum	SpellId	PortalSendingLostPortalLightning	5020
enum	SpellId	PortalSendingLostPortalAcid	5021
enum	SpellId	PortalSendingLostPortalFire	5022
enum	SpellId	TwoHandedMasterySpectral	5023
enum	SpellId	GearCraftMasterySpectral	5024
enum	SpellId	GearCraftMasteryRare	5025
enum	SpellId	TwoHandedMasteryRare	5026
enum	SpellId	CascadeTwoHandedGreater	5027
enum	SpellId	CascadeTwoHandedLesser	5028
enum	SpellId	CascadeTwoHanded	5029
enum	SpellId	TwoHandedBoon	5030
enum	SpellId	TwoHandedBoon3	5031
enum	SpellId	TwoHandedMasterySelf8	5032
enum	SpellId	CANTRIPGEARCRAFTAPTITUDE3	5033
enum	SpellId	CANTRIPTWOHANDEDAPTITUDE3	5034
enum	SpellId	FeebleGearCraftAptitude	5035
enum	SpellId	FeebleTwoHandedAptitude	5036
enum	SpellId	GearcraftIneptitude1	5037
enum	SpellId	GearcraftIneptitude2	5038
enum	SpellId	GearcraftIneptitude3	5039
enum	SpellId	GearcraftIneptitude4	5040
enum	SpellId	GearcraftIneptitude5	5041
enum	SpellId	GearcraftIneptitude6	5042
enum	SpellId	GearcraftIneptitude7	5043
enum	SpellId	GearcraftIneptitude8	5044
enum	SpellId	GearcraftIneptitudeSelf1	5045
enum	SpellId	GearcraftIneptitudeSelf2	5046
enum	SpellId	GearcraftIneptitudeSelf3	5047
enum	SpellId	GearcraftIneptitudeSelf4	5048
enum	SpellId	GearcraftIneptitudeSelf5	5049
enum	SpellId	GearcraftIneptitudeSelf6	5050
enum	SpellId	GearcraftIneptitudeSelf7	5051
enum	SpellId	GearcraftIneptitudeSelf8	5052
enum	SpellId	GearcraftMastery1	5053
enum	SpellId	GearcraftMastery2	5054
enum	SpellId	GearcraftMastery3	5055
enum	SpellId	GearcraftMastery4	5056
enum	SpellId	GearcraftMastery5	5057
enum	SpellId	GearcraftMastery6	5058
enum	SpellId	GearcraftMastery7	5059
enum	SpellId	GearcraftMastery8	5060
enum	SpellId	GearcraftMasterySelf1	5061
enum	SpellId	GearcraftMasterySelf2	5062
enum	SpellId	GearcraftMasterySelf3	5063
enum	SpellId	GearcraftMasterySelf4	5064
enum	SpellId	GearcraftMasterySelf5	5065
enum	SpellId	GearcraftMasterySelf6	5066
enum	SpellId	GearcraftMasterySelf7	5067
enum	SpellId	GearcraftMasterySelf8	5068
enum	SpellId	CANTRIPGEARCRAFTAPTITUDE2	5069
enum	SpellId	CANTRIPTWOHANDEDAPTITUDE2	5070
enum	SpellId	CANTRIPGEARCRAFTAPTITUDE1	5071
enum	SpellId	CANTRIPTWOHANDEDAPTITUDE1	5072
enum	SpellId	ModerateGearCraftAptitude	5073
enum	SpellId	ModerateTwoHandedAptitude	5074
enum	SpellId	TwoHandedIneptitude1	5075
enum	SpellId	TwoHandedIneptitude2	5076
enum	SpellId	TwoHandedIneptitude3	5077
enum	SpellId	TwoHandedIneptitude4	5078
enum	SpellId	TwoHandedIneptitude5	5079
enum	SpellId	TwoHandedIneptitude6	5080
enum	SpellId	TwoHandedIneptitude7	5081
enum	SpellId	TwoHandedIneptitude8	5082
enum	SpellId	TwoHandedIneptitudeSelf1	5083
enum	SpellId	TwoHandedIneptitudeSelf2	5084
enum	SpellId	TwoHandedIneptitudeSelf3	5085
enum	SpellId	TwoHandedIneptitudeSelf4	5086
enum	SpellId	TwoHandedIneptitudeSelf5	5087
enum	SpellId	TwoHandedIneptitudeSelf6	5088
enum	SpellId	TwoHandedIneptitudeSelf7	5089
enum	SpellId	TwoHandedIneptitudeSelf8	5090
enum	SpellId	TwoHandedMasteryOther1	5091
enum	SpellId	TwoHandedMasteryOther2	5092
enum	SpellId	TwoHandedMasteryOther3	5093
enum	SpellId	TwoHandedMasteryOther4	5094
enum	SpellId	TwoHandedMasteryOther5	5095
enum	SpellId	TwoHandedMasteryOther6	5096
enum	SpellId	TwoHandedMasteryOther7	5097
enum	SpellId	TwoHandedMasteryOther8	5098
enum	SpellId	TwoHandedMasterySelf1	5099
enum	SpellId	TwoHandedMasterySelf2	5100
enum	SpellId	TwoHandedMasterySelf3	5101
enum	SpellId	TwoHandedMasterySelf4	5102
enum	SpellId	TwoHandedMasterySelf5	5103
enum	SpellId	TwoHandedMasterySelf6	5104
enum	SpellId	TwoHandedMasterySelf7	5105
enum	SpellId	SetGearCraftAptitude4	5106
enum	SpellId	SetTwoHandedAptitude1	5107
enum	SpellId	SetTwoHandedAptitude2	5108
enum	SpellId	SetTwoHandedAptitude3	5109
enum	SpellId	SetTwoHandedAptitude4	5110
enum	SpellId	SetGearCraftAptitude1	5111
enum	SpellId	SetGearCraftAptitude2	5112
enum	SpellId	SetGearCraftAptitude3	5113
enum	SpellId	ExposeWeakness8	5114
enum	SpellId	ExposeWeakness1	5115
enum	SpellId	ExposeWeakness2	5116
enum	SpellId	ExposeWeakness3	5117
enum	SpellId	ExposeWeakness4	5118
enum	SpellId	ExposeWeakness5	5119
enum	SpellId	ExposeWeakness6	5120
enum	SpellId	ExposeWeakness7	5121
enum	SpellId	CallOfLeadership5	5122
enum	SpellId	AnswerOfLoyaltyMana1	5123
enum	SpellId	AnswerOfLoyaltyMana2	5124
enum	SpellId	AnswerOfLoyaltyMana3	5125
enum	SpellId	AnswerOfLoyaltyMana4	5126
enum	SpellId	AnswerOfLoyaltyMana5	5127
enum	SpellId	AnswerOfLoyaltyStam1	5128
enum	SpellId	AnswerOfLoyaltyStam2	5129
enum	SpellId	AnswerOfLoyaltyStam3	5130
enum	SpellId	AnswerOfLoyaltyStam4	5131
enum	SpellId	AnswerOfLoyaltyStam5	5132
enum	SpellId	CallOfLeadership1	5133
enum	SpellId	CallOfLeadership2	5134
enum	SpellId	CallOfLeadership3	5135
enum	SpellId	CallOfLeadership4	5136
enum	SpellId	TrinketXPBoost3	5137
enum	SpellId	TrinketDamageBoost1	5138
enum	SpellId	TrinketDamageBoost2	5139
enum	SpellId	TrinketDamageBoost3	5140
enum	SpellId	TrinketDamageReduction1	5141
enum	SpellId	TrinketDamageReduction2	5142
enum	SpellId	TrinketDamageReduction3	5143
enum	SpellId	TrinketHealth1	5144
enum	SpellId	TrinketHealth2	5145
enum	SpellId	TrinketHealth3	5146
enum	SpellId	TrinketMana1	5147
enum	SpellId	TrinketMana2	5148
enum	SpellId	TrinketMana3	5149
enum	SpellId	TrinketStamina1	5150
enum	SpellId	TrinketStamina2	5151
enum	SpellId	TrinketStamina3	5152
enum	SpellId	TrinketXPBoost1	5153
enum	SpellId	TrinketXPBoost2	5154
enum	SpellId	DeceptionArcane4	5155
enum	SpellId	DeceptionArcane5	5156
enum	SpellId	DeceptionArcane1	5157
enum	SpellId	DeceptionArcane2	5158
enum	SpellId	DeceptionArcane3	5159
enum	SpellId	PortalMhoireCastle	5160
enum	SpellId	PortalMhoireCastleGreatHall	5161
enum	SpellId	PortalMhoireCastleNortheast	5162
enum	SpellId	PortalMhoireCastleNorthwest	5163
enum	SpellId	PortalMhoireCastleSoutheast	5164
enum	SpellId	PortalMhoireCastleSouthwest	5165
enum	SpellId	FlamingSkullTrap	5166
enum	SpellId	PortalMhoireCastleExit	5167
enum	SpellId	SpectralFountain_PortalFreefall	5168
enum	SpellId	SpectralFountain_PortalMaze1	5169
enum	SpellId	SpectralFountain_PortalMaze2	5170
enum	SpellId	SpectralFountain_HoT	5171
enum	SpellId	SpectralFountain_DoT	5172
enum	SpellId	SpectralFountain_HealDebuff	5173
enum	SpellId	SpectralFountain_DamageBoost	5174
enum	SpellId	PortalSendHubNPE	5175
enum	SpellId	PortalCHSocietyAug	5176
enum	SpellId	PortalRBSocietyAug	5177
enum	SpellId	PortalEWSocietyAug	5178
enum	SpellId	PortalCHSocietyAugTwo	5179
enum	SpellId	PortalRBSocietyAugTwo	5180
enum	SpellId	PortalEWSocietyAugTwo	5181
enum	SpellId	SpiritDrinker8Cast	5182
enum	SpellId	BloodDrinker8Cast	5183
enum	SpellId	RareDamageBoost7	5184
enum	SpellId	RareDamageBoost8	5185
enum	SpellId	RareDamageBoost9	5186
enum	SpellId	RareDamageBoost10	5187
enum	SpellId	RareDamageReduction1	5188
enum	SpellId	RareDamageReduction2	5189
enum	SpellId	RareDamageReduction3	5190
enum	SpellId	RareDamageReduction4	5191
enum	SpellId	RareDamageReduction5	5192
enum	SpellId	RareDamageReduction6	5193
enum	SpellId	RareDamageReduction7	5194
enum	SpellId	RareDamageReduction8	5195
enum	SpellId	RareDamageReduction9	5196
enum	SpellId	RareDamageReduction10	5197
enum	SpellId	RareDamageBoost1	5198
enum	SpellId	RareDamageBoost2	5199
enum	SpellId	RareDamageBoost3	5200
enum	SpellId	RareDamageBoost4	5201
enum	SpellId	RareDamageBoost5	5202
enum	SpellId	RareDamageBoost6	5203
enum	SpellId	AetheriaProcDamageBoost	5204
enum	SpellId	AetheriaProcDamageOverTime	5205
enum	SpellId	AetheriaProcDamageReduction	5206
enum	SpellId	AetheriaProcHealDebuff	5207
enum	SpellId	AetheriaProcHealthOverTime	5208
enum	SpellId	AetheriaCriticalDamageBoost1	5209
enum	SpellId	AetheriaCriticalDamageBoost2	5210
enum	SpellId	AetheriaCriticalDamageBoost3	5211
enum	SpellId	AetheriaCriticalDamageBoost4	5212
enum	SpellId	AetheriaCriticalDamageBoost5	5213
enum	SpellId	AetheriaCriticalDamageBoost6	5214
enum	SpellId	AetheriaCriticalDamageBoost7	5215
enum	SpellId	AetheriaCriticalDamageBoost8	5216
enum	SpellId	AetheriaCriticalDamageBoost9	5217
enum	SpellId	AetheriaCriticalDamageBoost10	5218
enum	SpellId	AetheriaCriticalDamageBoost11	5219
enum	SpellId	AetheriaCriticalDamageBoost12	5220
enum	SpellId	AetheriaCriticalDamageBoost13	5221
enum	SpellId	AetheriaCriticalDamageBoost14	5222
enum	SpellId	AetheriaCriticalDamageBoost15	5223
enum	SpellId	AetheriaDamageBoost1	5224
enum	SpellId	AetheriaDamageBoost2	5225
enum	SpellId	AetheriaDamageBoost3	5226
enum	SpellId	AetheriaDamageBoost4	5227
enum	SpellId	AetheriaDamageBoost5	5228
enum	SpellId	AetheriaDamageBoost6	5229
enum	SpellId	AetheriaDamageBoost7	5230
enum	SpellId	AetheriaDamageBoost8	5231
enum	SpellId	AetheriaDamageBoost9	5232
enum	SpellId	AetheriaDamageBoost10	5233
enum	SpellId	AetheriaDamageBoost11	5234
enum	SpellId	AetheriaDamageBoost12	5235
enum	SpellId	AetheriaDamageBoost13	5236
enum	SpellId	AetheriaDamageBoost14	5237
enum	SpellId	AetheriaDamageBoost15	5238
enum	SpellId	AetheriaDamageReduction1	5239
enum	SpellId	AetheriaDamageReduction2	5240
enum	SpellId	AetheriaDamageReduction3	5241
enum	SpellId	AetheriaDamageReduction4	5242
enum	SpellId	AetheriaDamageReduction5	5243
enum	SpellId	AetheriaDamageReduction6	5244
enum	SpellId	AetheriaDamageReduction7	5245
enum	SpellId	AetheriaDamageReduction8	5246
enum	SpellId	AetheriaDamageReduction9	5247
enum	SpellId	AetheriaDamageReduction10	5248
enum	SpellId	AetheriaDamageReduction11	5249
enum	SpellId	AetheriaDamageReduction12	5250
enum	SpellId	AetheriaDamageReduction13	5251
enum	SpellId	AetheriaDamageReduction14	5252
enum	SpellId	AetheriaDamageReduction15	5253
enum	SpellId	AetheriaHealBuff1	5254
enum	SpellId	AetheriaHealBuff2	5255
enum	SpellId	AetheriaHealBuff3	5256
enum	SpellId	AetheriaHealBuff4	5257
enum	SpellId	AetheriaHealBuff5	5258
enum	SpellId	AetheriaHealBuff6	5259
enum	SpellId	AetheriaHealBuff7	5260
enum	SpellId	AetheriaHealBuff8	5261
enum	SpellId	AetheriaHealBuff9	5262
enum	SpellId	AetheriaHealBuff10	5263
enum	SpellId	AetheriaHealBuff11	5264
enum	SpellId	AetheriaHealBuff12	5265
enum	SpellId	AetheriaHealBuff13	5266
enum	SpellId	AetheriaHealBuff14	5267
enum	SpellId	AetheriaHealBuff15	5268
enum	SpellId	AetheriaHealth1	5269
enum	SpellId	AetheriaHealth2	5270
enum	SpellId	AetheriaHealth3	5271
enum	SpellId	AetheriaHealth4	5272
enum	SpellId	AetheriaHealth5	5273
enum	SpellId	AetheriaHealth6	5274
enum	SpellId	AetheriaHealth7	5275
enum	SpellId	AetheriaHealth8	5276
enum	SpellId	AetheriaHealth9	5277
enum	SpellId	AetheriaHealth10	5278
enum	SpellId	AetheriaHealth11	5279
enum	SpellId	AetheriaHealth12	5280
enum	SpellId	AetheriaHealth13	5281
enum	SpellId	AetheriaHealth14	5282
enum	SpellId	AetheriaHealth15	5283
enum	SpellId	AetheriaMana1	5284
enum	SpellId	AetheriaMana2	5285
enum	SpellId	AetheriaMana3	5286
enum	SpellId	AetheriaMana4	5287
enum	SpellId	AetheriaMana5	5288
enum	SpellId	AetheriaMana6	5289
enum	SpellId	AetheriaMana7	5290
enum	SpellId	AetheriaMana8	5291
enum	SpellId	AetheriaMana9	5292
enum	SpellId	AetheriaMana10	5293
enum	SpellId	AetheriaMana11	5294
enum	SpellId	AetheriaMana12	5295
enum	SpellId	AetheriaMana13	5296
enum	SpellId	AetheriaMana14	5297
enum	SpellId	AetheriaMana15	5298
enum	SpellId	AetheriaStamina1	5299
enum	SpellId	AetheriaStamina2	5300
enum	SpellId	AetheriaStamina3	5301
enum	SpellId	AetheriaStamina4	5302
enum	SpellId	AetheriaStamina5	5303
enum	SpellId	AetheriaStamina6	5304
enum	SpellId	AetheriaStamina7	5305
enum	SpellId	AetheriaStamina8	5306
enum	SpellId	AetheriaStamina9	5307
enum	SpellId	AetheriaStamina10	5308
enum	SpellId	AetheriaStamina11	5309
enum	SpellId	AetheriaStamina12	5310
enum	SpellId	AetheriaStamina13	5311
enum	SpellId	AetheriaStamina14	5312
enum	SpellId	AetheriaStamina15	5313
enum	SpellId	BlessingOfUnity	5314
enum	SpellId	AetheriaEndurance1	5315
enum	SpellId	AetheriaEndurance2	5316
enum	SpellId	AetheriaEndurance3	5317
enum	SpellId	AetheriaEndurance4	5318
enum	SpellId	AetheriaEndurance5	5319
enum	SpellId	AetheriaEndurance6	5320
enum	SpellId	AetheriaEndurance7	5321
enum	SpellId	AetheriaEndurance8	5322
enum	SpellId	AetheriaEndurance9	5323
enum	SpellId	AetheriaEndurance10	5324
enum	SpellId	AetheriaEndurance11	5325
enum	SpellId	AetheriaEndurance12	5326
enum	SpellId	AetheriaEndurance13	5327
enum	SpellId	AetheriaEndurance14	5328
enum	SpellId	AetheriaEndurance15	5329
enum	SpellId	RecallGearKnightInvasionHigh	5330
enum	SpellId	BaelzharonsNetherRing	5331
enum	SpellId	BaelzharonsNetherStreak	5332
enum	SpellId	BaelzharonsNetherArc	5333
enum	SpellId	BaelzharonsCurseDestruction	5334
enum	SpellId	BaelzharonsCurseDestruction2	5335
enum	SpellId	BaelzharonsCurseFestering	5336
enum	SpellId	CurseDestructionOther7	5337
enum	SpellId	CurseDestructionOther8	5338
enum	SpellId	CurseDestructionOther1	5339
enum	SpellId	CurseDestructionOther2	5340
enum	SpellId	CurseDestructionOther3	5341
enum	SpellId	CurseDestructionOther4	5342
enum	SpellId	CurseDestructionOther5	5343
enum	SpellId	CurseDestructionOther6	5344
enum	SpellId	NetherStreak5	5345
enum	SpellId	NetherStreak6	5346
enum	SpellId	NetherStreak7	5347
enum	SpellId	NetherStreak8	5348
enum	SpellId	NetherBolt1	5349
enum	SpellId	NetherBolt2	5350
enum	SpellId	NetherBolt3	5351
enum	SpellId	NetherBolt4	5352
enum	SpellId	NetherBolt5	5353
enum	SpellId	NetherBolt6	5354
enum	SpellId	NetherBolt7	5355
enum	SpellId	NetherBolt8	5356
enum	SpellId	NetherStreak1	5357
enum	SpellId	NetherStreak2	5358
enum	SpellId	NetherStreak3	5359
enum	SpellId	NetherStreak4	5360
enum	SpellId	NetherRing	5361
enum	SpellId	NetherArc2	5362
enum	SpellId	NetherArc3	5363
enum	SpellId	NetherArc4	5364
enum	SpellId	NetherArc5	5365
enum	SpellId	NetherArc6	5366
enum	SpellId	NetherArc7	5367
enum	SpellId	NetherArc8	5368
enum	SpellId	NetherArc1	5369
enum	SpellId	TestStreakDoTMajor	5370
enum	SpellId	CurseFestering1	5371
enum	SpellId	CurseFestering2	5372
enum	SpellId	CurseFestering3	5373
enum	SpellId	CurseFestering4	5374
enum	SpellId	CurseFestering5	5375
enum	SpellId	CurseFestering6	5376
enum	SpellId	CurseFestering7	5377
enum	SpellId	CurseFestering8	5378
enum	SpellId	CurseWeakness1	5379
enum	SpellId	CurseWeakness2	5380
enum	SpellId	CurseWeakness3	5381
enum	SpellId	CurseWeakness4	5382
enum	SpellId	CurseWeakness5	5383
enum	SpellId	CurseWeakness6	5384
enum	SpellId	CurseWeakness7	5385
enum	SpellId	CurseWeakness8	5386
enum	SpellId	Corrosion1	5387
enum	SpellId	Corrosion2	5388
enum	SpellId	Corrosion3	5389
enum	SpellId	Corrosion4	5390
enum	SpellId	Corrosion5	5391
enum	SpellId	Corrosion6	5392
enum	SpellId	Corrosion7	5393
enum	SpellId	Corrosion8	5394
enum	SpellId	Corruption1	5395
enum	SpellId	Corruption2	5396
enum	SpellId	Corruption3	5397
enum	SpellId	Corruption4	5398
enum	SpellId	Corruption5	5399
enum	SpellId	Corruption6	5400
enum	SpellId	Corruption7	5401
enum	SpellId	Corruption8	5402
enum	SpellId	VoidMagicMasteryOther1	5403
enum	SpellId	VoidMagicMasteryOther2	5404
enum	SpellId	VoidMagicMasteryOther3	5405
enum	SpellId	VoidMagicMasteryOther4	5406
enum	SpellId	VoidMagicMasteryOther5	5407
enum	SpellId	VoidMagicMasteryOther6	5408
enum	SpellId	VoidMagicMasteryOther7	5409
enum	SpellId	VoidMagicMasteryOther8	5410
enum	SpellId	VoidMagicMasterySelf1	5411
enum	SpellId	VoidMagicMasterySelf2	5412
enum	SpellId	VoidMagicMasterySelf3	5413
enum	SpellId	VoidMagicMasterySelf4	5414
enum	SpellId	VoidMagicMasterySelf5	5415
enum	SpellId	VoidMagicMasterySelf6	5416
enum	SpellId	VoidMagicMasterySelf7	5417
enum	SpellId	VoidMagicMasterySelf8	5418
enum	SpellId	VoidMagicIneptitudeOther1	5419
enum	SpellId	VoidMagicIneptitudeOther2	5420
enum	SpellId	VoidMagicIneptitudeOther3	5421
enum	SpellId	VoidMagicIneptitudeOther4	5422
enum	SpellId	VoidMagicIneptitudeOther5	5423
enum	SpellId	VoidMagicIneptitudeOther6	5424
enum	SpellId	VoidMagicIneptitudeOther7	5425
enum	SpellId	VoidMagicIneptitudeOther8	5426
enum	SpellId	CantripVoidMagicAptitude1	5427
enum	SpellId	CantripVoidMagicAptitude2	5428
enum	SpellId	CantripVoidMagicAptitude3	5429
enum	SpellId	ModerateVoidMagicAptitude	5430
enum	SpellId	SetVoidMagicAptitude1	5431
enum	SpellId	SetVoidMagicAptitude2	5432
enum	SpellId	SetVoidMagicAptitude3	5433
enum	SpellId	SetVoidMagicAptitude4	5434
enum	SpellId	VoidMagicMasterySpectral	5435
enum	SpellId	VoidMagicMasteryRare	5436
enum	SpellId	CorruptorsBoon	5437
enum	SpellId	CorruptorsBoon3	5438
enum	SpellId	AcidSpitStreak1	5439
enum	SpellId	AcidSpit1	5440
enum	SpellId	AcidSpit2	5441
enum	SpellId	AcidSpitArc1	5442
enum	SpellId	AcidSpitArc2	5443
enum	SpellId	AcidSpitBlast1	5444
enum	SpellId	AcidspitBlast2	5445
enum	SpellId	AcidSpitVolley1	5446
enum	SpellId	AcidSpitVolley2	5447
enum	SpellId	AcidSpitStreak2	5448
enum	SpellId	LuminanceRewardDamageBoost	5449
enum	SpellId	LuminanceRewardDamageReduction	5450
enum	SpellId	LuminanceRewardHealthRaising	5451
enum	SpellId	OlthoiWillpowerOther1	5452
enum	SpellId	OlthoiArmorOther1	5453
enum	SpellId	OlthoiCoordinationOther1	5454
enum	SpellId	OlthoiEnduranceOther1	5455
enum	SpellId	OlthoiFocusOther1	5456
enum	SpellId	OlthoiQuicknessOther1	5457
enum	SpellId	OlthoiStrengthOther1	5458
enum	SpellId	OlthoiPiercingProtectionOther1	5459
enum	SpellId	OlthoiAcidProtectionOther1	5460
enum	SpellId	OlthoiBladeProtectionOther1	5461
enum	SpellId	OlthoiBludgeonProtectionOther1	5462
enum	SpellId	OlthoiColdProtectionOther1	5463
enum	SpellId	OlthoiFireProtectionOther1	5464
enum	SpellId	OlthoiLightningProtectionOther1	5465
enum	SpellId	OlthoiRejuvenationOther1	5466
enum	SpellId	OlthoiManaRenewalOther1	5467
enum	SpellId	OlthoiRegenerationOther1	5468
enum	SpellId	OlthoiImpregnabilityOther1	5469
enum	SpellId	OlthoiInvulnerabilityOther1	5470
enum	SpellId	OlthoiMagicResistanceOther1	5471
enum	SpellId	OlthoiManaMasteryOther1	5472
enum	SpellId	OlthoiSalvagingMasteryOther1	5473
enum	SpellId	OlthoiSprintOther1	5474
enum	SpellId	OlthoiUnarmedCombatMasteryOther1	5475
enum	SpellId	OlthoiWarMagicMasteryOther1	5476
enum	SpellId	OlthoiCriticalDamageBoost1	5477
enum	SpellId	OlthoiCriticalDamageBoost2	5478
enum	SpellId	OlthoiCriticalDamageBoost3	5479
enum	SpellId	OlthoiCriticalDamageBoost4	5480
enum	SpellId	OlthoiCriticalDamageBoost5	5481
enum	SpellId	OlthoiCriticalDamageBoost6	5482
enum	SpellId	OlthoiCriticalDamageBoost7	5483
enum	SpellId	OlthoiCriticalDamageBoost8	5484
enum	SpellId	OlthoiCriticalDamageBoost9	5485
enum	SpellId	OlthoiCriticalDamageBoost10	5486
enum	SpellId	OlthoiCriticalDamageBoost11	5487
enum	SpellId	UNKNOWN__GUESSEDNAME5488	5488
enum	SpellId	OlthoiCriticalDamageReduction1	5489
enum	SpellId	OlthoiCriticalDamageReduction2	5490
enum	SpellId	OlthoiCriticalDamageReduction3	5491
enum	SpellId	OlthoiCriticalDamageReduction4	5492
enum	SpellId	OlthoiCriticalDamageReduction5	5493
enum	SpellId	OlthoiCriticalDamageReduction6	5494
enum	SpellId	OlthoiCriticalDamageReduction7	5495
enum	SpellId	OlthoiCriticalDamageReduction8	5496
enum	SpellId	OlthoiCriticalDamageReduction9	5497
enum	SpellId	OlthoiCriticalDamageReduction10	5498
enum	SpellId	OlthoiCriticalDamageReduction11	5499
enum	SpellId	OlthoiDamageBoost1	5500
enum	SpellId	OlthoiDamageBoost2	5501
enum	SpellId	OlthoiDamageBoost3	5502
enum	SpellId	OlthoiDamageBoost4	5503
enum	SpellId	OlthoiDamageBoost5	5504
enum	SpellId	OlthoiDamageBoost6	5505
enum	SpellId	OlthoiDamageBoost7	5506
enum	SpellId	OlthoiDamageBoost8	5507
enum	SpellId	OlthoiDamageBoost9	5508
enum	SpellId	OlthoiDamageBoost10	5509
enum	SpellId	OlthoiDamageBoost11	5510
enum	SpellId	OlthoiDamageReduction1	5511
enum	SpellId	OlthoiDamageReduction2	5512
enum	SpellId	OlthoiDamageReduction3	5513
enum	SpellId	OlthoiDamageReduction4	5514
enum	SpellId	OlthoiDamageReduction5	5515
enum	SpellId	OlthoiDamageReduction6	5516
enum	SpellId	OlthoiDamageReduction7	5517
enum	SpellId	OlthoiDamageReduction8	5518
enum	SpellId	OlthoiDamageReduction9	5519
enum	SpellId	OlthoiDamageReduction10	5520
enum	SpellId	OlthoiDamageReduction11	5521
enum	SpellId	AcidSpitVulnerability1	5522
enum	SpellId	AcidSpitVulnerability2	5523
enum	SpellId	FallingStoneSpikes	5524
enum	SpellId	BloodstoneBolt1	5525
enum	SpellId	BloodstoneBolt2	5526
enum	SpellId	BloodstoneBolt3	5527
enum	SpellId	BloodstoneBolt4	5528
enum	SpellId	BloodstoneBolt5	5529
enum	SpellId	BloodstoneBolt6	5530
enum	SpellId	BloodstoneBolt7	5531
enum	SpellId	BloodstoneBolt8	5532
enum	SpellId	PortalSendingBloodstoneFactory1	5533
enum	SpellId	PortalSendingBloodstoneFactory2	5534
enum	SpellId	AcidicBlood	5535
enum	SpellId	AcidicBloodGreater	5536
enum	SpellId	AcidicBloodLesser	5537
enum	SpellId	DarkenedHeart	5538
enum	SpellId	PortalSendingRitualTime1	5539
enum	SpellId	PortalSendingRitualTime2	5540
enum	SpellId	SandAreaRecall	5541
enum	SpellId	BurningSands_DoT	5542
enum	SpellId	BurningSands_HealDebuff	5543
enum	SpellId	NetherBlast1	5544
enum	SpellId	NetherBlast2	5545
enum	SpellId	NetherBlast3	5546
enum	SpellId	NetherBlast4	5547
enum	SpellId	NetherBlast5	5548
enum	SpellId	NetherBlast6	5549
enum	SpellId	NetherBlast7	5550
enum	SpellId	NetherBlast8	5551
enum	SpellId	AetheriaDoTResistance9	5552
enum	SpellId	AetheriaHealthResistance1	5553
enum	SpellId	AetheriaHealthResistance10	5554
enum	SpellId	AetheriaHealthResistance11	5555
enum	SpellId	AetheriaHealthResistance12	5556
enum	SpellId	AetheriaHealthResistance13	5557
enum	SpellId	AetheriaHealthResistance14	5558
enum	SpellId	AetheriaHealthResistance15	5559
enum	SpellId	AetheriaHealthResistance2	5560
enum	SpellId	AetheriaHealthResistance3	5561
enum	SpellId	AetheriaHealthResistance4	5562
enum	SpellId	AetheriaHealthResistance5	5563
enum	SpellId	AetheriaHealthResistance6	5564
enum	SpellId	AetheriaHealthResistance7	5565
enum	SpellId	AetheriaHealthResistance8	5566
enum	SpellId	AetheriaHealthResistance9	5567
enum	SpellId	AetheriaDoTResistance1	5568
enum	SpellId	AetheriaDoTResistance10	5569
enum	SpellId	AetheriaDoTResistance11	5570
enum	SpellId	AetheriaDoTResistance12	5571
enum	SpellId	AetheriaDoTResistance13	5572
enum	SpellId	AetheriaDoTResistance14	5573
enum	SpellId	AetheriaDoTResistance15	5574
enum	SpellId	AetheriaDoTResistance2	5575
enum	SpellId	AetheriaDoTResistance3	5576
enum	SpellId	AetheriaDoTResistance4	5577
enum	SpellId	AetheriaDoTResistance5	5578
enum	SpellId	AetheriaDoTResistance6	5579
enum	SpellId	AetheriaDoTResistance7	5580
enum	SpellId	AetheriaDoTResistance8	5581
enum	SpellId	DispelAllRare	5582
enum	SpellId	CloakAlchemyMastery1	5583
enum	SpellId	CloakAlchemyMastery2	5584
enum	SpellId	CloakAlchemyMastery3	5585
enum	SpellId	CloakAlchemyMastery4	5586
enum	SpellId	CloakAlchemyMastery5	5587
enum	SpellId	CloakArcaneloreMastery1	5588
enum	SpellId	CloakArcaneloreMastery2	5589
enum	SpellId	CloakArcaneloreMastery3	5590
enum	SpellId	CloakArcaneloreMastery4	5591
enum	SpellId	CloakArcaneloreMastery5	5592
enum	SpellId	CloakArmortinkeringMastery1	5593
enum	SpellId	CloakArmortinkeringMastery2	5594
enum	SpellId	CloakArmortinkeringMastery3	5595
enum	SpellId	CloakArmortinkeringMastery4	5596
enum	SpellId	CloakArmortinkeringMastery5	5597
enum	SpellId	CloakAssesspersonMastery1	5598
enum	SpellId	CloakAssesspersonMastery2	5599
enum	SpellId	CloakAssesspersonMastery3	5600
enum	SpellId	CloakAssesspersonMastery4	5601
enum	SpellId	CloakAssesspersonMastery5	5602
enum	SpellId	CloakAxeMastery1	5603
enum	SpellId	CloakAxeMastery2	5604
enum	SpellId	CloakAxeMastery3	5605
enum	SpellId	CloakAxeMastery4	5606
enum	SpellId	CloakAxeMastery5	5607
enum	SpellId	CloakBowMastery1	5608
enum	SpellId	CloakBowMastery2	5609
enum	SpellId	CloakBowMastery3	5610
enum	SpellId	CloakBowMastery4	5611
enum	SpellId	CloakBowMastery5	5612
enum	SpellId	CloakCookingMastery1	5613
enum	SpellId	CloakCookingMastery2	5614
enum	SpellId	CloakCookingMastery3	5615
enum	SpellId	CloakCookingMastery4	5616
enum	SpellId	CloakCookingMastery5	5617
enum	SpellId	CloakCreatureenchantmentMastery1	5618
enum	SpellId	CloakCreatureenchantmentMastery2	5619
enum	SpellId	CloakCreatureenchantmentMastery3	5620
enum	SpellId	CloakCreatureenchantmentMastery4	5621
enum	SpellId	CloakCreatureenchantmentMastery5	5622
enum	SpellId	CloakCrossbowMastery1	5623
enum	SpellId	CloakCrossbowMastery2	5624
enum	SpellId	CloakCrossbowMastery3	5625
enum	SpellId	CloakCrossbowMastery4	5626
enum	SpellId	CloakCrossbowMastery5	5627
enum	SpellId	CloakDaggerMastery1	5628
enum	SpellId	CloakDaggerMastery2	5629
enum	SpellId	CloakDaggerMastery3	5630
enum	SpellId	CloakDaggerMastery4	5631
enum	SpellId	CloakDaggerMastery5	5632
enum	SpellId	CloakDeceptionMastery1	5633
enum	SpellId	CloakDeceptionMastery2	5634
enum	SpellId	CloakDeceptionMastery3	5635
enum	SpellId	CloakDeceptionMastery4	5636
enum	SpellId	CloakDeceptionMastery5	5637
enum	SpellId	CloakFletchingMastery1	5638
enum	SpellId	CloakFletchingMastery2	5639
enum	SpellId	CloakFletchingMastery3	5640
enum	SpellId	CloakFletchingMastery4	5641
enum	SpellId	CloakFletchingMastery5	5642
enum	SpellId	CloakHealingMastery1	5643
enum	SpellId	CloakHealingMastery2	5644
enum	SpellId	CloakHealingMastery3	5645
enum	SpellId	CloakHealingMastery4	5646
enum	SpellId	CloakHealingMastery5	5647
enum	SpellId	CloakItemenchantmentMastery1	5648
enum	SpellId	CloakItemenchantmentMastery2	5649
enum	SpellId	CloakItemenchantmentMastery3	5650
enum	SpellId	CloakItemenchantmentMastery4	5651
enum	SpellId	CloakItemenchantmentMastery5	5652
enum	SpellId	CloakItemtinkeringMastery1	5653
enum	SpellId	CloakItemtinkeringMastery2	5654
enum	SpellId	CloakItemtinkeringMastery3	5655
enum	SpellId	CloakItemtinkeringMastery4	5656
enum	SpellId	CloakItemtinkeringMastery5	5657
enum	SpellId	CloakLeadershipMastery1	5658
enum	SpellId	CloakLeadershipMastery2	5659
enum	SpellId	CloakLeadershipMastery3	5660
enum	SpellId	CloakLeadershipMastery4	5661
enum	SpellId	CloakLeadershipMastery5	5662
enum	SpellId	CloakLifemagicMastery1	5663
enum	SpellId	CloakLifemagicMastery2	5664
enum	SpellId	CloakLifemagicMastery3	5665
enum	SpellId	CloakLifemagicMastery4	5666
enum	SpellId	CloakLifemagicMastery5	5667
enum	SpellId	CloakLoyaltyMastery1	5668
enum	SpellId	CloakLoyaltyMastery2	5669
enum	SpellId	CloakLoyaltyMastery3	5670
enum	SpellId	CloakLoyaltyMastery4	5671
enum	SpellId	CloakLoyaltyMastery5	5672
enum	SpellId	CloakMaceMastery1	5673
enum	SpellId	CloakMaceMastery2	5674
enum	SpellId	CloakMaceMastery3	5675
enum	SpellId	CloakMaceMastery4	5676
enum	SpellId	CloakMaceMastery5	5677
enum	SpellId	CloakMagicdefenseMastery1	5678
enum	SpellId	CloakMagicdefenseMastery2	5679
enum	SpellId	CloakMagicdefenseMastery3	5680
enum	SpellId	CloakMagicdefenseMastery4	5681
enum	SpellId	CloakMagicdefenseMastery5	5682
enum	SpellId	CloakMagictinkeringMastery1	5683
enum	SpellId	CloakMagictinkeringMastery2	5684
enum	SpellId	CloakMagictinkeringMastery3	5685
enum	SpellId	CloakMagictinkeringMastery4	5686
enum	SpellId	CloakMagictinkeringMastery5	5687
enum	SpellId	CloakManaconversionMastery1	5688
enum	SpellId	CloakManaconversionMastery2	5689
enum	SpellId	CloakManaconversionMastery3	5690
enum	SpellId	CloakManaconversionMastery4	5691
enum	SpellId	CloakManaconversionMastery5	5692
enum	SpellId	CloakMeleedefenseMastery1	5693
enum	SpellId	CloakMeleedefenseMastery2	5694
enum	SpellId	CloakMeleedefenseMastery3	5695
enum	SpellId	CloakMeleedefenseMastery4	5696
enum	SpellId	CloakMeleedefenseMastery5	5697
enum	SpellId	CloakMissiledefenseMastery1	5698
enum	SpellId	CloakMissiledefenseMastery2	5699
enum	SpellId	CloakMissiledefenseMastery3	5700
enum	SpellId	CloakMissiledefenseMastery4	5701
enum	SpellId	CloakMissiledefenseMastery5	5702
enum	SpellId	CloakSalvagingMastery1	5703
enum	SpellId	CloakSalvagingMastery2	5704
enum	SpellId	CloakSalvagingMastery3	5705
enum	SpellId	CloakSalvagingMastery4	5706
enum	SpellId	CloakSalvagingMastery5	5707
enum	SpellId	CloakSpearMastery1	5708
enum	SpellId	CloakSpearMastery2	5709
enum	SpellId	CloakSpearMastery3	5710
enum	SpellId	CloakSpearMastery4	5711
enum	SpellId	CloakSpearMastery5	5712
enum	SpellId	CloakStaffMastery1	5713
enum	SpellId	CloakStaffMastery2	5714
enum	SpellId	CloakStaffMastery3	5715
enum	SpellId	CloakStaffMastery4	5716
enum	SpellId	CloakStaffMastery5	5717
enum	SpellId	CloakSwordMastery1	5718
enum	SpellId	CloakSwordMastery2	5719
enum	SpellId	CloakSwordMastery3	5720
enum	SpellId	CloakSwordMastery4	5721
enum	SpellId	CloakSwordMastery5	5722
enum	SpellId	CloakThrownWeaponMastery1	5723
enum	SpellId	CloakThrownWeaponMastery2	5724
enum	SpellId	CloakThrownWeaponMastery3	5725
enum	SpellId	CloakThrownWeaponMastery4	5726
enum	SpellId	CloakThrownWeaponMastery5	5727
enum	SpellId	CloakTwoHandedCombatMastery1	5728
enum	SpellId	CloakTwoHandedCombatMastery2	5729
enum	SpellId	CloakTwoHandedCombatMastery3	5730
enum	SpellId	CloakTwoHandedCombatMastery4	5731
enum	SpellId	CloakTwoHandedCombatMastery5	5732
enum	SpellId	CloakUnarmedCombatMastery1	5733
enum	SpellId	CloakUnarmedCombatMastery2	5734
enum	SpellId	CloakUnarmedCombatMastery3	5735
enum	SpellId	CloakUnarmedCombatMastery4	5736
enum	SpellId	CloakUnarmedCombatMastery5	5737
enum	SpellId	CloakVoidMagicMastery1	5738
enum	SpellId	CloakVoidMagicMastery2	5739
enum	SpellId	CloakVoidMagicMastery3	5740
enum	SpellId	CloakVoidMagicMastery4	5741
enum	SpellId	CloakVoidMagicMastery5	5742
enum	SpellId	CloakWarMagicMastery1	5743
enum	SpellId	CloakWarMagicMastery2	5744
enum	SpellId	CloakWarMagicMastery3	5745
enum	SpellId	CloakWarMagicMastery4	5746
enum	SpellId	CloakWarMagicMastery5	5747
enum	SpellId	CloakWeapontinkeringMastery1	5748
enum	SpellId	CloakWeapontinkeringMastery2	5749
enum	SpellId	CloakWeapontinkeringMastery3	5750
enum	SpellId	CloakWeapontinkeringMastery4	5751
enum	SpellId	CloakWeapontinkeringMastery5	5752
enum	SpellId	CloakAllSkill	5753
enum	SpellId	CloakMagicDLower	5754
enum	SpellId	CloakMeleeDLower	5755
enum	SpellId	CloakMissileDLower	5756
enum	SpellId	CloakAssessCreatureMastery3	5757
enum	SpellId	CloakAssessCreatureMastery4	5758
enum	SpellId	CloakAssessCreatureMastery5	5759
enum	SpellId	CloakAssessCreatureMastery1	5760
enum	SpellId	CloakAssessCreatureMastery2	5761
enum	SpellId	RollingDeathSnow	5762
enum	SpellId	DirtyFightingIneptitudeOther1	5763
enum	SpellId	DirtyFightingIneptitudeOther2	5764
enum	SpellId	DirtyFightingIneptitudeOther3	5765
enum	SpellId	DirtyFightingIneptitudeOther4	5766
enum	SpellId	DirtyFightingIneptitudeOther5	5767
enum	SpellId	DirtyFightingIneptitudeOther6	5768
enum	SpellId	DirtyFightingIneptitudeOther7	5769
enum	SpellId	DirtyFightingIneptitudeOther8	5770
enum	SpellId	DirtyFightingMasteryOther1	5771
enum	SpellId	DirtyFightingMasteryOther2	5772
enum	SpellId	DirtyFightingMasteryOther3	5773
enum	SpellId	DirtyFightingMasteryOther4	5774
enum	SpellId	DirtyFightingMasteryOther5	5775
enum	SpellId	DirtyFightingMasteryOther6	5776
enum	SpellId	DirtyFightingMasteryOther7	5777
enum	SpellId	DirtyFightingMasteryOther8	5778
enum	SpellId	DirtyFightingMasterySelf1	5779
enum	SpellId	DirtyFightingMasterySelf2	5780
enum	SpellId	DirtyFightingMasterySelf3	5781
enum	SpellId	DirtyFightingMasterySelf4	5782
enum	SpellId	DirtyFightingMasterySelf5	5783
enum	SpellId	DirtyFightingMasterySelf6	5784
enum	SpellId	DirtyFightingMasterySelf7	5785
enum	SpellId	DirtyFightingMasterySelf8	5786
enum	SpellId	DualWieldIneptitudeOther1	5787
enum	SpellId	DualWieldIneptitudeOther2	5788
enum	SpellId	DualWieldIneptitudeOther3	5789
enum	SpellId	DualWieldIneptitudeOther4	5790
enum	SpellId	DualWieldIneptitudeOther5	5791
enum	SpellId	DualWieldIneptitudeOther6	5792
enum	SpellId	DualWieldIneptitudeOther7	5793
enum	SpellId	DualWieldIneptitudeOther8	5794
enum	SpellId	DualWieldMasteryOther1	5795
enum	SpellId	DualWieldMasteryOther2	5796
enum	SpellId	DualWieldMasteryOther3	5797
enum	SpellId	DualWieldMasteryOther4	5798
enum	SpellId	DualWieldMasteryOther5	5799
enum	SpellId	DualWieldMasteryOther6	5800
enum	SpellId	DualWieldMasteryOther7	5801
enum	SpellId	DualWieldMasteryOther8	5802
enum	SpellId	DualWieldMasterySelf1	5803
enum	SpellId	DualWieldMasterySelf2	5804
enum	SpellId	DualWieldMasterySelf3	5805
enum	SpellId	DualWieldMasterySelf4	5806
enum	SpellId	DualWieldMasterySelf5	5807
enum	SpellId	DualWieldMasterySelf6	5808
enum	SpellId	DualWieldMasterySelf7	5809
enum	SpellId	DualWieldMasterySelf8	5810
enum	SpellId	RecklessnessIneptitudeOther1	5811
enum	SpellId	RecklessnessIneptitudeOther2	5812
enum	SpellId	RecklessnessIneptitudeOther3	5813
enum	SpellId	RecklessnessIneptitudeOther4	5814
enum	SpellId	RecklessnessIneptitudeOther5	5815
enum	SpellId	RecklessnessIneptitudeOther6	5816
enum	SpellId	RecklessnessIneptitudeOther7	5817
enum	SpellId	RecklessnessIneptitudeOther8	5818
enum	SpellId	RecklessnessMasteryOther1	5819
enum	SpellId	RecklessnessMasteryOther2	5820
enum	SpellId	RecklessnessMasteryOther3	5821
enum	SpellId	RecklessnessMasteryOther4	5822
enum	SpellId	RecklessnessMasteryOther5	5823
enum	SpellId	RecklessnessMasteryOther6	5824
enum	SpellId	RecklessnessMasteryOther7	5825
enum	SpellId	RecklessnessMasteryOther8	5826
enum	SpellId	RecklessnessMasterySelf1	5827
enum	SpellId	RecklessnessMasterySelf2	5828
enum	SpellId	RecklessnessMasterySelf3	5829
enum	SpellId	RecklessnessMasterySelf4	5830
enum	SpellId	RecklessnessMasterySelf5	5831
enum	SpellId	RecklessnessMasterySelf6	5832
enum	SpellId	RecklessnessMasterySelf7	5833
enum	SpellId	RecklessnessMasterySelf8	5834
enum	SpellId	ShieldIneptitudeOther1	5835
enum	SpellId	ShieldIneptitudeOther2	5836
enum	SpellId	ShieldIneptitudeOther3	5837
enum	SpellId	ShieldIneptitudeOther4	5838
enum	SpellId	ShieldIneptitudeOther5	5839
enum	SpellId	ShieldIneptitudeOther6	5840
enum	SpellId	ShieldIneptitudeOther7	5841
enum	SpellId	ShieldIneptitudeOther8	5842
enum	SpellId	ShieldMasteryOther1	5843
enum	SpellId	ShieldMasteryOther2	5844
enum	SpellId	ShieldMasteryOther3	5845
enum	SpellId	ShieldMasteryOther4	5846
enum	SpellId	ShieldMasteryOther5	5847
enum	SpellId	ShieldMasteryOther6	5848
enum	SpellId	ShieldMasteryOther7	5849
enum	SpellId	ShieldMasteryOther8	5850
enum	SpellId	ShieldMasterySelf1	5851
enum	SpellId	ShieldMasterySelf2	5852
enum	SpellId	ShieldMasterySelf3	5853
enum	SpellId	ShieldMasterySelf4	5854
enum	SpellId	ShieldMasterySelf5	5855
enum	SpellId	ShieldMasterySelf6	5856
enum	SpellId	ShieldMasterySelf7	5857
enum	SpellId	ShieldMasterySelf8	5858
enum	SpellId	SneakAttackIneptitudeOther1	5859
enum	SpellId	SneakAttackIneptitudeOther2	5860
enum	SpellId	SneakAttackIneptitudeOther3	5861
enum	SpellId	SneakAttackIneptitudeOther4	5862
enum	SpellId	SneakAttackIneptitudeOther5	5863
enum	SpellId	SneakAttackIneptitudeOther6	5864
enum	SpellId	SneakAttackIneptitudeOther7	5865
enum	SpellId	SneakAttackIneptitudeOther8	5866
enum	SpellId	SneakAttackMasteryOther1	5867
enum	SpellId	SneakAttackMasteryOther2	5868
enum	SpellId	SneakAttackMasteryOther3	5869
enum	SpellId	SneakAttackMasteryOther4	5870
enum	SpellId	SneakAttackMasteryOther5	5871
enum	SpellId	SneakAttackMasteryOther6	5872
enum	SpellId	SneakAttackMasteryOther7	5873
enum	SpellId	SneakAttackMasteryOther8	5874
enum	SpellId	SneakAttackMasterySelf1	5875
enum	SpellId	SneakAttackMasterySelf2	5876
enum	SpellId	SneakAttackMasterySelf3	5877
enum	SpellId	SneakAttackMasterySelf4	5878
enum	SpellId	SneakAttackMasterySelf5	5879
enum	SpellId	SneakAttackMasterySelf6	5880
enum	SpellId	SneakAttackMasterySelf7	5881
enum	SpellId	SneakAttackMasterySelf8	5882
enum	SpellId	CantripDirtyFightingProwess1	5883
enum	SpellId	CantripDualWieldAptitude1	5884
enum	SpellId	CantripRecklessnessProwess1	5885
enum	SpellId	CantripShieldAptitude1	5886
enum	SpellId	CantripSneakAttackProwess1	5887
enum	SpellId	CantripDirtyFightingProwess2	5888
enum	SpellId	CantripDualWieldAptitude2	5889
enum	SpellId	CantripRecklessnessProwess2	5890
enum	SpellId	CantripShieldAptitude2	5891
enum	SpellId	CantripSneakAttackProwess2	5892
enum	SpellId	CantripDirtyFightingProwess3	5893
enum	SpellId	CantripDualWieldAptitude3	5894
enum	SpellId	CantripRecklessnessProwess3	5895
enum	SpellId	CantripShieldAptitude3	5896
enum	SpellId	CantripSneakAttackProwess3	5897
enum	SpellId	ModerateDirtyFightingProwess	5898
enum	SpellId	ModerateDualWieldAptitude	5899
enum	SpellId	ModerateRecklessnessProwess	5900
enum	SpellId	ModerateShieldAptitude	5901
enum	SpellId	ModerateSneakAttackProwess	5902
enum	SpellId	DualWieldMasteryRare	5903
enum	SpellId	DualWieldMasterySpectral	5904
enum	SpellId	RecklessnessMasteryRare	5905
enum	SpellId	RecklessnessMasterySpectral	5906
enum	SpellId	ShieldMasteryRare	5907
enum	SpellId	ShieldMasterySpectral	5908
enum	SpellId	SneakAttackMasteryRare	5909
enum	SpellId	SneakAttackMasterySpectral	5910
enum	SpellId	DirtyFightingMasteryRare	5911
enum	SpellId	DirtyFightingMasterySpectral	5912
enum	SpellId	CloakDirtyFightingMastery1	5913
enum	SpellId	CloakDirtyFightingMastery2	5914
enum	SpellId	CloakDirtyFightingMastery3	5915
enum	SpellId	CloakDirtyFightingMastery4	5916
enum	SpellId	CloakDirtyFightingMastery5	5917
enum	SpellId	CloakDualWieldMastery1	5918
enum	SpellId	CloakDualWieldMastery2	5919
enum	SpellId	CloakDualWieldMastery3	5920
enum	SpellId	CloakDualWieldMastery4	5921
enum	SpellId	CloakDualWieldMastery5	5922
enum	SpellId	CloakRecklessnessMastery1	5923
enum	SpellId	CloakRecklessnessMastery2	5924
enum	SpellId	CloakRecklessnessMastery3	5925
enum	SpellId	CloakRecklessnessMastery4	5926
enum	SpellId	CloakRecklessnessMastery5	5927
enum	SpellId	CloakShieldMastery1	5928
enum	SpellId	CloakShieldMastery2	5929
enum	SpellId	CloakShieldMastery3	5930
enum	SpellId	CloakShieldMastery4	5931
enum	SpellId	CloakShieldMastery5	5932
enum	SpellId	CloakSneakAttackMastery1	5933
enum	SpellId	CloakSneakAttackMastery2	5934
enum	SpellId	CloakSneakAttackMastery3	5935
enum	SpellId	CloakSneakAttackMastery4	5936
enum	SpellId	CloakSneakAttackMastery5	5937
enum	SpellId	DF_Specialized_AttackDebuff	5938
enum	SpellId	DF_Specialized_Bleed	5939
enum	SpellId	DF_Specialized_DefenseDebuff	5940
enum	SpellId	DF_Specialized_HealingDebuff	5941
enum	SpellId	DF_Trained_AttackDebuff	5942
enum	SpellId	DF_Trained_Bleed	5943
enum	SpellId	DF_Trained_DefenseDebuff	5944
enum	SpellId	DF_Trained_HealingDebuff	5945
enum	SpellId	SetDirtyFightingAptitude1	5946
enum	SpellId	SetDirtyFightingAptitude2	5947
enum	SpellId	SetDirtyFightingAptitude3	5948
enum	SpellId	SetDirtyFightingAptitude4	5949
enum	SpellId	SetDualWieldAptitude1	5950
enum	SpellId	SetDualWieldAptitude2	5951
enum	SpellId	SetDualWieldAptitude3	5952
enum	SpellId	SetDualWieldAptitude4	5953
enum	SpellId	SetRecklessnessAptitude1	5954
enum	SpellId	SetRecklessnessAptitude2	5955
enum	SpellId	SetRecklessnessAptitude3	5956
enum	SpellId	SetRecklessnessAptitude4	5957
enum	SpellId	SetShieldAptitude1	5958
enum	SpellId	SetShieldAptitude2	5959
enum	SpellId	SetShieldAptitude3	5960
enum	SpellId	SetShieldAptitude4	5961
enum	SpellId	SetSneakAttackAptitude1	5962
enum	SpellId	SetSneakAttackAptitude2	5963
enum	SpellId	SetSneakAttackAptitude3	5964
enum	SpellId	SetSneakAttackAptitude4	5965
enum	SpellId	GeraineDefeatedHealth	5966
enum	SpellId	LightningArcBlue	5967
enum	SpellId	LightningBlastBlue	5968
enum	SpellId	LightningBoltBlue	5969
enum	SpellId	LightningStreakBlue	5970
enum	SpellId	LightningVolleyBlue	5971
enum	SpellId	LightningBombBlue	5972
enum	SpellId	PetPenguinMoufProtection	5973
enum	SpellId	RareArmorDamageBoost1	5974
enum	SpellId	RareArmorDamageBoost2	5975
enum	SpellId	RareArmorDamageBoost3	5976
enum	SpellId	RareArmorDamageBoost4	5977
enum	SpellId	RareArmorDamageBoost5	5978
enum	SpellId	CorruptedTouch_Blight	5979
enum	SpellId	CorruptedTouch_DoT	5980
enum	SpellId	CorruptedTouch_HealDebuff	5981
enum	SpellId	HermeticLinkOther1	5982
enum	SpellId	HermeticLinkOther2	5983
enum	SpellId	HermeticLinkOther3	5984
enum	SpellId	HermeticLinkOther4	5985
enum	SpellId	HermeticLinkOther5	5986
enum	SpellId	HermeticLinkOther6	5987
enum	SpellId	HermeticLinkOther7	5988
enum	SpellId	HermeticLinkOther8	5989
enum	SpellId	BloodDrinkerOther1	5990
enum	SpellId	BloodDrinkerOther2	5991
enum	SpellId	BloodDrinkerOther3	5992
enum	SpellId	BloodDrinkerOther4	5993
enum	SpellId	BloodDrinkerOther5	5994
enum	SpellId	BloodDrinkerOther6	5995
enum	SpellId	BloodDrinkerOther7	5996
enum	SpellId	BloodDrinkerOther8	5997
enum	SpellId	BloodDrinkerOther8cast	5998
enum	SpellId	DefenderOther1	5999
enum	SpellId	DefenderOther2	6000
enum	SpellId	DefenderOther3	6001
enum	SpellId	DefenderOther4	6002
enum	SpellId	DefenderOther5	6003
enum	SpellId	DefenderOther6	6004
enum	SpellId	DefenderOther7	6005
enum	SpellId	DefenderOther8	6006
enum	SpellId	HeartSeekerOther1	6007
enum	SpellId	HeartSeekerOther2	6008
enum	SpellId	HeartSeekerOther3	6009
enum	SpellId	HeartSeekerOther4	6010
enum	SpellId	HeartSeekerOther5	6011
enum	SpellId	HeartSeekerOther6	6012
enum	SpellId	HeartSeekerOther7	6013
enum	SpellId	HeartSeekerOther8	6014
enum	SpellId	SpiritDrinkerOther1	6015
enum	SpellId	SpiritDrinkerOther2	6016
enum	SpellId	SpiritDrinkerOther3	6017
enum	SpellId	SpiritDrinkerOther4	6018
enum	SpellId	SpiritDrinkerOther5	6019
enum	SpellId	SpiritDrinkerOther6	6020
enum	SpellId	SpiritDrinkerOther7	6021
enum	SpellId	SpiritDrinkerOther8	6022
enum	SpellId	SpiritDrinkerOther8cast	6023
enum	SpellId	SwiftKillerOther1	6024
enum	SpellId	SwiftKillerOther2	6025
enum	SpellId	SwiftKillerOther3	6026
enum	SpellId	SwiftKillerOther4	6027
enum	SpellId	SwiftKillerOther5	6028
enum	SpellId	SwiftKillerOther6	6029
enum	SpellId	SwiftKillerOther7	6030
enum	SpellId	SwiftKillerOther8	6031
enum	SpellId	PortalSendingNanjouStockade	6032
enum	SpellId	PortalSendingProvingGrounds5Uber	6033
enum	SpellId	PortalSendingProvingGrounds2Uber	6034
enum	SpellId	CantripSpiritofIzexi	6035
enum	SpellId	NoEscape	6036
enum	SpellId	FleetingWill	6037
enum	SpellId	CiderStamina	6038
enum	SpellId	CantripWeaponExpertise4	6039
enum	SpellId	CantripAlchemicalProwess4	6040
enum	SpellId	CantripArcaneProwess4	6041
enum	SpellId	CantripArmorExpertise4	6042
enum	SpellId	CantripLightWeaponsAptitude4	6043
enum	SpellId	CantripMissileWeaponsAptitude4	6044
enum	SpellId	CantripCookingProwess4	6045
enum	SpellId	CantripCreatureEnchantmentAptitude4	6046
enum	SpellId	CantripFinesseWeaponsAptitude4	6047
enum	SpellId	CantripDeceptionProwess4	6048
enum	SpellId	CantripDirtyFightingProwess4	6049
enum	SpellId	CantripDualWieldAptitude4	6050
enum	SpellId	CantripFealty4	6051
enum	SpellId	CantripFletchingProwess4	6052
enum	SpellId	CantripHealingProwess4	6053
enum	SpellId	CantripImpregnability4	6054
enum	SpellId	CantripInvulnerability4	6055
enum	SpellId	CantripItemEnchantmentAptitude4	6056
enum	SpellId	CantripItemExpertise4	6057
enum	SpellId	CantripJumpingProwess4	6058
enum	SpellId	CantripLeadership4	6059
enum	SpellId	CantripLifeMagicAptitude4	6060
enum	SpellId	CantripLockpickProwess4	6061
enum	SpellId	CantripMagicItemExpertise4	6062
enum	SpellId	CantripMagicResistance4	6063
enum	SpellId	CantripManaConversionProwess4	6064
enum	SpellId	CantripMonsterAttunement4	6065
enum	SpellId	CantripPersonAttunement4	6066
enum	SpellId	CantripRecklessnessProwess4	6067
enum	SpellId	CantripSalvaging4	6068
enum	SpellId	CantripShieldAptitude4	6069
enum	SpellId	CantripSneakAttackProwess4	6070
enum	SpellId	CantripSprint4	6071
enum	SpellId	CantripHeavyWeaponsAptitude4	6072
enum	SpellId	CantripTwoHandedAptitude4	6073
enum	SpellId	CantripVoidMagicAptitude4	6074
enum	SpellId	CantripWarMagicAptitude4	6075
enum	SpellId	CantripStaminaGain4	6076
enum	SpellId	CantripHealthGain4	6077
enum	SpellId	CantripManaGain4	6078
enum	SpellId	CantripStormWard4	6079
enum	SpellId	CantripAcidWard4	6080
enum	SpellId	CantripBludgeoningWard4	6081
enum	SpellId	CantripFlameWard4	6082
enum	SpellId	CantripFrostWard4	6083
enum	SpellId	CantripPiercingWard4	6084
enum	SpellId	CantripSlashingWard4	6085
enum	SpellId	CantripHermeticLink3	6086
enum	SpellId	CantripHermeticLink4	6087
enum	SpellId	CantripAcidBane4	6088
enum	SpellId	CantripBloodThirst4	6089
enum	SpellId	CantripBludgeoningBane4	6090
enum	SpellId	CantripDefender4	6091
enum	SpellId	CantripFlameBane4	6092
enum	SpellId	CantripFrostBane4	6093
enum	SpellId	CantripHeartThirst4	6094
enum	SpellId	CantripImpenetrability4	6095
enum	SpellId	CantripPiercingBane4	6096
enum	SpellId	CantripSlashingBane4	6097
enum	SpellId	CantripSpiritThirst4	6098
enum	SpellId	CantripStormBane4	6099
enum	SpellId	CantripSwiftHunter4	6100
enum	SpellId	CantripWillpower4	6101
enum	SpellId	CantripArmor4	6102
enum	SpellId	CantripCoordination4	6103
enum	SpellId	CantripEndurance4	6104
enum	SpellId	CantripFocus4	6105
enum	SpellId	CantripQuickness4	6106
enum	SpellId	CantripStrength4	6107
enum	SpellId	SummoningMasteryOther1	6108
enum	SpellId	SummoningMasteryOther2	6109
enum	SpellId	SummoningMasteryOther3	6110
enum	SpellId	SummoningMasteryOther4	6111
enum	SpellId	SummoningMasteryOther5	6112
enum	SpellId	SummoningMasteryOther6	6113
enum	SpellId	SummoningMasteryOther7	6114
enum	SpellId	SummoningMasteryOther8	6115
enum	SpellId	SummoningMasterySelf1	6116
enum	SpellId	SummoningMasterySelf2	6117
enum	SpellId	SummoningMasterySelf3	6118
enum	SpellId	SummoningMasterySelf4	6119
enum	SpellId	SummoningMasterySelf5	6120
enum	SpellId	SummoningMasterySelf6	6121
enum	SpellId	SummoningMasterySelf7	6122
enum	SpellId	SummoningMasterySelf8	6123
enum	SpellId	CantripSummoningProwess3	6124
enum	SpellId	CantripSummoningProwess4	6125
enum	SpellId	CantripSummoningProwess2	6126
enum	SpellId	CantripSummoningProwess1	6127
enum	SpellId	ModerateSummoningProwess	6128
enum	SpellId	SummoningIneptitudeOther1	6129
enum	SpellId	SummoningIneptitudeOther2	6130
enum	SpellId	SummoningIneptitudeOther3	6131
enum	SpellId	SummoningIneptitudeOther4	6132
enum	SpellId	SummoningIneptitudeOther5	6133
enum	SpellId	SummoningIneptitudeOther6	6134
enum	SpellId	SummoningIneptitudeOther7	6135
enum	SpellId	SummoningIneptitudeOther8	6136
enum	SpellId	CloakSummoningMastery2	6137
enum	SpellId	CloakSummoningMastery3	6138
enum	SpellId	CloakSummoningMastery4	6139
enum	SpellId	CloakSummoningMastery5	6140
enum	SpellId	CloakSummoningMastery1	6141
enum	SpellId	SetSummoningAptitude1	6142
enum	SpellId	SetSummoningAptitude2	6143
enum	SpellId	SetSummoningAptitude3	6144
enum	SpellId	SetSummoningAptitude4	6145
enum	SpellId	RideTheLightning	6146
enum	SpellId	PortalSendingIceValley	6147
enum	SpellId	PortalSendingVisitors4	6148
enum	SpellId	PortalSendingVisitorsVision	6149
enum	SpellId	RynthidRecall	6150
enum	SpellId	LightningRingRed	6151
enum	SpellId	LugianBomb	6152
enum	SpellId	TryptophanComa	6153
enum	SpellId	EnteringTheBasement	6154
enum	SpellId	EarthenStomp	6155
enum	SpellId	ViridianRing	6156
enum	SpellId	WitheringRing	6157
enum	SpellId	PoisonBreath	6158
enum	SpellId	ThornVolley	6159
enum	SpellId	ThornsAlt	6160
enum	SpellId	AcidicThorns	6161
enum	SpellId	ThornArc	6162
enum	SpellId	RingOfThorns	6163
enum	SpellId	DeadlyRingOfThorns	6164
enum	SpellId	DeadlyThornVolley	6165
enum	SpellId	PoisonedWounds	6166
enum	SpellId	PoisonedVitality	6167
enum	SpellId	DeadlyRingOfLightning	6168
enum	SpellId	DeadlyLightningVolley	6169
enum	SpellId	HoneyedLifeMead	6170
enum	SpellId	HoneyedManaMead	6171
enum	SpellId	HoneyedVigorMead	6172
enum	SpellId	RagingHeart	6173
enum	SpellId	TwistingWounds	6174
enum	SpellId	IncreasingPain	6175
enum	SpellId	Genius	6176
enum	SpellId	GauntletItemMastery	6177
enum	SpellId	GauntletWeaponMastery	6178
enum	SpellId	GauntletMagicItemMastery	6179
enum	SpellId	GauntletArmorMastery	6180
enum	SpellId	SingeingFlames	6181
enum	SpellId	OverExerted	6182
enum	SpellId	ReturnToTheStronghold1	6183
enum	SpellId	ReturnToTheStronghold2	6184
enum	SpellId	ReturnToTheStronghold3	6185
enum	SpellId	DeafeningWail	6186
enum	SpellId	ScreechingHowl	6187
enum	SpellId	Earthquake	6188
enum	SpellId	SearingDiscII	6189
enum	SpellId	HorizonsBladesII	6190
enum	SpellId	CassiusRingOfFireII	6191
enum	SpellId	NuhmudirasSpinesII	6192
enum	SpellId	HaloOfFrostII	6193
enum	SpellId	EyeOfTheStormII	6194
enum	SpellId	CloudedSoulII	6195
enum	SpellId	TectonicRiftsII	6196
enum	SpellId	EyeOfTheStormIIAlt	6197
enum	SpellId	IncantationOfLightningBolt	6198
enum	SpellId	IncantationOfLightningArc	6199
enum	SpellId	ParagonsDualWieldMasteryV	6200
enum	SpellId	ParagonsFinesseWeaponMasteryI	6201
enum	SpellId	ParagonsFinesseWeaponMasteryII	6202
enum	SpellId	ParagonsFinesseWeaponMasteryIII	6203
enum	SpellId	ParagonsFinesseWeaponMasteryIV	6204
enum	SpellId	ParagonsFinesseWeaponMasteryV	6205
enum	SpellId	ParagonsHeavyWeaponMasteryI	6206
enum	SpellId	ParagonsHeavyWeaponMasteryII	6207
enum	SpellId	ParagonsHeavyWeaponMasteryIII	6208
enum	SpellId	ParagonsHeavyWeaponMasteryIV	6209
enum	SpellId	ParagonsHeavyWeaponMasteryV	6210
enum	SpellId	ParagonsLifeMagicMasteryI	6211
enum	SpellId	ParagonsLifeMagicMasteryII	6212
enum	SpellId	ParagonsLifeMagicMasteryIII	6213
enum	SpellId	ParagonsLifeMagicMasteryIV	6214
enum	SpellId	ParagonsLifeMagicMasteryV	6215
enum	SpellId	ParagonsLightWeaponMasteryI	6216
enum	SpellId	ParagonsLightWeaponMasteryII	6217
enum	SpellId	ParagonsLightWeaponMasteryIII	6218
enum	SpellId	ParagonsLightWeaponMasteryIV	6219
enum	SpellId	ParagonsLightWeaponMasteryV	6220
enum	SpellId	ParagonsMissileWeaponMasteryI	6221
enum	SpellId	ParagonsMissileWeaponMasteryII	6222
enum	SpellId	ParagonsMissileWeaponMasteryIII	6223
enum	SpellId	ParagonsMissileWeaponMasteryIV	6224
enum	SpellId	ParagonsMissileWeaponMasteryV	6225
enum	SpellId	ParagonsRecklessnessMasteryI	6226
enum	SpellId	ParagonsRecklessnessMasteryII	6227
enum	SpellId	ParagonsRecklessnessMasteryIII	6228
enum	SpellId	ParagonsRecklessnessMasteryIV	6229
enum	SpellId	ParagonsRecklessnessMasteryV	6230
enum	SpellId	ParagonsSneakAttackMasteryI	6231
enum	SpellId	ParagonsSneakAttackMasteryII	6232
enum	SpellId	ParagonsSneakAttackMasteryIII	6233
enum	SpellId	ParagonsSneakAttackMasteryIV	6234
enum	SpellId	ParagonsSneakAttackMasteryV	6235
enum	SpellId	ParagonsTwoHandedCombatMasteryI	6236
enum	SpellId	ParagonsTwoHandedCombatMasteryII	6237
enum	SpellId	ParagonsTwoHandedCombatMasteryIII	6238
enum	SpellId	ParagonsTwoHandedCombatMasteryIV	6239
enum	SpellId	ParagonsTwoHandedCombatMasteryV	6240
enum	SpellId	ParagonsVoidMagicMasteryI	6241
enum	SpellId	ParagonsVoidMagicMasteryII	6242
enum	SpellId	ParagonsVoidMagicMasteryIII	6243
enum	SpellId	ParagonsVoidMagicMasteryIV	6244
enum	SpellId	ParagonsVoidMagicMasteryV	6245
enum	SpellId	ParagonsWarMagicMasteryI	6246
enum	SpellId	ParagonsWarMagicMasteryII	6247
enum	SpellId	ParagonsWarMagicMasteryIII	6248
enum	SpellId	ParagonsWarMagicMasteryIV	6249
enum	SpellId	ParagonsWarMagicMasteryV	6250
enum	SpellId	ParagonsDirtyFightingMasteryI	6251
enum	SpellId	ParagonsDirtyFightingMasteryII	6252
enum	SpellId	ParagonsDirtyFightingMasteryIII	6253
enum	SpellId	ParagonsDirtyFightingMasteryIV	6254
enum	SpellId	ParagonsDirtyFightingMasteryV	6255
enum	SpellId	ParagonsDualWieldMasteryI	6256
enum	SpellId	ParagonsDualWieldMasteryII	6257
enum	SpellId	ParagonsDualWieldMasteryIII	6258
enum	SpellId	ParagonsDualWieldMasteryIV	6259
enum	SpellId	ParagonsWillpowerV	6260
enum	SpellId	ParagonsCoordinationI	6261
enum	SpellId	ParagonsCoordinationII	6262
enum	SpellId	ParagonsCoordinationIII	6263
enum	SpellId	ParagonsCoordinationIV	6264
enum	SpellId	ParagonsCoordinationV	6265
enum	SpellId	ParagonsEnduranceI	6266
enum	SpellId	ParagonsEnduranceII	6267
enum	SpellId	ParagonsEnduranceIII	6268
enum	SpellId	ParagonsEnduranceIV	6269
enum	SpellId	ParagonsEnduranceV	6270
enum	SpellId	ParagonsFocusI	6271
enum	SpellId	ParagonsFocusII	6272
enum	SpellId	ParagonsFocusIII	6273
enum	SpellId	ParagonsFocusIV	6274
enum	SpellId	ParagonsFocusV	6275
enum	SpellId	ParagonQuicknessI	6276
enum	SpellId	ParagonQuicknessII	6277
enum	SpellId	ParagonQuicknessIII	6278
enum	SpellId	ParagonQuicknessIV	6279
enum	SpellId	ParagonQuicknessV	6280
enum	SpellId	ParagonsStrengthI	6281
enum	SpellId	ParagonsStrengthII	6282
enum	SpellId	ParagonsStrengthIII	6283
enum	SpellId	ParagonsStrengthIV	6284
enum	SpellId	ParagonsStrengthV	6285
enum	SpellId	ParagonsWillpowerI	6286
enum	SpellId	ParagonsWillpowerII	6287
enum	SpellId	ParagonsWillpowerIII	6288
enum	SpellId	ParagonsWillpowerIV	6289
enum	SpellId	ParagonsStaminaV	6290
enum	SpellId	ParagonsCriticalBoostI	6291
enum	SpellId	ParagonsCriticalDamageBoostII	6292
enum	SpellId	ParagonsCriticalDamageBoostIII	6293
enum	SpellId	ParagonsCriticalDamageBoostIV	6294
enum	SpellId	ParagonsCriticalDamageBoostV	6295
enum	SpellId	ParagonsCriticalDamageReductionI	6296
enum	SpellId	ParagonsCriticalDamageReductionII	6297
enum	SpellId	ParagonsCriticalDamageReductionIII	6298
enum	SpellId	ParagonsCriticalDamageReductionIV	6299
enum	SpellId	ParagonsCriticalDamageReductionV	6300
enum	SpellId	ParagonsDamageBoostI	6301
enum	SpellId	ParagonsDamageBoostII	6302
enum	SpellId	ParagonsDamageBoostIII	6303
enum	SpellId	ParagonsDamageBoostIV	6304
enum	SpellId	ParagonsDamageBoostV	6305
enum	SpellId	ParagonsDamageReductionI	6306
enum	SpellId	ParagonsDamageReductionII	6307
enum	SpellId	ParagonsDamageReductionIII	6308
enum	SpellId	ParagonsDamageReductionIV	6309
enum	SpellId	ParagonsDamageReductionV	6310
enum	SpellId	ParagonsManaI	6311
enum	SpellId	ParagonsManaII	6312
enum	SpellId	ParagonsManaIII	6313
enum	SpellId	ParagonsManaIV	6314
enum	SpellId	ParagonsManaV	6315
enum	SpellId	ParagonsStaminaI	6316
enum	SpellId	ParagonsStaminaII	6317
enum	SpellId	ParagonsStaminaIII	6318
enum	SpellId	ParagonsStaminaIV	6319
enum	SpellId	RingOfSkullsII	6320
enum	SpellId	ViridianRiseRecall	6321
enum	SpellId	ViridianRiseGreatTreeRecall	6322
enum	SpellId	GauntletImperilSelf	6323
enum	SpellId	GauntletVulnerabilitySelf	6324
enum	SpellId	CelestialHandStrongholdRecall	6325
enum	SpellId	EldrytchWebStrongholdRecall	6326
enum	SpellId	RadiantBloodStrongholdRecall	6327
enum	SpellId	GauntletCriticalDamageBoostI	6328
enum	SpellId	GauntletCriticalDamageBoostII	6329
enum	SpellId	GauntletDamageBoostI	6330
enum	SpellId	GauntletDamageBoostII	6331
enum	SpellId	GauntletDamageReductionI	6332
enum	SpellId	GauntletDamageReductionII	6333
enum	SpellId	GauntletCriticalDamageReductionI	6334
enum	SpellId	GauntletCriticalDamageReductionII	6335
enum	SpellId	GauntletHealingBoostI	6336
enum	SpellId	GauntletHealingBoostII	6337
enum	SpellId	GauntletVitalityI	6338
enum	SpellId	GauntletVitalityII	6339
enum	SpellId	GauntletVitalityIII	6340
enum	SpellId	NumSpells	8192
enum	PaletteTemplate	Undef	0
enum	PaletteTemplate	AquaBlue	1
enum	PaletteTemplate	Blue	2
enum	PaletteTemplate	BluePurple	3
enum	PaletteTemplate	Brown	4
enum	PaletteTemplate	DarkBlue	5
enum	PaletteTemplate	DeepBrown	6
enum	PaletteTemplate	DeepGreen	7
enum	PaletteTemplate	Green	8
enum	PaletteTemplate	Grey	9
enum	PaletteTemplate	LightBlue	10
enum	PaletteTemplate	Maroon	11
enum	PaletteTemplate	Navy	12
enum	PaletteTemplate	Purple	13
enum	PaletteTemplate	Red	14
enum	PaletteTemplate	RedPurple	15
enum	PaletteTemplate	Rose	16
enum	PaletteTemplate	Yellow	17
enum	PaletteTemplate	YellowBrown	18
enum	PaletteTemplate	Copper	19
enum	PaletteTemplate	Silver	20
enum	PaletteTemplate	Gold	21
enum	PaletteTemplate	Aqua	22
enum	PaletteTemplate	DarkAquaMetal	23
enum	PaletteTemplate	DarkBlueMetal	24
enum	PaletteTemplate	DarkCopperMetal	25
enum	PaletteTemplate	DarkGoldMetal	26
enum	PaletteTemplate	DarkGreenMetal	27
enum	PaletteTemplate	DarkPurpleMetal	28
enum	PaletteTemplate	DarkRedMetal	29
enum	PaletteTemplate	DarkSilverMetal	30
enum	PaletteTemplate	LightAquaMetal	31
enum	PaletteTemplate	LightBlueMetal	32
enum	PaletteTemplate	LightCopperMetal	33
enum	PaletteTemplate	LightGoldMetal	34
enum	PaletteTemplate	LightGreenMetal	35
enum	PaletteTemplate	LightPurpleMetal	36
enum	PaletteTemplate	LightRedMetal	37
enum	PaletteTemplate	LightSilverMetal	38
enum	PaletteTemplate	Black	39
enum	PaletteTemplate	Bronze	40
enum	PaletteTemplate	SandyYellow	41
enum	PaletteTemplate	DarkBrown	42
enum	PaletteTemplate	LightBrown	43
enum	PaletteTemplate	TanRed	44
enum	PaletteTemplate	PaleGreen	45
enum	PaletteTemplate	Tan	46
enum	PaletteTemplate	PastyYellow	47
enum	PaletteTemplate	SnowyWhite	48
enum	PaletteTemplate	RuddyYellow	49
enum	PaletteTemplate	RuddierYellow	50
enum	PaletteTemplate	MidGrey	51
enum	PaletteTemplate	DarkGrey	52
enum	PaletteTemplate	BlueDullSilver	53
enum	PaletteTemplate	YellowPaleSilver	54
enum	PaletteTemplate	BrownBlueDark	55
enum	PaletteTemplate	BrownBlueMed	56
enum	PaletteTemplate	GreenSilver	57
enum	PaletteTemplate	BrownGreen	58
enum	PaletteTemplate	YellowGreen	59
enum	PaletteTemplate	PalePurple	60
enum	PaletteTemplate	White	61
enum	PaletteTemplate	RedBrown	62
enum	PaletteTemplate	GreenBrown	63
enum	PaletteTemplate	OrangeBrown	64
enum	PaletteTemplate	PaleGreenBrown	65
enum	PaletteTemplate	PaleOrange	66
enum	PaletteTemplate	GreenSlime	67
enum	PaletteTemplate	BlueSlime	68
enum	PaletteTemplate	YellowSlime	69
enum	PaletteTemplate	PurpleSlime	70
enum	PaletteTemplate	DullRed	71
enum	PaletteTemplate	GreyWhite	72
enum	PaletteTemplate	MediumGrey	73
enum	PaletteTemplate	DullGreen	74
enum	PaletteTemplate	OliveGreen	75
enum	PaletteTemplate	Orange	76
enum	PaletteTemplate	BlueGreen	77
enum	PaletteTemplate	Olive	78
enum	PaletteTemplate	Lead	79
enum	PaletteTemplate	Iron	80
enum	PaletteTemplate	LiteGreen	81
enum	PaletteTemplate	PinkPurple	82
enum	PaletteTemplate	Amber	83
enum	PaletteTemplate	DyeDarkGreen	84
enum	PaletteTemplate	DyeDarkRed	85
enum	PaletteTemplate	DyeDarkYellow	86
enum	PaletteTemplate	DyeBotched	87
enum	PaletteTemplate	DyeWinterBlue	88
enum	PaletteTemplate	DyeWinterGreen	89
enum	PaletteTemplate	DyeWinterSilver	90
enum	PaletteTemplate	DyeSpringBlue	91
enum	PaletteTemplate	DyeSpringPurple	92
enum	PaletteTemplate	DyeSpringBlack	93
enum	CharacterTitle	Invalid	0
enum	CharacterTitle	Adventurer	1
enum	CharacterTitle	Archer	2
enum	CharacterTitle	Blademaster	3
enum	CharacterTitle	Enchanter	4
enum	CharacterTitle	LifeMage	5
enum	CharacterTitle	Sorcerer	6
enum	CharacterTitle	Vagabond	7
enum	CharacterTitle	Warrior	8
enum	CharacterTitle	BowHunter	9
enum	CharacterTitle	LifeCaster	10
enum	CharacterTitle	Soldier	11
enum	CharacterTitle	Swashbuckler	12
enum	CharacterTitle	WarMage	13
enum	CharacterTitle	Wayfarer	14
enum	CharacterTitle	AbhorrentWarrior	15
enum	CharacterTitle	Alchemist	16
enum	CharacterTitle	Annihilator	17
enum	CharacterTitle	Apothecary	18
enum	CharacterTitle	ArcticAdventurer	19
enum	CharacterTitle	ArcticMattekarAnnihilator	20
enum	CharacterTitle	Artifex	21
enum	CharacterTitle	AxeWarrior	22
enum	CharacterTitle	Ballisteer	23
enum	CharacterTitle	BaneoftheRemoran	24
enum	CharacterTitle	BloodShrethButcher	25
enum	CharacterTitle	Bloodletter	26
enum	CharacterTitle	BrooduKiller	27
enum	CharacterTitle	BrowerkKiller	28
enum	CharacterTitle	BugButcher	29
enum	CharacterTitle	Bugstomper	30
enum	CharacterTitle	BunnyMaster	31
enum	CharacterTitle	CarenziSlayer	32
enum	CharacterTitle	ChainBreaker	33
enum	CharacterTitle	ChampionofDereth	34
enum	CharacterTitle	ChampionofSanamar	35
enum	CharacterTitle	ChampionofSilyun	36
enum	CharacterTitle	Chef	37
enum	CharacterTitle	CreatureAdept	38
enum	CharacterTitle	DaggerFighter	39
enum	CharacterTitle	Deadeye	40
enum	CharacterTitle	DeathcapDefeater	41
enum	CharacterTitle	DefenderofDereth	42
enum	CharacterTitle	Deliverer	43
enum	CharacterTitle	Diplomat	44
enum	CharacterTitle	DireMattekarDispatcher	45
enum	CharacterTitle	Duelist	46
enum	CharacterTitle	EbonGromnieEradicator	47
enum	CharacterTitle	EngorgedScourge	48
enum	CharacterTitle	Evoker	49
enum	CharacterTitle	Explorer	50
enum	CharacterTitle	Exterminator	51
enum	CharacterTitle	Fisherman	52
enum	CharacterTitle	Fletcher	53
enum	CharacterTitle	FloesharkFlogger	54
enum	CharacterTitle	FriendofSanamar	55
enum	CharacterTitle	FriendofSilyun	56
enum	CharacterTitle	GaerlanSlayer	57
enum	CharacterTitle	GardenerWeeder	58
enum	CharacterTitle	GlendenWoodKnight	59
enum	CharacterTitle	GlendenWoodMilitia	60
enum	CharacterTitle	GoldenGod	61
enum	CharacterTitle	GraveRobber	62
enum	CharacterTitle	GuardianofDereth	63
enum	CharacterTitle	Gumshoe	64
enum	CharacterTitle	GuppyMaster	65
enum	CharacterTitle	HeartRipper	66
enum	CharacterTitle	HeroofDereth	67
enum	CharacterTitle	HeroofSanamar	68
enum	CharacterTitle	HeroofSilyun	69
enum	CharacterTitle	HonorarySnowman	70
enum	CharacterTitle	HonoraryWindreave	71
enum	CharacterTitle	Hunter	72
enum	CharacterTitle	Impaler	73
enum	CharacterTitle	InsatiableSlayer	74
enum	CharacterTitle	InvadersBane	75
enum	CharacterTitle	IronChef	76
enum	CharacterTitle	IronSpinedChittickImmolator	77
enum	CharacterTitle	ItemAdept	78
enum	CharacterTitle	KeeperofDereth	79
enum	CharacterTitle	KeerikKiller	80
enum	CharacterTitle	Kingslayer	81
enum	CharacterTitle	KireeKiller	82
enum	CharacterTitle	KnathAndrasAssassinator	83
enum	CharacterTitle	Lakeman	84
enum	CharacterTitle	LifeAdept	85
enum	CharacterTitle	Lightbringer	86
enum	CharacterTitle	MaceWarrior	87
enum	CharacterTitle	ManAtArmsThrasher	88
enum	CharacterTitle	MasterFletcher	89
enum	CharacterTitle	MasterofSlaughter	90
enum	CharacterTitle	MasterofStaves	91
enum	CharacterTitle	Miner	92
enum	CharacterTitle	MoarsmanDefiler	93
enum	CharacterTitle	MoraleSmasher	94
enum	CharacterTitle	MosswartWorshipperWhipper	95
enum	CharacterTitle	MottledCarenziMauler	96
enum	CharacterTitle	MudSlinger	97
enum	CharacterTitle	NaughtySkeletonSnuffer	98
enum	CharacterTitle	OlthoiRipperReducer	99
enum	CharacterTitle	ParagonofDeath	100
enum	CharacterTitle	Philanthropist	101
enum	CharacterTitle	PlateArmoredilloPunisher	102
enum	CharacterTitle	PlatinumProwler	103
enum	CharacterTitle	PolarUrsuinPounder	104
enum	CharacterTitle	PolardilloPummeler	105
enum	CharacterTitle	PondScum	106
enum	CharacterTitle	ProFisherman	107
enum	CharacterTitle	Projectilist	108
enum	CharacterTitle	Pugilist	109
enum	CharacterTitle	Queenslayer	110
enum	CharacterTitle	RavenousKiller	111
enum	CharacterTitle	RedFury	112
enum	CharacterTitle	ReeshanKiller	113
enum	CharacterTitle	RehirKiller	114
enum	CharacterTitle	RepugnantEaterRipper	115
enum	CharacterTitle	ResistanceFighter	116
enum	CharacterTitle	ResistanceRecruit	117
enum	CharacterTitle	ServantofTheDeep	118
enum	CharacterTitle	SezzhereiSlayer	119
enum	CharacterTitle	ShadowStalker	120
enum	CharacterTitle	ShallowsSharkNemesis	121
enum	CharacterTitle	Sharpshooter	122
enum	CharacterTitle	ShellfishHater	123
enum	CharacterTitle	ShieldofGlenden	124
enum	CharacterTitle	Shredder	125
enum	CharacterTitle	SilverSerf	126
enum	CharacterTitle	SiraluunSlasher	127
enum	CharacterTitle	Skipper	128
enum	CharacterTitle	Skullcrusher	129
enum	CharacterTitle	Skullsplitter	130
enum	CharacterTitle	Slicer	131
enum	CharacterTitle	Sniper	132
enum	CharacterTitle	SoldierSlaughterer	133
enum	CharacterTitle	SpearWarrior	134
enum	CharacterTitle	SpringCleaner	135
enum	CharacterTitle	StaffWarrior	136
enum	CharacterTitle	Stonebreaker	137
enum	CharacterTitle	Sureshot	138
enum	CharacterTitle	Swordfighter	139
enum	CharacterTitle	Theurgist	140
enum	CharacterTitle	ThrungusReaper	141
enum	CharacterTitle	Timberman	142
enum	CharacterTitle	Tracker	143
enum	CharacterTitle	Trapper	144
enum	CharacterTitle	TukoraLieutenantTrouncer	145
enum	CharacterTitle	UnarmedBrawler	146
enum	CharacterTitle	ViolatorGrievverVetoer	147
enum	CharacterTitle	VoraciousFlayer	148
enum	CharacterTitle	VoraciousHunter	149
enum	CharacterTitle	WarAdept	150
enum	CharacterTitle	WardenofDereth	151
enum	CharacterTitle	Warlock	152
enum	CharacterTitle	WarlordofDereth	153
enum	CharacterTitle	WarriorVanquisher	154
enum	CharacterTitle	WickedSkeletonWalloper	155
enum	CharacterTitle	WindreaveStalker	156
enum	CharacterTitle	WorkerObliterator	157
enum	CharacterTitle	DryreachMilitia	158
enum	CharacterTitle	HonoraryShadowHunter	159
enum	CharacterTitle	PerforatedKnight	160
enum	CharacterTitle	UNKNOWNGUESSEDNAME161	161
enum	CharacterTitle	PestControl	162
enum	CharacterTitle	RatReaper	163
enum	CharacterTitle	NymphManiac	164
enum	CharacterTitle	SimiuS	165
enum	CharacterTitle	SecondPlaceLoreQuizNight	166
enum	CharacterTitle	ACVeteran	167
enum	CharacterTitle	Aintafraidofnoghost	168
enum	CharacterTitle	Aintafraidofnoghosttwo	169
enum	CharacterTitle	Aintafraidofnoghostthree	170
enum	CharacterTitle	AnkleBiter	171
enum	CharacterTitle	AnnoyingFurryTalkingAnimal	172
enum	CharacterTitle	ArcherAssassin	173
enum	CharacterTitle	Archmage	174
enum	CharacterTitle	AsheronsCallGod	175
enum	CharacterTitle	AvatarofKain	176
enum	CharacterTitle	AzureAssailant	177
enum	CharacterTitle	BabyBunnyMaster	178
enum	CharacterTitle	BaronOddity	179
enum	CharacterTitle	BeginningoftheEnd	180
enum	CharacterTitle	BestMeleeinDT	181
enum	CharacterTitle	BigBlock	182
enum	CharacterTitle	BigRocx	183
enum	CharacterTitle	Blood	184
enum	CharacterTitle	BountyHunter	185
enum	CharacterTitle	BritishTootsie	186
enum	CharacterTitle	BugBait	187
enum	CharacterTitle	BunnyKiller	188
enum	CharacterTitle	CarebearStare	189
enum	CharacterTitle	CertifiedGanksta	190
enum	CharacterTitle	ChickenNugget	191
enum	CharacterTitle	ChickenSelect	192
enum	CharacterTitle	ChimaerasChampion	193
enum	CharacterTitle	CoMonarchofTheChosen	194
enum	CharacterTitle	ContainmentUnit	195
enum	CharacterTitle	CoolestTitleEver	196
enum	CharacterTitle	CorrosiveSoul	197
enum	CharacterTitle	CowKiller	198
enum	CharacterTitle	Cowboy	199
enum	CharacterTitle	CrystalLordKing	200
enum	CharacterTitle	CuddlyKitten	201
enum	CharacterTitle	CurmudgeonsFriend	202
enum	CharacterTitle	CursedAdventurer	203
enum	CharacterTitle	DaggerMaster	204
enum	CharacterTitle	DarkSwordLady	205
enum	CharacterTitle	DarktidesFinest	206
enum	CharacterTitle	DarktidesMostWanted	207
enum	CharacterTitle	DeadMeat	208
enum	CharacterTitle	DeadlyEggburt	209
enum	CharacterTitle	DeathbyDefault	210
enum	CharacterTitle	DeathbyPumpkin	211
enum	CharacterTitle	DeathbySappho	212
enum	CharacterTitle	DeathSpecialist	213
enum	CharacterTitle	DefenderofMrP	214
enum	CharacterTitle	DerethsGladiator	215
enum	CharacterTitle	DerethsMasterDodger	216
enum	CharacterTitle	DevEvader	217
enum	CharacterTitle	DevKiller	218
enum	CharacterTitle	DevSlayer	219
enum	CharacterTitle	DoubleFashionKing	220
enum	CharacterTitle	DoubleGolemKiller	221
enum	CharacterTitle	DoubleSurvivalChampion	222
enum	CharacterTitle	DudeofDOOM	223
enum	CharacterTitle	EctoCooler	224
enum	CharacterTitle	EctoCoolertwo	225
enum	CharacterTitle	EnvoySlayer	226
enum	CharacterTitle	EscapeeKiller	227
enum	CharacterTitle	EvilToothfairy	228
enum	CharacterTitle	FancyTitle	229
enum	CharacterTitle	FashionKing	230
enum	CharacterTitle	FashionPenguinKing	231
enum	CharacterTitle	FashionQueen	232
enum	CharacterTitle	FashionVictim	233
enum	CharacterTitle	FearlessFighter	234
enum	CharacterTitle	FlagBoy	235
enum	CharacterTitle	FrelornSlayer	236
enum	CharacterTitle	FriendtoMrP	237
enum	CharacterTitle	GangstaStyle	238
enum	CharacterTitle	Gangster	239
enum	CharacterTitle	Ghostbuster	240
enum	CharacterTitle	Gimp	241
enum	CharacterTitle	GimpGoddess	242
enum	CharacterTitle	GimpyMageofMight	243
enum	CharacterTitle	GladiatorChampion	244
enum	CharacterTitle	GlowingArcher	245
enum	CharacterTitle	GodoftheSwordsman	246
enum	CharacterTitle	GolemKiller	247
enum	CharacterTitle	GolemSlayer	248
enum	CharacterTitle	GreatPookieSlayer	249
enum	CharacterTitle	GuardianAngel	250
enum	CharacterTitle	GuardianofArwic	251
enum	CharacterTitle	HamsterHerder	252
enum	CharacterTitle	HamsterVitae	253
enum	CharacterTitle	HaveBunniesWillTravel	254
enum	CharacterTitle	HaveTrikeWillBabble	255
enum	CharacterTitle	HideandSeekSpecialist	256
enum	CharacterTitle	HollywoodBud	257
enum	CharacterTitle	HoltburgSurvivalChampion	258
enum	CharacterTitle	HoltburgsSurvivorChampion	259
enum	CharacterTitle	HonoraryPinkEep	260
enum	CharacterTitle	HungryHungryHippo	261
enum	CharacterTitle	HusbandofLynnie	262
enum	CharacterTitle	HusbandsHealer	263
enum	CharacterTitle	IamBigPIMPIN	264
enum	CharacterTitle	Ilikeddying	265
enum	CharacterTitle	JessicaHeart	266
enum	CharacterTitle	KingofallthatisPumpkin	267
enum	CharacterTitle	KingofCaul	268
enum	CharacterTitle	KingofDarktide	269
enum	CharacterTitle	KingofPierceDiggys	270
enum	CharacterTitle	KnightRider	271
enum	CharacterTitle	LadyoftheFourTowers	272
enum	CharacterTitle	LangeGang	273
enum	CharacterTitle	LevelMaster	274
enum	CharacterTitle	Leviathan	275
enum	CharacterTitle	LeviathanSlayer	276
enum	CharacterTitle	LibeEventsManager	277
enum	CharacterTitle	LifePreserver	278
enum	CharacterTitle	LiveEventCoordinator	279
enum	CharacterTitle	LiveEventsManager	280
enum	CharacterTitle	LiveOpCoordinator	281
enum	CharacterTitle	LoreSecondPlace	282
enum	CharacterTitle	LoreSecondPlaceQuizNight	283
enum	CharacterTitle	LoreChampionQuizNight1	284
enum	CharacterTitle	LoreChampionQuizNight2	285
enum	CharacterTitle	LoreMaster	286
enum	CharacterTitle	LoreMasterQuizNight1	287
enum	CharacterTitle	LoreMasterQuizNight2	288
enum	CharacterTitle	LoreMasterSecondPlace	289
enum	CharacterTitle	LoreMasterofStaves	290
enum	CharacterTitle	LotsofVitae	291
enum	CharacterTitle	LuckyLady	292
enum	CharacterTitle	MadCowSlayer	293
enum	CharacterTitle	MagesAssitant	294
enum	CharacterTitle	MasterTinkerer	295
enum	CharacterTitle	MayorofAyanBaqur	296
enum	CharacterTitle	MintyFresh	297
enum	CharacterTitle	MisunderstoodPengy	298
enum	CharacterTitle	Mom	299
enum	CharacterTitle	MommyPengy	300
enum	CharacterTitle	MosswartAlly	301
enum	CharacterTitle	MrNiceGuy	302
enum	CharacterTitle	Murderer	303
enum	CharacterTitle	Murderertwo	304
enum	CharacterTitle	NewbyTitle	305
enum	CharacterTitle	NiceBlueLady	306
enum	CharacterTitle	Numberonedraftpick	307
enum	CharacterTitle	OldSchool	308
enum	CharacterTitle	ParadoxSlayer	309
enum	CharacterTitle	PatronSaintoftheLifestone	310
enum	CharacterTitle	Peacebear	311
enum	CharacterTitle	PenguinKiller	312
enum	CharacterTitle	PigFarmer	313
enum	CharacterTitle	PinkBunnyKiller	314
enum	CharacterTitle	PinkBunnyMaster	315
enum	CharacterTitle	PinkGoddess	316
enum	CharacterTitle	PinkLady	317
enum	CharacterTitle	PKQueen	318
enum	CharacterTitle	PlayaKillaKing	319
enum	CharacterTitle	PokemonSlayer	320
enum	CharacterTitle	PrettyPumpkin	321
enum	CharacterTitle	Prisoner	322
enum	CharacterTitle	ProtectoroftheCheese	323
enum	CharacterTitle	ProtonPack	324
enum	CharacterTitle	PumpkinSlayer	325
enum	CharacterTitle	PumpkinStalker	326
enum	CharacterTitle	PurplePengy	327
enum	CharacterTitle	PwnerofNewbs	328
enum	CharacterTitle	QueenofBrats	329
enum	CharacterTitle	QueensCrafter	330
enum	CharacterTitle	QueensCraftertwo	331
enum	CharacterTitle	QueensPackRat	332
enum	CharacterTitle	QueensPackrat	333
enum	CharacterTitle	QueensTinker	334
enum	CharacterTitle	Rawr	335
enum	CharacterTitle	RaynesMagePet	336
enum	CharacterTitle	ReggaeRenegade	337
enum	CharacterTitle	RingBearer	338
enum	CharacterTitle	RingringringBananaphone	339
enum	CharacterTitle	RoadKill	340
enum	CharacterTitle	RollingDeathDestroyer	341
enum	CharacterTitle	RoyalChef	342
enum	CharacterTitle	RoyalCook	343
enum	CharacterTitle	Rugged	344
enum	CharacterTitle	SanitationEngineer	345
enum	CharacterTitle	ScarecrowSlayer	346
enum	CharacterTitle	ScaryPumkpkinDominator	347
enum	CharacterTitle	ScaryPumpkinSlayer	348
enum	CharacterTitle	Sentinal	349
enum	CharacterTitle	Sentry	350
enum	CharacterTitle	ShadowChild	351
enum	CharacterTitle	ShadowHunter	352
enum	CharacterTitle	ShadowSlayer	353
enum	CharacterTitle	SlayeroftheGreatPookie	354
enum	CharacterTitle	Slimer	355
enum	CharacterTitle	SnazzyDresser	356
enum	CharacterTitle	SoulMan	357
enum	CharacterTitle	SpookyTitle	358
enum	CharacterTitle	StaffMasta	359
enum	CharacterTitle	StaypuffedMallowGirl	360
enum	CharacterTitle	SuperGimpedAdventurer	361
enum	CharacterTitle	Supercalifragilisticexpialidocious	362
enum	CharacterTitle	Superman	363
enum	CharacterTitle	SurvivorChampion	364
enum	CharacterTitle	SwordScholar	365
enum	CharacterTitle	TehNewb	366
enum	CharacterTitle	TehSaint	367
enum	CharacterTitle	TestingGuy	368
enum	CharacterTitle	TheBait	369
enum	CharacterTitle	TheChosenKing	370
enum	CharacterTitle	TheComeBackKid	371
enum	CharacterTitle	TheForgotten	372
enum	CharacterTitle	TheGimped	373
enum	CharacterTitle	TheGreatandPowerful	374
enum	CharacterTitle	TheHalfFox	375
enum	CharacterTitle	TheNoob	376
enum	CharacterTitle	ThePurpleFez	377
enum	CharacterTitle	ThePwnerer	378
enum	CharacterTitle	TheUnknownPk	379
enum	CharacterTitle	ThunderChickenSlayer	380
enum	CharacterTitle	TMKiller	381
enum	CharacterTitle	ToughGuy	382
enum	CharacterTitle	TradesmanofAuberean	383
enum	CharacterTitle	TreasureHunter	384
enum	CharacterTitle	TremendousMonougaMaster	385
enum	CharacterTitle	TripleGolemKiller	386
enum	CharacterTitle	TurbineSlayer	387
enum	CharacterTitle	TwinsofTerror	388
enum	CharacterTitle	UberestNoobonFrostfell	389
enum	CharacterTitle	UnderworldThugg	390
enum	CharacterTitle	ViamontianSlayer	391
enum	CharacterTitle	VitaeKing	392
enum	CharacterTitle	VitaeVixen	393
enum	CharacterTitle	VixenofVitae	394
enum	CharacterTitle	WabbitBait	395
enum	CharacterTitle	WabbitKiller	396
enum	CharacterTitle	WanderingFool	397
enum	CharacterTitle	WardensAssistant	398
enum	CharacterTitle	WardensThug	399
enum	CharacterTitle	Wimp	400
enum	CharacterTitle	WolfpackCrafter	401
enum	CharacterTitle	WonderWoman	402
enum	CharacterTitle	Yagotserved	403
enum	CharacterTitle	GIMPcaps	404
enum	CharacterTitle	WardensAssistanttwo	405
enum	CharacterTitle	SupremeBunnyMaster	406
enum	CharacterTitle	GuardianoftheDark	407
enum	CharacterTitle	AprilsFool	408
enum	CharacterTitle	UlgrimsEep	409
enum	CharacterTitle	MukkirMasher	410
enum	CharacterTitle	HarbingersBane	411
enum	CharacterTitle	MasteroftheElements	412
enum	CharacterTitle	KillcranesAlly	413
enum	CharacterTitle	ApprenticeShadowHunter	414
enum	CharacterTitle	SquireoftheGoldenFlame	415
enum	CharacterTitle	KnightoftheGoldenFlame	416
enum	CharacterTitle	KnightoftheWhisperingBlade	417
enum	CharacterTitle	TheBlackSpear	418
enum	CharacterTitle	UNKNOWNGUESSEDNAME419	419
enum	CharacterTitle	CarraidasAvenger	420
enum	CharacterTitle	ParagonoftheWhisperingBlade	421
enum	CharacterTitle	ParagonoftheRossuMorta	422
enum	CharacterTitle	ChosenofVaricci	423
enum	CharacterTitle	ChosenofElysa	424
enum	CharacterTitle	SmallMukkirSquasher	425
enum	CharacterTitle	BloodWarrior	426
enum	CharacterTitle	Strategist	427
enum	CharacterTitle	WarBeast	428
enum	CharacterTitle	ChampionofDaemal	429
enum	CharacterTitle	HerooftheGoldenFlame	430
enum	CharacterTitle	SlayeroftheBlackSpear	431
enum	CharacterTitle	UNKNOWNGUESSEDNAME432	432
enum	CharacterTitle	ObviouslyBored	433
enum	CharacterTitle	ZefirZapper	434
enum	CharacterTitle	TuskerBlight	435
enum	CharacterTitle	ElementalEradicator	436
enum	CharacterTitle	ExpertBanishedHunter	437
enum	CharacterTitle	ExpertFallenHunter	438
enum	CharacterTitle	EliteHeadHunter	439
enum	CharacterTitle	FriendoftheFrostglaive	440
enum	CharacterTitle	SquireofNewViamont	441
enum	CharacterTitle	Reanimator	442
enum	CharacterTitle	ZombieIncursionSurvivor	443
enum	CharacterTitle	UlgrimsDrinkingBuddy	444
enum	CharacterTitle	MasterofthePorcelainAltar	445
enum	CharacterTitle	MasteroftheMysticalMug	446
enum	CharacterTitle	ColosseumChampion	447
enum	CharacterTitle	Titan	448
enum	CharacterTitle	Colossus	449
enum	CharacterTitle	MasterGladiator	450
enum	CharacterTitle	Fearless	451
enum	CharacterTitle	LordoftheArena	452
enum	CharacterTitle	RingMaster	453
enum	CharacterTitle	PitFighter	454
enum	CharacterTitle	Myrmidon	455
enum	CharacterTitle	HostileCombatant	456
enum	CharacterTitle	Survivalist	457
enum	CharacterTitle	WarrioroftheSeventhCircle	458
enum	CharacterTitle	Gladiator	459
enum	CharacterTitle	Contender	460
enum	CharacterTitle	DrudgeDread	461
enum	CharacterTitle	ArenaCustodian	462
enum	CharacterTitle	ArenaRat	463
enum	CharacterTitle	Scrapper	464
enum	CharacterTitle	ChampionRingIII	465
enum	CharacterTitle	ChampionRingV	466
enum	CharacterTitle	ChampionRingVI	467
enum	CharacterTitle	ChampionRingVII	468
enum	CharacterTitle	ChampionRingXII	469
enum	CharacterTitle	MasterChampionRingX	470
enum	CharacterTitle	RuukAlly	471
enum	CharacterTitle	SeekerofAsheron	472
enum	CharacterTitle	SeekerofTorgluuk	473
enum	CharacterTitle	PortalRitualist	474
enum	CharacterTitle	RangerRuuk	475
enum	CharacterTitle	BasherSlasher	476
enum	CharacterTitle	GurukHunter	477
enum	CharacterTitle	DeadEyefortheColossi	478
enum	CharacterTitle	FiendishHuntsman	479
enum	CharacterTitle	MonsterKiller	480
enum	CharacterTitle	BoshBoshKibosh	481
enum	CharacterTitle	MushroomCollector	482
enum	CharacterTitle	FungalFarmer	483
enum	CharacterTitle	MushroomMan	484
enum	CharacterTitle	Fungi	485
enum	CharacterTitle	MushroomKing	486
enum	CharacterTitle	Thrungamandius	487
enum	CharacterTitle	InitiateoftheBlade	488
enum	CharacterTitle	TorgluuksLiberator	489
enum	CharacterTitle	BurunLiberator	490
enum	CharacterTitle	AsheronsSavior	491
enum	CharacterTitle	AsheronsDefender	492
enum	CharacterTitle	UNKNOWNGUESSEDNAME493	493
enum	CharacterTitle	FuzzyBunnySlayer	494
enum	CharacterTitle	MoarHunter	495
enum	CharacterTitle	SpiketoothSlayer	496
enum	CharacterTitle	TowerGuardianArchitect	497
enum	CharacterTitle	ArtisanoftheFlameandLight	498
enum	CharacterTitle	GuardianoftheTower	499
enum	CharacterTitle	CragstoneMilitia	500
enum	CharacterTitle	CragstoneKnight	501
enum	CharacterTitle	GuardianofCragstone	502
enum	CharacterTitle	KnightoftheWindmill	503
enum	CharacterTitle	HeroOfHouseMhoire	504
enum	CharacterTitle	LadyTairlasChampion	505
enum	CharacterTitle	RoyalInvestigator	506
enum	CharacterTitle	WangaFighter	507
enum	CharacterTitle	HoogansHero	508
enum	CharacterTitle	CragstoneFirefighter	509
enum	CharacterTitle	UNKNOWNGUESSEDNAME510	510
enum	CharacterTitle	StalkerStalker	511
enum	CharacterTitle	Ravenous	512
enum	CharacterTitle	AlteredHunter	513
enum	CharacterTitle	AugmentedHunter	514
enum	CharacterTitle	DrudgeDoom	515
enum	CharacterTitle	DefenderofKryst	516
enum	CharacterTitle	ParadoxtouchedQueenslayer	517
enum	CharacterTitle	AmeliasCaretaker	518
enum	CharacterTitle	ProdigalTuskerSlayer	519
enum	CharacterTitle	MudmouthsBane	520
enum	CharacterTitle	OolutangasBane	521
enum	CharacterTitle	ProdigalShadowSlayer	522
enum	CharacterTitle	ProdigalHarbingerSlayer	523
enum	CharacterTitle	BloodSeeker	524
enum	CharacterTitle	StormRider	525
enum	CharacterTitle	Meddler	526
enum	CharacterTitle	VileBetrayer	527
enum	CharacterTitle	Spy	528
enum	CharacterTitle	SlithisSlayer	529
enum	CharacterTitle	ChosenoftheRift	530
enum	CharacterTitle	RiftShifter	531
enum	CharacterTitle	RiftWalker	532
enum	CharacterTitle	ReefBuilder	533
enum	CharacterTitle	ReefBreaker	534
enum	CharacterTitle	CryptRat	535
enum	CharacterTitle	GraveStalker	536
enum	CharacterTitle	BoneBreaker	537
enum	CharacterTitle	CryptCreeper	538
enum	CharacterTitle	TombRaider	539
enum	CharacterTitle	FolloweroftheVine	540
enum	CharacterTitle	Harvester	541
enum	CharacterTitle	HarvesterHarvester	542
enum	CharacterTitle	HarvesterHarvesterHarvester	543
enum	CharacterTitle	PumpkinThroneUsurper	544
enum	CharacterTitle	DeathKnight	545
enum	CharacterTitle	NullTitle	546
enum	CharacterTitle	TrackerGuardian	547
enum	CharacterTitle	DojiroSangisSavior	548
enum	CharacterTitle	MasteroftheHunt	549
enum	CharacterTitle	InitiateoftheHunt	550
enum	CharacterTitle	ApprenticeoftheHunt	551
enum	CharacterTitle	DiscipleoftheHunt	552
enum	CharacterTitle	SeekeroftheHunt	553
enum	CharacterTitle	ChampionoftheHunt	554
enum	CharacterTitle	GuardianofLinvakTukal	555
enum	CharacterTitle	UnwittingParticipant	556
enum	CharacterTitle	FriendofRheaga	557
enum	CharacterTitle	SlayerofRheaga	558
enum	CharacterTitle	ProtectorofthePast	559
enum	CharacterTitle	WarriorofthePast	560
enum	CharacterTitle	Anthropologist	561
enum	CharacterTitle	GoldFarmer	562
enum	CharacterTitle	ThirdEyeBlinder	563
enum	CharacterTitle	DireDrudgeDecapitator	564
enum	CharacterTitle	RenegadeHunter	565
enum	CharacterTitle	BanderlingBully	566
enum	CharacterTitle	Xenophobic	567
enum	CharacterTitle	ShadowSunderer	568
enum	CharacterTitle	DireHuntsman	569
enum	CharacterTitle	GameWarden	570
enum	CharacterTitle	HonoraryReaoftheAun	571
enum	CharacterTitle	HopeofthePast	572
enum	CharacterTitle	BeaconofHope	573
enum	CharacterTitle	AerbaxsBane	574
enum	CharacterTitle	AerbaxSlayer	575
enum	CharacterTitle	JestersEmancipator	576
enum	CharacterTitle	JestersFool	577
enum	CharacterTitle	JestersAccomplice	578
enum	CharacterTitle	HonoraryBurunScout	579
enum	CharacterTitle	MarbleWrangler	580
enum	CharacterTitle	SecretKeeper	581
enum	CharacterTitle	JestersLittleHelper	582
enum	CharacterTitle	HardToKill	583
enum	CharacterTitle	Expendable	584
enum	CharacterTitle	NoviceoftheSea	585
enum	CharacterTitle	AcolyteoftheSea	586
enum	CharacterTitle	MinisteroftheSea	587
enum	CharacterTitle	DefenderoftheSea	588
enum	CharacterTitle	ChampionoftheSea	589
enum	CharacterTitle	MasteroftheSea	590
enum	CharacterTitle	DefeaterOfTheBlight	591
enum	CharacterTitle	ChampionoftheAerlintheNode	592
enum	CharacterTitle	ChampionoftheAmunNode	593
enum	CharacterTitle	ChampionoftheEsperNode	594
enum	CharacterTitle	ChampionoftheHalaetanNode	595
enum	CharacterTitle	ChampionoftheLinvakNode	596
enum	CharacterTitle	ChampionoftheObsidianNode	597
enum	CharacterTitle	UNKNOWNGUESSEDNAME598	598
enum	CharacterTitle	UlgrimsHappyHundredth	599
enum	CharacterTitle	PluckerofEyes	600
enum	CharacterTitle	WardenoftheBurningWood	601
enum	CharacterTitle	ToughTough	602
enum	CharacterTitle	Archaeologist	603
enum	CharacterTitle	HeroofWoe	604
enum	CharacterTitle	DefenderofSilyun	605
enum	CharacterTitle	MemorialChampion	606
enum	CharacterTitle	ThaneofColier	607
enum	CharacterTitle	GuardianoftheKeep	608
enum	CharacterTitle	WarrioroftheCraterLake	609
enum	CharacterTitle	UNKNOWNGUESSEDNAME610	610
enum	CharacterTitle	Arwician	611
enum	CharacterTitle	DesertWarrior	612
enum	CharacterTitle	MayoiProtector	613
enum	CharacterTitle	StoneCollector	614
enum	CharacterTitle	RockStar	615
enum	CharacterTitle	RockHound	616
enum	CharacterTitle	WarriorofWoe	617
enum	CharacterTitle	Haswaytoomuchtime	618
enum	CharacterTitle	ChampionImmemorial	619
enum	CharacterTitle	ColierMiner	620
enum	CharacterTitle	Legionnaire	621
enum	CharacterTitle	Volcanologist	622
enum	CharacterTitle	HilltopDefender	623
enum	CharacterTitle	ArwicNoble	624
enum	CharacterTitle	Zharalim	625
enum	CharacterTitle	Samurai	626
enum	CharacterTitle	GuardianinthePatriarchRaids	627
enum	CharacterTitle	WardeninthePatriarchRaids	628
enum	CharacterTitle	HeroofthePatriarchRaids	629
enum	CharacterTitle	MarkedbythePatriarchs	630
enum	CharacterTitle	UNKNOWNGUESSEDNAME631	631
enum	CharacterTitle	UNKNOWNGUESSEDNAME632	632
enum	CharacterTitle	UNKNOWNGUESSEDNAME633	633
enum	CharacterTitle	UNKNOWNGUESSEDNAME634	634
enum	CharacterTitle	UNKNOWNGUESSEDNAME635	635
enum	CharacterTitle	UNKNOWNGUESSEDNAME636	636
enum	CharacterTitle	CathedralsChampion	637
enum	CharacterTitle	AsheronsMilitia	638
enum	CharacterTitle	MinikRasBane	639
enum	CharacterTitle	KazykRisBane	640
enum	CharacterTitle	NivinizksBane	641
enum	CharacterTitle	MinikRasNemesis	642
enum	CharacterTitle	KazykRisNemesis	643
enum	CharacterTitle	NivinizksNemesis	644
enum	CharacterTitle	AubereansSentinel	645
enum	CharacterTitle	DerethsElite	646
enum	CharacterTitle	DefenderoftheDeru	647
enum	CharacterTitle	BaneoftheBlessed	648
enum	CharacterTitle	Negotiator	649
enum	CharacterTitle	BaneoftheBlight	650
enum	CharacterTitle	Gifted	651
enum	CharacterTitle	SeasonalSeeker	652
enum	CharacterTitle	AmateurExplorer	653
enum	CharacterTitle	ExperiencedExplorer	654
enum	CharacterTitle	AdeptExplorer	655
enum	CharacterTitle	MasterExplorer	656
enum	CharacterTitle	EliteExplorer	657
enum	CharacterTitle	MountainClimber	658
enum	CharacterTitle	Daredevil	659
enum	CharacterTitle	SkyDiver	660
enum	CharacterTitle	Spelunker	661
enum	CharacterTitle	PartyGoer	662
enum	CharacterTitle	CraterCrasher	663
enum	CharacterTitle	TacticalAid	664
enum	CharacterTitle	TrueTactician	665
enum	CharacterTitle	TacticalFantastical	666
enum	CharacterTitle	FireoftheTanada	667
enum	CharacterTitle	CrystallineAdventurer	668
enum	CharacterTitle	WispWhipper	669
enum	CharacterTitle	BurningSoul	670
enum	CharacterTitle	FrozenFighter	671
enum	CharacterTitle	Dedicated	672
enum	CharacterTitle	Assassin	673
enum	CharacterTitle	DeathDealer	674
enum	CharacterTitle	BridgeJumper	675
enum	CharacterTitle	SureStep	676
enum	CharacterTitle	PlayerSlayer	677
enum	CharacterTitle	BathedinBlood	678
enum	CharacterTitle	IAmDarktide	679
enum	CharacterTitle	DarknessintheLight	680
enum	CharacterTitle	BeginningsEnd	681
enum	CharacterTitle	NexusCrawler	682
enum	CharacterTitle	SelflessSoul	683
enum	CharacterTitle	TimelessAdventurer	684
enum	CharacterTitle	VirindiInformer	685
enum	CharacterTitle	NoCageCouldHoldMe	686
enum	CharacterTitle	AllforOne	687
enum	CharacterTitle	OneforAll	688
enum	CharacterTitle	JackOAllTrades	689
enum	CharacterTitle	KnightoftheNortheastTower	690
enum	CharacterTitle	KnightoftheNorthwestTower	691
enum	CharacterTitle	KnightoftheSoutheastTower	692
enum	CharacterTitle	KnightoftheSouthwestTower	693
enum	CharacterTitle	KnightoftheMhoireThrone	694
enum	CharacterTitle	HistorianoftheMhoireThrone	695
enum	CharacterTitle	ChampionofHouseMhoire	696
enum	CharacterTitle	SwordbearerofHouseMhoire	697
enum	CharacterTitle	ArchmageofHouseMhoire	698
enum	CharacterTitle	SeekerofCastleMhoire	699
enum	CharacterTitle	StewardofCastleMhoire	700
enum	CharacterTitle	GoldenGearCrafter	701
enum	CharacterTitle	AllyoftheGoldPrimus	702
enum	CharacterTitle	GearKnightAssassin	703
enum	CharacterTitle	GearKnightRecruiter	704
enum	CharacterTitle	GearKnightEmissary	705
enum	CharacterTitle	MenhirSeeker	706
enum	CharacterTitle	ManaFieldFinder	707
enum	CharacterTitle	AssistantsAssistant	708
enum	CharacterTitle	ArcanumAdventurer	709
enum	CharacterTitle	GearKnightDefender	710
enum	CharacterTitle	Ripper	711
enum	CharacterTitle	AcidSpitter	712
enum	CharacterTitle	BloodstoneHunter	713
enum	CharacterTitle	GuidingLight	714
enum	CharacterTitle	CloudedSoul	715
enum	CharacterTitle	UndercoverofDarkness	716
enum	CharacterTitle	BroughttoLight	717
enum	CharacterTitle	UNKNOWNGUESSEDNAME718	718
enum	CharacterTitle	IlluminatingtheShadows	719
enum	CharacterTitle	ExploringArchaeologist	720
enum	CharacterTitle	ContractKiller	721
enum	CharacterTitle	ShadowPuppet	722
enum	CharacterTitle	Hopebringer	723
enum	CharacterTitle	IntheDark	724
enum	CharacterTitle	UNKNOWNGUESSEDNAME725	725
enum	CharacterTitle	SearchingShadows	726
enum	CharacterTitle	ShadowSoldier	727
enum	CharacterTitle	BrightKnight	728
enum	CharacterTitle	MercifulKiller	729
enum	CharacterTitle	SoulSiphon	730
enum	CharacterTitle	TheTouTouTerror	731
enum	CharacterTitle	DoubleAgent	732
enum	CharacterTitle	DuleingwiththeDark	733
enum	CharacterTitle	CreatureofChaos	734
enum	CharacterTitle	Conspirator	735
enum	CharacterTitle	HerooftheNight	736
enum	CharacterTitle	MasteroftheTwistedWord	737
enum	CharacterTitle	TheNightmareLord	738
enum	CharacterTitle	TheNightmareMage	739
enum	CharacterTitle	TheTwistedWeaver	740
enum	CharacterTitle	LordofDarkDreams	741
enum	CharacterTitle	UNKNOWNGUESSEDNAME742	742
enum	CharacterTitle	TheDarkDreamwalker	743
enum	CharacterTitle	UNKNOWNGUESSEDNAME744	744
enum	CharacterTitle	TheDreamslayer	745
enum	CharacterTitle	TheNightmareStalker	746
enum	CharacterTitle	UNKNOWNGUESSEDNAME747	747
enum	CharacterTitle	TheThoughtSpiral	748
enum	CharacterTitle	UNKNOWNGUESSEDNAME749	749
enum	CharacterTitle	UNKNOWNGUESSEDNAME750	750
enum	CharacterTitle	MasteroftheOubliette	751
enum	CharacterTitle	UNKNOWNGUESSEDNAME751	752
enum	CharacterTitle	TheRestless	753
enum	CharacterTitle	FierySpirit	754
enum	CharacterTitle	IcyVeins	755
enum	CharacterTitle	ShockingDisposition	756
enum	CharacterTitle	AcidicSoul	757
enum	CharacterTitle	GroundedMorals	758
enum	CharacterTitle	DarkenedHeart	759
enum	CharacterTitle	TheTrueEmperor	760
enum	CharacterTitle	BearerofDarkness	761
enum	CharacterTitle	UNKNOWNGUESSEDNAME762	762
enum	CharacterTitle	HealerRitualist	763
enum	CharacterTitle	VanquisheroftheTitan	764
enum	CharacterTitle	DerethianNewbie	765
enum	CharacterTitle	NoviceWanderer	766
enum	CharacterTitle	NotableCitizen	767
enum	CharacterTitle	AdeptAdventurer	768
enum	CharacterTitle	IntrepidExplorer	769
enum	CharacterTitle	SupremeSoldier	770
enum	CharacterTitle	EpicWarrior	771
enum	CharacterTitle	ParagonofNewAluvia	772
enum	CharacterTitle	AnAubereanLegend	773
enum	CharacterTitle	Heretic	774
enum	CharacterTitle	Captain	775
enum	CharacterTitle	PetSavior	776
enum	CharacterTitle	AvalancheAvoider	777
enum	CharacterTitle	LiberatorofUziz	778
enum	CharacterTitle	OutofTune	779
enum	CharacterTitle	HiveQueenslayer	780
enum	CharacterTitle	EvisceratorDecimator	781
enum	CharacterTitle	UltimateWarrior	782
enum	CharacterTitle	StoneColdKiller	783
enum	CharacterTitle	QuellerofRage	784
enum	CharacterTitle	EnderofTorment	785
enum	CharacterTitle	ControllerofEmotions	786
enum	CharacterTitle	RynthidRavager	787
enum	CharacterTitle	LothusServitor	788
enum	CharacterTitle	AllyoftheLothus	789
enum	CharacterTitle	AllyoftheCouncil	790
enum	CharacterTitle	EmotionalWreck	791
enum	CharacterTitle	MinionMarauder	792
enum	CharacterTitle	RynthidWrecker	793
enum	CharacterTitle	NightOwl	794
enum	CharacterTitle	MenderoftheRift	795
enum	CharacterTitle	SorcererSlayer	796
enum	CharacterTitle	RageQuitter	797
enum	CharacterTitle	Purifier	798
enum	CharacterTitle	FanOfAsheron	799
enum	CharacterTitle	Asherons1	800
enum	CharacterTitle	Shutterbug	801
enum	CharacterTitle	TheFocused	802
enum	CharacterTitle	DerethRecruiter	803
enum	CharacterTitle	FowlFollower	804
enum	CharacterTitle	FollowerofAsheron	805
enum	CharacterTitle	FollowsDirections	806
enum	CharacterTitle	CantFollowDirections	807
enum	CharacterTitle	LikesAsheron	808
enum	CharacterTitle	LikesGettingTitles	809
enum	CharacterTitle	LikesWhereThisIsGoing	810
enum	CharacterTitle	LikesUlgrim	811
enum	CharacterTitle	Likable	812
enum	CharacterTitle	Captivating	813
enum	CharacterTitle	MasterofCeremony	814
enum	CharacterTitle	RoadWarrior	815
enum	CharacterTitle	Thriller	816
enum	CharacterTitle	HauntsYourDreams	817
enum	CharacterTitle	AsheronsCollectCaller	818
enum	CharacterTitle	TheInquisitive	819
enum	CharacterTitle	PortalStormer	820
enum	CharacterTitle	BringerofPain	821
enum	CharacterTitle	HarbingerofMadness	822
enum	CharacterTitle	MarkedByLuck	823
enum	CharacterTitle	MarkedByFate	824
enum	CharacterTitle	MarkedByFame	825
enum	CharacterTitle	MarkedByGlamour	826
enum	CharacterTitle	MarkedByBacon	827
enum	CharacterTitle	Puzzlemaster	828
enum	CharacterTitle	RiddleRavager	829
enum	CharacterTitle	TheCoolKidsClub	830
enum	CharacterTitle	EpicWin	831
enum	CharacterTitle	EpicFail	832
enum	CharacterTitle	AlwaysPickedFirst	833
enum	CharacterTitle	AlwaysPickedLast	834
enum	CharacterTitle	ForeverAlone	835
enum	CharacterTitle	NinetyNineProblemsOlthoiAte1	836
enum	CharacterTitle	HungryforMoar	837
enum	CharacterTitle	ICanHazTitleNao	838
enum	CharacterTitle	Snowbunny	839
enum	CharacterTitle	ColdAsIce	840
enum	CharacterTitle	PenguinPlunge	841
enum	CharacterTitle	FlowerSniffer	842
enum	CharacterTitle	SpringsIntoAction	843
enum	CharacterTitle	HeatsThingsUp	844
enum	CharacterTitle	CruelSummer	845
enum	CharacterTitle	HotintheCity	846
enum	CharacterTitle	RunsThroughSprinklers	847
enum	CharacterTitle	TheKnowledgeable	848
enum	CharacterTitle	WellTrained	849
enum	CharacterTitle	PumpkinLord	850
enum	CharacterTitle	Haunted	851
enum	CharacterTitle	Possessed	852
enum	CharacterTitle	Doomsayer	853
enum	CharacterTitle	Accursed	854
enum	CharacterTitle	ColdTurkey	855
enum	CharacterTitle	JiveTurkey	856
enum	CharacterTitle	PresentProtector	857
enum	CharacterTitle	HollyJollyHelper	858
enum	CharacterTitle	LossPrevention	859
enum	CharacterTitle	ChristmasCourier	860
enum	CharacterTitle	HolidayHero	861
enum	CharacterTitle	CrownOfTheDeru	862
enum	CharacterTitle	ViridianDreamer	863
enum	CharacterTitle	ViridianLord	864
enum	CharacterTitle	ViridianKnight	865
enum	CharacterTitle	ViridianStalker	866
enum	CharacterTitle	ViridianSlayer	867
enum	CharacterTitle	ViridianPurifier	868
enum	CharacterTitle	KnightOfThorns	869
enum	CharacterTitle	HunterOfThorns	870
enum	CharacterTitle	MageOfThorns	871
enum	CharacterTitle	Thornstalker	872
enum	CharacterTitle	ChampionOfTheViridianTree	873
enum	CharacterTitle	CorruptorOfTheRoot	874
enum	CharacterTitle	KillerAmongShadows	875
enum	CharacterTitle	ServantOfTheVile	876
enum	CharacterTitle	KnightOfCorruptedAmber	877
enum	CharacterTitle	GauntletChampion	878
enum	CharacterTitle	Bloodthirsty	879
enum	CharacterTitle	GauntletGladiator	880
enum	CharacterTitle	WilyWarrior	881
enum	CharacterTitle	SoldierOfFortune	882
enum	CharacterTitle	SocietySavage	883
enum	CharacterTitle	CoinCollector	884
enum	CharacterTitle	BrutalBarbarian	885
enum	CharacterTitle	Idolized	886
enum	CharacterTitle	MasterOfPuppets	887
enum	CharacterTitle	TitanSlayer	888
enum	CharacterTitle	Awakened	889
enum	CharacterTitle	Enlightened	890
enum	CharacterTitle	Illuminated	891
enum	CharacterTitle	Transcended	892
enum	CharacterTitle	CosmicConscious	893
enum	CharacterTitle	LastManStanding	894
enum	ContractId	Undef	0
enum	ContractId	Contract_1_The_Shadows_of_Bitter_Winter	1
enum	ContractId	Contract_2_Test_Quest_Stamping	2
enum	ContractId	Contract_3_Test_Contract_3	3
enum	ContractId	Contract_4_Test_Contract_4	4
enum	ContractId	Contract_5_Reign_of_Terror	5
enum	ContractId	Contract_6_Glenden_Wood_Invasion_Low	6
enum	ContractId	Contract_7_Glenden_Wood_Invasion_Mid	7
enum	ContractId	Contract_8_Glenden_Wood_Invasion_High	8
enum	ContractId	Contract_9_Frozen_Fury	9
enum	ContractId	Contract_10_Defense_of_Zaikhal_Copper	10
enum	ContractId	Contract_11_Defense_of_Zaikhal_Silver	11
enum	ContractId	Contract_12_Defense_of_Zaikhal_Gold	12
enum	ContractId	Contract_13_Defense_of_Zaikhal_Platinum	13
enum	ContractId	Contract_14_The_Caliginous_Bethel	14
enum	ContractId	Contract_15_The_Legend_of_the_Tusker_Paw	15
enum	ContractId	Contract_16_Oswalds_Lair	16
enum	ContractId	Contract_17_The_Decrepit_Tower	17
enum	ContractId	Contract_18_Banderling_Haunt	18
enum	ContractId	Contract_19_Reconnaissance	19
enum	ContractId	Contract_20_Assault_Low	20
enum	ContractId	Contract_21_Assault_Mid	21
enum	ContractId	Contract_22_Assault_High	22
enum	ContractId	Contract_23_Assault_Expert	23
enum	ContractId	Contract_24_Infiltration	24
enum	ContractId	Contract_25_Of_Trust_and_Betrayal	25
enum	ContractId	Contract_26_Ishaqs_Lost_Key	26
enum	ContractId	Contract_27_The_Shadows_of_Bitter_Winter	27
enum	ContractId	Contract_28_Suzuhara_Baijins_Delivery	28
enum	ContractId	Contract_29_Haleatan_Beach_Camps	29
enum	ContractId	Contract_30_Ricardos_Blood_Gem	30
enum	ContractId	Contract_31_Sawato_Extortion	31
enum	ContractId	Contract_32_First_Contact	32
enum	ContractId	Contract_33_Crafting_Forges_Low	33
enum	ContractId	Contract_34_Crafting_Forges_Mid	34
enum	ContractId	Contract_35_Crafting_Forges_High	35
enum	ContractId	Contract_36_Northern_Shroud_Cabal	36
enum	ContractId	Contract_37_Southern_Shroud_Cabal	37
enum	ContractId	Contract_38_Faces_of_the_Mukkir_Low	38
enum	ContractId	Contract_39_Faces_of_the_Mukkir_Mid	39
enum	ContractId	Contract_40_Faces_of_the_Mukkir_High	40
enum	ContractId	Contract_41_Faces_of_the_Mukkir_Expert	41
enum	ContractId	Contract_42_Fiun_Healing_Machine	42
enum	ContractId	Contract_43_Hamuds_Demise	43
enum	ContractId	Contract_44_Raising_Graels_Island	44
enum	ContractId	Contract_45_Enricos_Betrayal	45
enum	ContractId	Contract_46_Lost_Pet	46
enum	ContractId	Contract_47_His_Masters_Voice	47
enum	ContractId	Contract_48_Tentacles_of_Tthuun	48
enum	ContractId	Contract_49_Reign_of_Terror	49
enum	ContractId	Contract_50_The_Crystal_Staff_of_the_Anekshay	50
enum	ContractId	Contract_51_The_Crystal_Sword_of_the_Anekshay	51
enum	ContractId	Contract_52_The_Crystal_Amulet_of_the_Anekshay	52
enum	ContractId	Contract_53_The_Crystal_Idol_of_the_Anekshay	53
enum	ContractId	Contract_54_Armoredillo_Hunting__Lost_City_of_Neftet	54
enum	ContractId	Contract_55_Golem_Hunting__Lost_City_of_Neftet	55
enum	ContractId	Contract_56_Mu_miyah_Hunting__Lost_City_of_Neftet	56
enum	ContractId	Contract_57_Reedshark_Hunting__Lost_City_of_Neftet	57
enum	ContractId	Contract_58_Anekshay_Bracer_Collecting__Lost_City_of_Neftet	58
enum	ContractId	Contract_59_Stone_Tablet_Collecting__Lost_City_of_Neftet	59
enum	ContractId	Contract_60_Prickly_Pear_Collecting__Lost_City_of_Neftet	60
enum	ContractId	Contract_61_Contracts__Brokers	61
enum	ContractId	Contract_62_Aug__Sir_Bellas	62
enum	ContractId	Contract_63_Aug__Society	63
enum	ContractId	Contract_64_Aug__Diemos	64
enum	ContractId	Contract_65_Aug__Luminance	65
enum	ContractId	Contract_66_Colosseum	66
enum	ContractId	Contract_67_Aerbaxs_Defeat	67
enum	ContractId	Contract_68_Summoning_Tthuun	68
enum	ContractId	Contract_69_Empyrean_Rescue	69
enum	ContractId	Contract_70_Uncovering_the_Renegades	70
enum	ContractId	Contract_71_Tumerok_Salted_Meat	71
enum	ContractId	Contract_72_Deewains_Dark_Cavern	72
enum	ContractId	Contract_73_Sealing_Away_the_Book_of_Eibhil	73
enum	ContractId	Contract_74_Soc__Dark_Isle_Delivery	74
enum	ContractId	Contract_75_Soc__Vaeshok	75
enum	ContractId	Contract_76_Soc__Shambling_Archivist	76
enum	ContractId	Contract_77_Soc__Undead_Jaw_Collection	77
enum	ContractId	Contract_78_Soc__Wight_Blade_Sorcerers	78
enum	ContractId	Contract_79_Soc__Black_Coral_Collection	79
enum	ContractId	Contract_80_Soc__Dark_Isle_Scouting	80
enum	ContractId	Contract_81_Soc__Bandit_Mana_Hunter_Boss	81
enum	ContractId	Contract_82_Soc__Mana_Infused_Jungle_Flowers	82
enum	ContractId	Contract_83_Soc__Jungle_Lilies	83
enum	ContractId	Contract_84_Soc__Moar_Glands	84
enum	ContractId	Contract_85_Soc__Blessed_Moarsmen	85
enum	ContractId	Contract_86_Soc__Phyntos_Hive_Splinters	86
enum	ContractId	Contract_87_Soc__Phyntos_Honey	87
enum	ContractId	Contract_88_Soc__Phyntos_Queen	88
enum	ContractId	Contract_89_Soc__Phyntos_Larvae	89
enum	ContractId	Contract_90_Soc__Killer_Phyntos_Wasps	90
enum	ContractId	Contract_91_Soc__Coral_Towers	91
enum	ContractId	Contract_92_Soc__Magshuth_Moarsmen	92
enum	ContractId	Contract_93_Soc__Moarsman_High_Priest	93
enum	ContractId	Contract_94_Soc__Artifact_Collection	94
enum	ContractId	Contract_95_Soc__Moguth_Moarsmen	95
enum	ContractId	Contract_96_Soc__Shoguth_Moarsmen	96
enum	ContractId	Contract_97_Soc__Spawning_Pools	97
enum	ContractId	Contract_98_Soc__Graveyard_Delivery	98
enum	ContractId	Contract_99_Soc__Stone_Tracings	99
enum	ContractId	Contract_100_Soc__Falatacot_Reports	100
enum	ContractId	Contract_101_Soc__Dark_Isle_Delivery	101
enum	ContractId	Contract_102_Soc__Vaeshok	102
enum	ContractId	Contract_103_Soc__Shambling_Archivist	103
enum	ContractId	Contract_104_Soc__Undead_Jaw_Collection	104
enum	ContractId	Contract_105_Soc__Wight_Blade_Sorcerers	105
enum	ContractId	Contract_106_Soc__Black_Coral_Collection	106
enum	ContractId	Contract_107_Soc__Dark_Isle_Scouting	107
enum	ContractId	Contract_108_Soc__Bandit_Mana_Hunter_Boss	108
enum	ContractId	Contract_109_Soc__Mana_Infused_Jungle_Flowers	109
enum	ContractId	Contract_110_Soc__Jungle_Lilies	110
enum	ContractId	Contract_111_Soc__Moar_Glands	111
enum	ContractId	Contract_112_Soc__Blessed_Moarsmen	112
enum	ContractId	Contract_113_Soc__Phyntos_Hive_Splinters	113
enum	ContractId	Contract_114_Soc__Phyntos_Honey	114
enum	ContractId	Contract_115_Soc__Phyntos_Queen	115
enum	ContractId	Contract_116_Soc__Phyntos_Larvae	116
enum	ContractId	Contract_117_Soc__Killer_Phyntos_Wasps	117
enum	ContractId	Contract_118_Soc__Coral_Towers	118
enum	ContractId	Contract_119_Soc__Magshuth_Moarsmen	119
enum	ContractId	Contract_120_Soc__Moarsman_High_Priest	120
enum	ContractId	Contract_121_Soc__Artifact_Collection	121
enum	ContractId	Contract_122_Soc__Moguth_Moarsmen	122
enum	ContractId	Contract_123_Soc__Shoguth_Moarsmen	123
enum	ContractId	Contract_124_Soc__Spawning_Pools	124
enum	ContractId	Contract_125_Soc__Graveyard_Delivery	125
enum	ContractId	Contract_126_Soc__Stone_Tracings	126
enum	ContractId	Contract_127_Soc__Falatacot_Reports	127
enum	ContractId	Contract_128_Soc__Dark_Isle_Delivery	128
enum	ContractId	Contract_129_Soc__Vaeshok	129
enum	ContractId	Contract_130_Soc__Shambling_Archivist	130
enum	ContractId	Contract_131_Soc__Undead_Jaw_Collection	131
enum	ContractId	Contract_132_Soc__Wight_Blade_Sorcerers	132
enum	ContractId	Contract_133_Soc__Black_Coral_Collection	133
enum	ContractId	Contract_134_Soc__Dark_Isle_Scouting	134
enum	ContractId	Contract_135_Soc__Bandit_Mana_Hunter_Boss	135
enum	ContractId	Contract_136_Soc__Mana_Infused_Jungle_Flowers	136
enum	ContractId	Contract_137_Soc__Jungle_Lilies	137
enum	ContractId	Contract_138_Soc__Moar_Glands	138
enum	ContractId	Contract_139_Soc__Blessed_Moarsmen	139
enum	ContractId	Contract_140_Soc__Phyntos_Hive_Splinters	140
enum	ContractId	Contract_141_Soc__Phyntos_Honey	141
enum	ContractId	Contract_142_Soc__Phyntos_Queen	142
enum	ContractId	Contract_143_Soc__Phyntos_Larvae	143
enum	ContractId	Contract_144_Soc__Killer_Phyntos_Wasps	144
enum	ContractId	Contract_145_Soc__Coral_Towers	145
enum	ContractId	Contract_146_Soc__Magshuth_Moarsmen	146
enum	ContractId	Contract_147_Soc__Moarsman_High_Priest	147
enum	ContractId	Contract_148_Soc__Artifact_Collection	148
enum	ContractId	Contract_149_Soc__Moguth_Moarsmen	149
enum	ContractId	Contract_150_Soc__Shoguth_Moarsmen	150
enum	ContractId	Contract_151_Soc__Spawning_Pools	151
enum	ContractId	Contract_152_Soc__Graveyard_Delivery	152
enum	ContractId	Contract_153_Soc__Stone_Tracings	153
enum	ContractId	Contract_154_Soc__Falatacot_Reports	154
enum	ContractId	Contract_155_Soc__Palm_Fort	155
enum	ContractId	Contract_156_Soc__Supply_Saboteur	156
enum	ContractId	Contract_157_Soc__Forgotten_Tunnels_of_Nyrleha	157
enum	ContractId	Contract_158_Soc__Palm_Fort	158
enum	ContractId	Contract_159_Soc__Supply_Saboteur	159
enum	ContractId	Contract_160_Soc__Forgotten_Tunnels_of_Nyrleha	160
enum	ContractId	Contract_161_Soc__Palm_Fort	161
enum	ContractId	Contract_162_Soc__Supply_Saboteur	162
enum	ContractId	Contract_163_Soc__Forgotten_Tunnels_of_Nyrleha	163
enum	ContractId	Contract_164_Kill__Tenebrous_Rifts	164
enum	ContractId	Contract_165_Kill__Umbral_Rifts	165
enum	ContractId	Contract_166_Harlunes_Diplomacy	166
enum	ContractId	Contract_167_Saving_Asheron	167
enum	ContractId	Contract_168_Menhir_Research	168
enum	ContractId	Contract_169_Gear_Knight_Excavation	169
enum	ContractId	Contract_170_Nexus_Crawl	170
enum	ContractId	Contract_171_Jester_Released	171
enum	ContractId	Contract_172_Vision_Quest	172
enum	ContractId	Contract_173_Aerbaxs_Prodigal_Monouga	173
enum	ContractId	Contract_174_QotM__Weekly_1	174
enum	ContractId	Contract_175_QotM__Weekly_2	175
enum	ContractId	Contract_176_QotM__Weekly_3	176
enum	ContractId	Contract_177_Deaths_Allure	177
enum	ContractId	Contract_178_Yanshi_Tunnels	178
enum	ContractId	Contract_179_Kill__Gurog_Minions	179
enum	ContractId	Contract_180_Kill__Gurog_Soldiers	180
enum	ContractId	Contract_181_Kill__Gurog_Henchmen	181
enum	ContractId	Contract_182_Aerbaxs_Prodigal_Tusker	182
enum	ContractId	Contract_183_Find_the_Barkeeper	183
enum	ContractId	Contract_184_Find_the_Barkeeper	184
enum	ContractId	Contract_185_Find_the_Barkeeper	185
enum	ContractId	Contract_186_Find_the_Barkeeper	186
enum	ContractId	Contract_187_Find_the_Pathwarden	187
enum	ContractId	Contract_188_Find_the_Pathwarden	188
enum	ContractId	Contract_189_Find_the_Pathwarden	189
enum	ContractId	Contract_190_Find_the_Pathwarden	190
enum	ContractId	Contract_191_Drudge_Hideout	191
enum	ContractId	Contract_192_Holtburg_Redoubt	192
enum	ContractId	Contract_193_The_Beacon	193
enum	ContractId	Contract_194_The_Missing_Necklace	194
enum	ContractId	Contract_195_Braid_Mansion_Ruin	195
enum	ContractId	Contract_196_Nen_Ais_Pet_Drudge	196
enum	ContractId	Contract_197_Sea_Temple_Catacombs	197
enum	ContractId	Contract_198_Under_Cove_Crypt	198
enum	ContractId	Contract_199_Facility_Hub	199
enum	ContractId	Contract_200_Jailbreak__Ardent_Leader	200
enum	ContractId	Contract_201_Jailbreak__Blessed_Leader	201
enum	ContractId	Contract_202_Jailbreak__Verdant_Leader	202
enum	ContractId	Contract_203_Jailbreak__General_Population	203
enum	ContractId	Contract_204_Gurog_Creation	204
enum	ContractId	Contract_205_Wardley_and_the_Wights	205
enum	ContractId	Contract_206_Aetherium_Ore_Collection	206
enum	ContractId	Contract_207_Aetherium_Power_Core_Collection	207
enum	ContractId	Contract_208_Aetherium_Raid_High	208
enum	ContractId	Contract_209_Soc__Mana_Siphon_Destruction	209
enum	ContractId	Contract_210_Kill__Gear_Knight_Knights	210
enum	ContractId	Contract_211_Kill__Gear_Knight_Commander	211
enum	ContractId	Contract_212_Nalicanas_Test	212
enum	ContractId	Contract_213_Bloodstone_Investigation	213
enum	ContractId	Contract_214_Chasing_Oswald	214
enum	ContractId	Contract_215_Hunting_Aun_Ralirea	215
enum	ContractId	Contract_216_Aerbaxs_Prodigal_Monouga	216
enum	ContractId	Contract_217_Aerbaxs_Prodigal_Drudge	217
enum	ContractId	Contract_218_Aerbaxs_Prodigal_Human	218
enum	ContractId	Contract_219_Kidnapped_Handmaiden	219
enum	ContractId	Contract_220_Sepulcher_of_Nightmares	220
enum	ContractId	Contract_221_Mhoire_Castle	221
enum	ContractId	Contract_222_Bobos_Medicine	222
enum	ContractId	Contract_223_Mhoire_Oubliette	223
enum	ContractId	Contract_224_Geraines_Study	224
enum	ContractId	Contract_225_Geraines_Hosts	225
enum	ContractId	Contract_226_Splitting_Grael_High	226
enum	ContractId	Contract_227_Splitting_Grael_Mid	227
enum	ContractId	Contract_228_Splitting_Grael_Low	228
enum	ContractId	Contract_229_Clutch_of_Kings__Reeshan	229
enum	ContractId	Contract_230_Clutch_of_Kings__Kiree	230
enum	ContractId	Contract_231_Clutch_of_Kings__Broodu	231
enum	ContractId	Contract_232_Clutch_of_Kings__Keerik	232
enum	ContractId	Contract_233_Clutch_of_Kings__Rehir	233
enum	ContractId	Contract_234_Clutch_of_Kings__Browerk	234
enum	ContractId	Contract_235_Clutch_of_Kings__All	235
enum	ContractId	Contract_236_Kill__Spectral_Archers	236
enum	ContractId	Contract_237_Kill__Spectral_Minions	237
enum	ContractId	Contract_238_Kill__Spectral_Nanjou_Shou_jen	238
enum	ContractId	Contract_239_Kill__Spectral_Mages	239
enum	ContractId	Contract_240_Kill__Spectral_Bushi	240
enum	ContractId	Contract_241_Kill__Spectral_Samurai	241
enum	ContractId	Contract_242_Kill__Spectral_Blades_and_Claws	242
enum	ContractId	Contract_243_Kill__Spectral_Samurai_Golems	243
enum	ContractId	Contract_244_Hoshino_Fortress	244
enum	ContractId	Contract_245_Stipend__General	245
enum	ContractId	Contract_246_Stipend__Celestial_Hand	246
enum	ContractId	Contract_247_Stipend__Radiant_Blood	247
enum	ContractId	Contract_248_Stipend__Eldrytch_Web	248
enum	ContractId	Contract_249_Jester_Focuses	249
enum	ContractId	Contract_250_Unleash_the_Gearknights	250
enum	ContractId	Contract_251_Virindi_Rescue	251
enum	ContractId	Contract_252_Ninja_Academy	252
enum	ContractId	Contract_253_Tanada_Slaughter	253
enum	ContractId	Contract_254_Tanada_Intercept	254
enum	ContractId	Contract_255_Crystalline_Adventurer	255
enum	ContractId	Contract_256_Crystalline_Markers	256
enum	ContractId	Contract_257_Crystalline_Killer	257
enum	ContractId	Contract_258_Crystalline_Bound_Wisp	258
enum	ContractId	Contract_259_Nanjou_Stockade	259
enum	ContractId	Contract_260_Mage_Academy	260
enum	ContractId	Contract_261_Apostate_Finale	261
enum	ContractId	Contract_262_Lunnums_Return	262
enum	ContractId	Contract_263_Lunnums_Pyre	263
enum	ContractId	Contract_264_Lunnums_Disappearance	264
enum	ContractId	Contract_265_Lost_Lore	265
enum	ContractId	Contract_266_Sisters_of_Light	266
enum	ContractId	Contract_267_First_Sister	267
enum	ContractId	Contract_268_Second_Sister	268
enum	ContractId	Contract_269_Third_Sister	269
enum	ContractId	Contract_270_Ritual_Investigation	270
enum	ContractId	Contract_271_Ritual_Disruption	271
enum	ContractId	Contract_272_Defeat_Hoshino_Kei	272
enum	ContractId	Contract_273_Protecting_Picketed_Pets	273
enum	ContractId	Contract_274_Buried_Alive	274
enum	ContractId	Contract_275_Graverobber	275
enum	ContractId	Contract_276_Escape	276
enum	ContractId	Contract_277_Deconstruction	277
enum	ContractId	Contract_278_Uziz_Abductions	278
enum	ContractId	Contract_279_Golem_Hunters__Mud_Golem_Sludge_Lord	279
enum	ContractId	Contract_280_Golem_Hunters__Copper_Golem_Kingpin	280
enum	ContractId	Contract_281_Golem_Hunters__Glacial_Golem_Margrave	281
enum	ContractId	Contract_282_Golem_Hunters__Magma_Golem_Exarch	282
enum	ContractId	Contract_283_Golem_Hunters__Coral_Golem_Viceroy	283
enum	ContractId	Contract_284_Golem_Hunters__Platinum_Golem_Mountain_King	284
enum	ContractId	Contract_285_Olthoi_Hive_Queen	285
enum	ContractId	Contract_286_Soc__Mana_Siphon_Destruction	286
enum	ContractId	Contract_287_Soc__Mana_Siphon_Destruction	287
enum	ContractId	Contract_288_Soc__Destroy_The_Phalanx	288
enum	ContractId	Contract_289_Soc__Destroy_The_Phalanx	289
enum	ContractId	Contract_290_Soc__Destroy_The_Phalanx	290
enum	ContractId	Contract_291_Soc__Collect_Gear_Knight_Parts	291
enum	ContractId	Contract_292_Soc__Collect_Gear_Knight_Parts	292
enum	ContractId	Contract_293_Soc__Collect_Gear_Knight_Parts	293
enum	ContractId	Contract_294_Kill__Gear_Knight_Squires	294
enum	ContractId	Contract_295_Behind_The_Mask	295
enum	ContractId	Contract_296_Frozen_Fortress_Laboratory	296
enum	ContractId	Contract_297_Frozen_Fortress_Testing_Grounds	297
enum	ContractId	Contract_298_Olthoi_Hive_Warrior_Pincer	298
enum	ContractId	Contract_299_Olthoi_Hive_Eviscerator_Pincer	299
enum	ContractId	Contract_300_Snow_Tusker_Leader_Tusk	300
enum	ContractId	Contract_301_Journey_To_Madness	301
enum	ContractId	Contract_302_Visitors	302
enum	ContractId	Contract_303_Kill__Rynthid_Minions	303
enum	ContractId	Contract_304_Kill__Empowered_Wisps	304
enum	ContractId	Contract_305_Kill__Rynthid_Rare_Boss	305
enum	ContractId	Contract_306_Kill__Rynthid_Slayers	306
enum	ContractId	Contract_307_Kill__Rynthid_Ragers	307
enum	ContractId	Contract_308_Kill__Rynthid_Sorcerers	308
enum	ContractId	Contract_309_Kill__Rynthid_Rifts	309
enum	ContractId	Contract_310_Legendary_Quests	310
enum	ContractId	Contract_311_Rynthid_Genesis	311
enum	ContractId	Contract_312_Changing_Gears	312
enum	ContractId	Contract_313_Fear_Factory	313
enum	ContractId	Contract_314_Spirited_Halls	314
enum	ContractId	Contract_315_End_of_Days	315
enum	ContractId	Contract_316_Lugian_Assault	316
enum	ContractId	Contract_317_Rynthid_Training	317
enum	ContractId	Contract_318_Kill__Tou_Tou_Shadow_Flyers	318
enum	ContractId	Contract_319_Kill__Tou_Tou_Grievver_Shredders	319
enum	ContractId	Contract_320_Kill__Tou_Tou_Devourer_Marguls	320
enum	ContractId	Contract_321_Kill__Tou_Tou_Shadows	321
enum	ContractId	Contract_322_Kill__Tou_Tou_Void_Lords	322
