# Official ACEmulator/ACE 47edade3bd3f6044b676d4eb877c4965c7eda62b; AGPL-3.0-only
ints	0	Undef
ints	1	ItemType
ints	2	CreatureType
ints	3	PaletteTemplate
ints	4	ClothingPriority
ints	5	EncumbranceVal
ints	6	ItemsCapacity
ints	7	ContainersCapacity
ints	8	Mass
ints	9	ValidLocations
ints	10	CurrentWieldedLocation
ints	11	MaxStackSize
ints	12	StackSize
ints	13	StackUnitEncumbrance
ints	14	StackUnitMass
ints	15	StackUnitValue
ints	16	ItemUseable
ints	17	RareId
ints	18	UiEffects
ints	19	Value
ints	20	CoinValue
ints	21	TotalExperience
ints	22	AvailableCharacter
ints	23	TotalSkillCredits
ints	24	AvailableSkillCredits
ints	25	Level
ints	26	AccountRequirements
ints	27	ArmorType
ints	28	ArmorLevel
ints	29	AllegianceCpPool
ints	30	AllegianceRank
ints	31	ChannelsAllowed
ints	32	ChannelsActive
ints	33	Bonded
ints	34	MonarchsRank
ints	35	AllegianceFollowers
ints	36	ResistMagic
ints	37	ResistItemAppraisal
ints	38	ResistLockpick
ints	39	DeprecatedResistRepair
ints	40	CombatMode
ints	41	CurrentAttackHeight
ints	42	CombatCollisions
ints	43	NumDeaths
ints	44	Damage
ints	45	DamageType
ints	46	DefaultCombatStyle
ints	47	AttackType
ints	48	WeaponSkill
ints	49	WeaponTime
ints	50	AmmoType
ints	51	CombatUse
ints	52	ParentLocation
ints	53	PlacementPosition
ints	54	WeaponEncumbrance
ints	55	WeaponMass
ints	56	ShieldValue
ints	57	ShieldEncumbrance
ints	58	MissileInventoryLocation
ints	59	FullDamageType
ints	60	WeaponRange
ints	61	AttackersSkill
ints	62	DefendersSkill
ints	63	AttackersSkillValue
ints	64	AttackersClass
ints	65	Placement
ints	66	CheckpointStatus
ints	67	Tolerance
ints	68	TargetingTactic
ints	69	CombatTactic
ints	70	HomesickTargetingTactic
ints	71	NumFollowFailures
ints	72	FriendType
ints	73	FoeType
ints	74	MerchandiseItemTypes
ints	75	MerchandiseMinValue
ints	76	MerchandiseMaxValue
ints	77	NumItemsSold
ints	78	NumItemsBought
ints	79	MoneyIncome
ints	80	MoneyOutflow
ints	81	MaxGeneratedObjects
ints	82	InitGeneratedObjects
ints	83	ActivationResponse
ints	84	OriginalValue
ints	85	NumMoveFailures
ints	86	MinLevel
ints	87	MaxLevel
ints	88	LockpickMod
ints	89	BoosterEnum
ints	90	BoostValue
ints	91	MaxStructure
ints	92	Structure
ints	93	PhysicsState
ints	94	TargetType
ints	95	RadarBlipColor
ints	96	EncumbranceCapacity
ints	97	LoginTimestamp
ints	98	CreationTimestamp
ints	99	PkLevelModifier
ints	100	GeneratorType
ints	101	AiAllowedCombatStyle
ints	102	LogoffTimestamp
ints	103	GeneratorDestructionType
ints	104	ActivationCreateClass
ints	105	ItemWorkmanship
ints	106	ItemSpellcraft
ints	107	ItemCurMana
ints	108	ItemMaxMana
ints	109	ItemDifficulty
ints	110	ItemAllegianceRankLimit
ints	111	PortalBitmask
ints	112	AdvocateLevel
ints	113	Gender
ints	114	Attuned
ints	115	ItemSkillLevelLimit
ints	116	GateLogic
ints	117	ItemManaCost
ints	118	Logoff
ints	119	Active
ints	120	AttackHeight
ints	121	NumAttackFailures
ints	122	AiCpThreshold
ints	123	AiAdvancementStrategy
ints	124	Version
ints	125	Age
ints	126	VendorHappyMean
ints	127	VendorHappyVariance
ints	128	CloakStatus
ints	129	VitaeCpPool
ints	130	NumServicesSold
ints	131	MaterialType
ints	132	NumAllegianceBreaks
ints	133	ShowableOnRadar
ints	134	PlayerKillerStatus
ints	135	VendorHappyMaxItems
ints	136	ScorePageNum
ints	137	ScoreConfigNum
ints	138	ScoreNumScores
ints	139	DeathLevel
ints	140	AiOptions
ints	141	OpenToEveryone
ints	142	GeneratorTimeType
ints	143	GeneratorStartTime
ints	144	GeneratorEndTime
ints	145	GeneratorEndDestructionType
ints	146	XpOverride
ints	147	NumCrashAndTurns
ints	148	ComponentWarningThreshold
ints	149	HouseStatus
ints	150	HookPlacement
ints	151	HookType
ints	152	HookItemType
ints	153	AiPpThreshold
ints	154	GeneratorVersion
ints	155	HouseType
ints	156	PickupEmoteOffset
ints	157	WeenieIteration
ints	158	WieldRequirements
ints	159	WieldSkillType
ints	160	WieldDifficulty
ints	161	HouseMaxHooksUsable
ints	162	HouseCurrentHooksUsable
ints	163	AllegianceMinLevel
ints	164	AllegianceMaxLevel
ints	165	HouseRelinkHookCount
ints	166	SlayerCreatureType
ints	167	ConfirmationInProgress
ints	168	ConfirmationTypeInProgress
ints	169	TsysMutationData
ints	170	NumItemsInMaterial
ints	171	NumTimesTinkered
ints	172	AppraisalLongDescDecoration
ints	173	AppraisalLockpickSuccessPercent
ints	174	AppraisalPages
ints	175	AppraisalMaxPages
ints	176	AppraisalItemSkill
ints	177	GemCount
ints	178	GemType
ints	179	ImbuedEffect
ints	180	AttackersRawSkillValue
ints	181	ChessRank
ints	182	ChessTotalGames
ints	183	ChessGamesWon
ints	184	ChessGamesLost
ints	185	TypeOfAlteration
ints	186	SkillToBeAltered
ints	187	SkillAlterationCount
ints	188	HeritageGroup
ints	189	TransferFromAttribute
ints	190	TransferToAttribute
ints	191	AttributeTransferCount
ints	192	FakeFishingSkill
ints	193	NumKeys
ints	194	DeathTimestamp
ints	195	PkTimestamp
ints	196	VictimTimestamp
ints	197	HookGroup
ints	198	AllegianceSwearTimestamp
ints	199	HousePurchaseTimestamp
ints	200	RedirectableEquippedArmorCount
ints	201	MeleeDefenseImbuedEffectTypeCache
ints	202	MissileDefenseImbuedEffectTypeCache
ints	203	MagicDefenseImbuedEffectTypeCache
ints	204	ElementalDamageBonus
ints	205	ImbueAttempts
ints	206	ImbueSuccesses
ints	207	CreatureKills
ints	208	PlayerKillsPk
ints	209	PlayerKillsPkl
ints	210	RaresTierOne
ints	211	RaresTierTwo
ints	212	RaresTierThree
ints	213	RaresTierFour
ints	214	RaresTierFive
ints	215	AugmentationStat
ints	216	AugmentationFamilyStat
ints	217	AugmentationInnateFamily
ints	218	AugmentationInnateStrength
ints	219	AugmentationInnateEndurance
ints	220	AugmentationInnateCoordination
ints	221	AugmentationInnateQuickness
ints	222	AugmentationInnateFocus
ints	223	AugmentationInnateSelf
ints	224	AugmentationSpecializeSalvaging
ints	225	AugmentationSpecializeItemTinkering
ints	226	AugmentationSpecializeArmorTinkering
ints	227	AugmentationSpecializeMagicItemTinkering
ints	228	AugmentationSpecializeWeaponTinkering
ints	229	AugmentationExtraPackSlot
ints	230	AugmentationIncreasedCarryingCapacity
ints	231	AugmentationLessDeathItemLoss
ints	232	AugmentationSpellsRemainPastDeath
ints	233	AugmentationCriticalDefense
ints	234	AugmentationBonusXp
ints	235	AugmentationBonusSalvage
ints	236	AugmentationBonusImbueChance
ints	237	AugmentationFasterRegen
ints	238	AugmentationIncreasedSpellDuration
ints	239	AugmentationResistanceFamily
ints	240	AugmentationResistanceSlash
ints	241	AugmentationResistancePierce
ints	242	AugmentationResistanceBlunt
ints	243	AugmentationResistanceAcid
ints	244	AugmentationResistanceFire
ints	245	AugmentationResistanceFrost
ints	246	AugmentationResistanceLightning
ints	247	RaresTierOneLogin
ints	248	RaresTierTwoLogin
ints	249	RaresTierThreeLogin
ints	250	RaresTierFourLogin
ints	251	RaresTierFiveLogin
ints	252	RaresLoginTimestamp
ints	253	RaresTierSix
ints	254	RaresTierSeven
ints	255	RaresTierSixLogin
ints	256	RaresTierSevenLogin
ints	257	ItemAttributeLimit
ints	258	ItemAttributeLevelLimit
ints	259	ItemAttribute2ndLimit
ints	260	ItemAttribute2ndLevelLimit
ints	261	CharacterTitleId
ints	262	NumCharacterTitles
ints	263	ResistanceModifierType
ints	264	FreeTinkersBitfield
ints	265	EquipmentSetId
ints	266	PetClass
ints	267	Lifespan
ints	268	RemainingLifespan
ints	269	UseCreateQuantity
ints	270	WieldRequirements2
ints	271	WieldSkillType2
ints	272	WieldDifficulty2
ints	273	WieldRequirements3
ints	274	WieldSkillType3
ints	275	WieldDifficulty3
ints	276	WieldRequirements4
ints	277	WieldSkillType4
ints	278	WieldDifficulty4
ints	279	Unique
ints	280	SharedCooldown
ints	281	Faction1Bits
ints	282	Faction2Bits
ints	283	Faction3Bits
ints	284	Hatred1Bits
ints	285	Hatred2Bits
ints	286	Hatred3Bits
ints	287	SocietyRankCelhan
ints	288	SocietyRankEldweb
ints	289	SocietyRankRadblo
ints	290	HearLocalSignals
ints	291	HearLocalSignalsRadius
ints	292	Cleaving
ints	293	AugmentationSpecializeGearcraft
ints	294	AugmentationInfusedCreatureMagic
ints	295	AugmentationInfusedItemMagic
ints	296	AugmentationInfusedLifeMagic
ints	297	AugmentationInfusedWarMagic
ints	298	AugmentationCriticalExpertise
ints	299	AugmentationCriticalPower
ints	300	AugmentationSkilledMelee
ints	301	AugmentationSkilledMissile
ints	302	AugmentationSkilledMagic
ints	303	ImbuedEffect2
ints	304	ImbuedEffect3
ints	305	ImbuedEffect4
ints	306	ImbuedEffect5
ints	307	DamageRating
ints	308	DamageResistRating
ints	309	AugmentationDamageBonus
ints	310	AugmentationDamageReduction
ints	311	ImbueStackingBits
ints	312	HealOverTime
ints	313	CritRating
ints	314	CritDamageRating
ints	315	CritResistRating
ints	316	CritDamageResistRating
ints	317	HealingResistRating
ints	318	DamageOverTime
ints	319	ItemMaxLevel
ints	320	ItemXpStyle
ints	321	EquipmentSetExtra
ints	322	AetheriaBitfield
ints	323	HealingBoostRating
ints	324	HeritageSpecificArmor
ints	325	AlternateRacialSkills
ints	326	AugmentationJackOfAllTrades
ints	327	AugmentationResistanceNether
ints	328	AugmentationInfusedVoidMagic
ints	329	WeaknessRating
ints	330	NetherOverTime
ints	331	NetherResistRating
ints	332	LuminanceAward
ints	333	LumAugDamageRating
ints	334	LumAugDamageReductionRating
ints	335	LumAugCritDamageRating
ints	336	LumAugCritReductionRating
ints	337	LumAugSurgeEffectRating
ints	338	LumAugSurgeChanceRating
ints	339	LumAugItemManaUsage
ints	340	LumAugItemManaGain
ints	341	LumAugVitality
ints	342	LumAugHealingRating
ints	343	LumAugSkilledCraft
ints	344	LumAugSkilledSpec
ints	345	LumAugNoDestroyCraft
ints	346	RestrictInteraction
ints	347	OlthoiLootTimestamp
ints	348	OlthoiLootStep
ints	349	UseCreatesContractId
ints	350	DotResistRating
ints	351	LifeResistRating
ints	352	CloakWeaveProc
ints	353	WeaponType
ints	354	MeleeMastery
ints	355	RangedMastery
ints	356	SneakAttackRating
ints	357	RecklessnessRating
ints	358	DeceptionRating
ints	359	CombatPetRange
ints	360	WeaponAuraDamage
ints	361	WeaponAuraSpeed
ints	362	SummoningMastery
ints	363	HeartbeatLifespan
ints	364	UseLevelRequirement
ints	365	LumAugAllSkills
ints	366	UseRequiresSkill
ints	367	UseRequiresSkillLevel
ints	368	UseRequiresSkillSpec
ints	369	UseRequiresLevel
ints	370	GearDamage
ints	371	GearDamageResist
ints	372	GearCrit
ints	373	GearCritResist
ints	374	GearCritDamage
ints	375	GearCritDamageResist
ints	376	GearHealingBoost
ints	377	GearNetherResist
ints	378	GearLifeResist
ints	379	GearMaxHealth
ints	380	Unknown380
ints	381	PKDamageRating
ints	382	PKDamageResistRating
ints	383	GearPKDamageRating
ints	384	GearPKDamageResistRating
ints	385	Unknown385
ints	386	Overpower
ints	387	OverpowerResist
ints	388	GearOverpower
ints	389	GearOverpowerResist
ints	390	Enlightenment
ints	8007	PCAPRecordedAutonomousMovement
ints	8030	PCAPRecordedMaxVelocityEstimated
ints	8041	PCAPRecordedPlacement
ints	8042	PCAPRecordedAppraisalPages
ints	8043	PCAPRecordedAppraisalMaxPages
ints	9008	CurrentLoyaltyAtLastLogoff
ints	9009	CurrentLeadershipAtLastLogoff
ints	9010	AllegianceOfficerRank
ints	9011	HouseRentTimestamp
ints	9012	Hairstyle
ints	9013	VisualClothingPriority
ints	9014	SquelchGlobal
ints	9015	InventoryOrder
int64s	0	Undef
int64s	1	TotalExperience
int64s	2	AvailableExperience
int64s	3	AugmentationCost
int64s	4	ItemTotalXp
int64s	5	ItemBaseXp
int64s	6	AvailableLuminance
int64s	7	MaximumLuminance
int64s	8	InteractionReqs
int64s	9000	AllegianceXPCached
int64s	9001	AllegianceXPGenerated
int64s	9002	AllegianceXPReceived
int64s	9003	VerifyXp
bools	0	Undef
bools	1	Stuck
bools	2	Open
bools	3	Locked
bools	4	RotProof
bools	5	AllegianceUpdateRequest
bools	6	AiUsesMana
bools	7	AiUseHumanMagicAnimations
bools	8	AllowGive
bools	9	CurrentlyAttacking
bools	10	AttackerAi
bools	11	IgnoreCollisions
bools	12	ReportCollisions
bools	13	Ethereal
bools	14	GravityStatus
bools	15	LightsStatus
bools	16	ScriptedCollision
bools	17	Inelastic
bools	18	Visibility
bools	19	Attackable
bools	20	SafeSpellComponents
bools	21	AdvocateState
bools	22	Inscribable
bools	23	DestroyOnSell
bools	24	UiHidden
bools	25	IgnoreHouseBarriers
bools	26	HiddenAdmin
bools	27	PkWounder
bools	28	PkKiller
bools	29	NoCorpse
bools	30	UnderLifestoneProtection
bools	31	ItemManaUpdatePending
bools	32	GeneratorStatus
bools	33	ResetMessagePending
bools	34	DefaultOpen
bools	35	DefaultLocked
bools	36	DefaultOn
bools	37	OpenForBusiness
bools	38	IsFrozen
bools	39	DealMagicalItems
bools	40	LogoffImDead
bools	41	ReportCollisionsAsEnvironment
bools	42	AllowEdgeSlide
bools	43	AdvocateQuest
bools	44	IsAdmin
bools	45	IsArch
bools	46	IsSentinel
bools	47	IsAdvocate
bools	48	CurrentlyPoweringUp
bools	49	GeneratorEnteredWorld
bools	50	NeverFailCasting
bools	51	VendorService
bools	52	AiImmobile
bools	53	DamagedByCollisions
bools	54	IsDynamic
bools	55	IsHot
bools	56	IsAffecting
bools	57	AffectsAis
bools	58	SpellQueueActive
bools	59	GeneratorDisabled
bools	60	IsAcceptingTells
bools	61	LoggingChannel
bools	62	OpensAnyLock
bools	63	UnlimitedUse
bools	64	GeneratedTreasureItem
bools	65	IgnoreMagicResist
bools	66	IgnoreMagicArmor
bools	67	AiAllowTrade
bools	68	SpellComponentsRequired
bools	69	IsSellable
bools	70	IgnoreShieldsBySkill
bools	71	NoDraw
bools	72	ActivationUntargeted
bools	73	HouseHasGottenPriorityBootPos
bools	74	GeneratorAutomaticDestruction
bools	75	HouseHooksVisible
bools	76	HouseRequiresMonarch
bools	77	HouseHooksEnabled
bools	78	HouseNotifiedHudOfHookCount
bools	79	AiAcceptEverything
bools	80	IgnorePortalRestrictions
bools	81	RequiresBackpackSlot
bools	82	DontTurnOrMoveWhenGiving
bools	83	NpcLooksLikeObject
bools	84	IgnoreCloIcons
bools	85	AppraisalHasAllowedWielder
bools	86	ChestRegenOnClose
bools	87	LogoffInMinigame
bools	88	PortalShowDestination
bools	89	PortalIgnoresPkAttackTimer
bools	90	NpcInteractsSilently
bools	91	Retained
bools	92	IgnoreAuthor
bools	93	Limbo
bools	94	AppraisalHasAllowedActivator
bools	95	ExistedBeforeAllegianceXpChanges
bools	96	IsDeaf
bools	97	IsPsr
bools	98	Invincible
bools	99	Ivoryable
bools	100	Dyable
bools	101	CanGenerateRare
bools	102	CorpseGeneratedRare
bools	103	NonProjectileMagicImmune
bools	104	ActdReceivedItems
bools	105	Unknown105
bools	106	FirstEnterWorldDone
bools	107	RecallsDisabled
bools	108	RareUsesTimer
bools	109	ActdPreorderReceivedItems
bools	110	Afk
bools	111	IsGagged
bools	112	ProcSpellSelfTargeted
bools	113	IsAllegianceGagged
bools	114	EquipmentSetTriggerPiece
bools	115	Uninscribe
bools	116	WieldOnUse
bools	117	ChestClearedWhenClosed
bools	118	NeverAttack
bools	119	SuppressGenerateEffect
bools	120	TreasureCorpse
bools	121	EquipmentSetAddLevel
bools	122	BarberActive
bools	123	TopLayerPriority
bools	124	NoHeldItemShown
bools	125	LoginAtLifestone
bools	126	OlthoiPk
bools	127	Account15Days
bools	128	HadNoVitae
bools	129	NoOlthoiTalk
bools	130	AutowieldLeft
bools	9001	LinkedPortalOneSummon
bools	9002	LinkedPortalTwoSummon
bools	9003	HouseEvicted
bools	9004	UntrainedSkills
bools	9005	IsEnvoy
bools	9006	UnspecializedSkills
bools	9007	FreeSkillResetRenewed
bools	9008	FreeAttributeResetRenewed
bools	9009	SkillTemplesTimerReset
bools	9010	FreeMasteryResetRenewed
floats	0	Undef
floats	1	HeartbeatInterval
floats	2	HeartbeatTimestamp
floats	3	HealthRate
floats	4	StaminaRate
floats	5	ManaRate
floats	6	HealthUponResurrection
floats	7	StaminaUponResurrection
floats	8	ManaUponResurrection
floats	9	StartTime
floats	10	StopTime
floats	11	ResetInterval
floats	12	Shade
floats	13	ArmorModVsSlash
floats	14	ArmorModVsPierce
floats	15	ArmorModVsBludgeon
floats	16	ArmorModVsCold
floats	17	ArmorModVsFire
floats	18	ArmorModVsAcid
floats	19	ArmorModVsElectric
floats	20	CombatSpeed
floats	21	WeaponLength
floats	22	DamageVariance
floats	23	CurrentPowerMod
floats	24	AccuracyMod
floats	25	StrengthMod
floats	26	MaximumVelocity
floats	27	RotationSpeed
floats	28	MotionTimestamp
floats	29	WeaponDefense
floats	30	WimpyLevel
floats	31	VisualAwarenessRange
floats	32	AuralAwarenessRange
floats	33	PerceptionLevel
floats	34	PowerupTime
floats	35	MaxChargeDistance
floats	36	ChargeSpeed
floats	37	BuyPrice
floats	38	SellPrice
floats	39	DefaultScale
floats	40	LockpickMod
floats	41	RegenerationInterval
floats	42	RegenerationTimestamp
floats	43	GeneratorRadius
floats	44	TimeToRot
floats	45	DeathTimestamp
floats	46	PkTimestamp
floats	47	VictimTimestamp
floats	48	LoginTimestamp
floats	49	CreationTimestamp
floats	50	MinimumTimeSincePk
floats	51	DeprecatedHousekeepingPriority
floats	52	AbuseLoggingTimestamp
floats	53	LastPortalTeleportTimestamp
floats	54	UseRadius
floats	55	HomeRadius
floats	56	ReleasedTimestamp
floats	57	MinHomeRadius
floats	58	Facing
floats	59	ResetTimestamp
floats	60	LogoffTimestamp
floats	61	EconRecoveryInterval
floats	62	WeaponOffense
floats	63	DamageMod
floats	64	ResistSlash
floats	65	ResistPierce
floats	66	ResistBludgeon
floats	67	ResistFire
floats	68	ResistCold
floats	69	ResistAcid
floats	70	ResistElectric
floats	71	ResistHealthBoost
floats	72	ResistStaminaDrain
floats	73	ResistStaminaBoost
floats	74	ResistManaDrain
floats	75	ResistManaBoost
floats	76	Translucency
floats	77	PhysicsScriptIntensity
floats	78	Friction
floats	79	Elasticity
floats	80	AiUseMagicDelay
floats	81	ItemMinSpellcraftMod
floats	82	ItemMaxSpellcraftMod
floats	83	ItemRankProbability
floats	84	Shade2
floats	85	Shade3
floats	86	Shade4
floats	87	ItemEfficiency
floats	88	ItemManaUpdateTimestamp
floats	89	SpellGestureSpeedMod
floats	90	SpellStanceSpeedMod
floats	91	AllegianceAppraisalTimestamp
floats	92	PowerLevel
floats	93	AccuracyLevel
floats	94	AttackAngle
floats	95	AttackTimestamp
floats	96	CheckpointTimestamp
floats	97	SoldTimestamp
floats	98	UseTimestamp
floats	99	UseLockTimestamp
floats	100	HealkitMod
floats	101	FrozenTimestamp
floats	102	HealthRateMod
floats	103	AllegianceSwearTimestamp
floats	104	ObviousRadarRange
floats	105	HotspotCycleTime
floats	106	HotspotCycleTimeVariance
floats	107	SpamTimestamp
floats	108	SpamRate
floats	109	BondWieldedTreasure
floats	110	BulkMod
floats	111	SizeMod
floats	112	GagTimestamp
floats	113	GeneratorUpdateTimestamp
floats	114	DeathSpamTimestamp
floats	115	DeathSpamRate
floats	116	WildAttackProbability
floats	117	FocusedProbability
floats	118	CrashAndTurnProbability
floats	119	CrashAndTurnRadius
floats	120	CrashAndTurnBias
floats	121	GeneratorInitialDelay
floats	122	AiAcquireHealth
floats	123	AiAcquireStamina
floats	124	AiAcquireMana
floats	125	ResistHealthDrain
floats	126	LifestoneProtectionTimestamp
floats	127	AiCounteractEnchantment
floats	128	AiDispelEnchantment
floats	129	TradeTimestamp
floats	130	AiTargetedDetectionRadius
floats	131	EmotePriority
floats	132	LastTeleportStartTimestamp
floats	133	EventSpamTimestamp
floats	134	EventSpamRate
floats	135	InventoryOffset
floats	136	CriticalMultiplier
floats	137	ManaStoneDestroyChance
floats	138	SlayerDamageBonus
floats	139	AllegianceInfoSpamTimestamp
floats	140	AllegianceInfoSpamRate
floats	141	NextSpellcastTimestamp
floats	142	AppraisalRequestedTimestamp
floats	143	AppraisalHeartbeatDueTimestamp
floats	144	ManaConversionMod
floats	145	LastPkAttackTimestamp
floats	146	FellowshipUpdateTimestamp
floats	147	CriticalFrequency
floats	148	LimboStartTimestamp
floats	149	WeaponMissileDefense
floats	150	WeaponMagicDefense
floats	151	IgnoreShield
floats	152	ElementalDamageMod
floats	153	StartMissileAttackTimestamp
floats	154	LastRareUsedTimestamp
floats	155	IgnoreArmor
floats	156	ProcSpellRate
floats	157	ResistanceModifier
floats	158	AllegianceGagTimestamp
floats	159	AbsorbMagicDamage
floats	160	CachedMaxAbsorbMagicDamage
floats	161	GagDuration
floats	162	AllegianceGagDuration
floats	163	GlobalXpMod
floats	164	HealingModifier
floats	165	ArmorModVsNether
floats	166	ResistNether
floats	167	CooldownDuration
floats	168	WeaponAuraOffense
floats	169	WeaponAuraDefense
floats	170	WeaponAuraElemental
floats	171	WeaponAuraManaConv
floats	8004	PCAPRecordedWorkmanship
floats	8010	PCAPRecordedVelocityX
floats	8011	PCAPRecordedVelocityY
floats	8012	PCAPRecordedVelocityZ
floats	8013	PCAPRecordedAccelerationX
floats	8014	PCAPRecordedAccelerationY
floats	8015	PCAPRecordedAccelerationZ
floats	8016	PCAPRecordeOmegaX
floats	8017	PCAPRecordeOmegaY
floats	8018	PCAPRecordeOmegaZ
strings	0	Undef
strings	1	Name
strings	2	Title
strings	3	Sex
strings	4	HeritageGroup
strings	5	Template
strings	6	AttackersName
strings	7	Inscription
strings	8	ScribeName
strings	9	VendorsName
strings	10	Fellowship
strings	11	MonarchsName
strings	12	LockCode
strings	13	KeyCode
strings	14	Use
strings	15	ShortDesc
strings	16	LongDesc
strings	17	ActivationTalk
strings	18	UseMessage
strings	19	ItemHeritageGroupRestriction
strings	20	PluralName
strings	21	MonarchsTitle
strings	22	ActivationFailure
strings	23	ScribeAccount
strings	24	TownName
strings	25	CraftsmanName
strings	26	UsePkServerError
strings	27	ScoreCachedText
strings	28	ScoreDefaultEntryFormat
strings	29	ScoreFirstEntryFormat
strings	30	ScoreLastEntryFormat
strings	31	ScoreOnlyEntryFormat
strings	32	ScoreNoEntry
strings	33	Quest
strings	34	GeneratorEvent
strings	35	PatronsTitle
strings	36	HouseOwnerName
strings	37	QuestRestriction
strings	38	AppraisalPortalDestination
strings	39	TinkerName
strings	40	ImbuerName
strings	41	HouseOwnerAccount
strings	42	DisplayName
strings	43	DateOfBirth
strings	44	ThirdPartyApi
strings	45	KillQuest
strings	46	Afk
strings	47	AllegianceName
strings	48	AugmentationAddQuest
strings	49	KillQuest2
strings	50	KillQuest3
strings	51	UseSendsSignal
strings	52	GearPlatingName
strings	8006	PCAPRecordedCurrentMotionState
strings	8031	PCAPRecordedServerName
strings	8032	PCAPRecordedCharacterName
strings	9001	AllegianceMotd
strings	9002	AllegianceMotdSetBy
strings	9003	AllegianceSpeakerTitle
strings	9004	AllegianceSeneschalTitle
strings	9005	AllegianceCastellanTitle
strings	9006	GodState
strings	9007	TinkerLog
data_ids	0	Undef
data_ids	1	Setup
data_ids	2	MotionTable
data_ids	3	SoundTable
data_ids	4	CombatTable
data_ids	5	QualityFilter
data_ids	6	PaletteBase
data_ids	7	ClothingBase
data_ids	8	Icon
data_ids	9	EyesTexture
data_ids	10	NoseTexture
data_ids	11	MouthTexture
data_ids	12	DefaultEyesTexture
data_ids	13	DefaultNoseTexture
data_ids	14	DefaultMouthTexture
data_ids	15	HairPalette
data_ids	16	EyesPalette
data_ids	17	SkinPalette
data_ids	18	HeadObject
data_ids	19	ActivationAnimation
data_ids	20	InitMotion
data_ids	21	ActivationSound
data_ids	22	PhysicsEffectTable
data_ids	23	UseSound
data_ids	24	UseTargetAnimation
data_ids	25	UseTargetSuccessAnimation
data_ids	26	UseTargetFailureAnimation
data_ids	27	UseUserAnimation
data_ids	28	Spell
data_ids	29	SpellComponent
data_ids	30	PhysicsScript
data_ids	31	LinkedPortalOne
data_ids	32	WieldedTreasureType
data_ids	33	InventoryTreasureType
data_ids	34	ShopTreasureType
data_ids	35	DeathTreasureType
data_ids	36	MutateFilter
data_ids	37	ItemSkillLimit
data_ids	38	UseCreateItem
data_ids	39	DeathSpell
data_ids	40	VendorsClassId
data_ids	41	ItemSpecializedOnly
data_ids	42	HouseId
data_ids	43	AccountHouseId
data_ids	44	RestrictionEffect
data_ids	45	CreationMutationFilter
data_ids	46	TsysMutationFilter
data_ids	47	LastPortal
data_ids	48	LinkedPortalTwo
data_ids	49	OriginalPortal
data_ids	50	IconOverlay
data_ids	51	IconOverlaySecondary
data_ids	52	IconUnderlay
data_ids	53	AugmentationMutationFilter
data_ids	54	AugmentationEffect
data_ids	55	ProcSpell
data_ids	56	AugmentationCreateItem
data_ids	57	AlternateCurrency
data_ids	58	BlueSurgeSpell
data_ids	59	YellowSurgeSpell
data_ids	60	RedSurgeSpell
data_ids	61	OlthoiDeathTreasureType
data_ids	8001	PCAPRecordedWeenieHeader
data_ids	8002	PCAPRecordedWeenieHeader2
data_ids	8003	PCAPRecordedObjectDesc
data_ids	8005	PCAPRecordedPhysicsDesc
data_ids	8009	PCAPRecordedParentLocation
data_ids	8019	PCAPRecordedDefaultScript
data_ids	8020	PCAPRecordedTimestamp0
data_ids	8021	PCAPRecordedTimestamp1
data_ids	8022	PCAPRecordedTimestamp2
data_ids	8023	PCAPRecordedTimestamp3
data_ids	8024	PCAPRecordedTimestamp4
data_ids	8025	PCAPRecordedTimestamp5
data_ids	8026	PCAPRecordedTimestamp6
data_ids	8027	PCAPRecordedTimestamp7
data_ids	8028	PCAPRecordedTimestamp8
data_ids	8029	PCAPRecordedTimestamp9
data_ids	8030	PCAPRecordedMaxVelocityEstimated
data_ids	8044	PCAPPhysicsDIDDataTemplatedFrom
instance_ids	0	Undef
instance_ids	1	Owner
instance_ids	2	Container
instance_ids	3	Wielder
instance_ids	4	Freezer
instance_ids	5	Viewer
instance_ids	6	Generator
instance_ids	7	Scribe
instance_ids	8	CurrentCombatTarget
instance_ids	9	CurrentEnemy
instance_ids	10	ProjectileLauncher
instance_ids	11	CurrentAttacker
instance_ids	12	CurrentDamager
instance_ids	13	CurrentFollowTarget
instance_ids	14	CurrentAppraisalTarget
instance_ids	15	CurrentFellowshipAppraisalTarget
instance_ids	16	ActivationTarget
instance_ids	17	Creator
instance_ids	18	Victim
instance_ids	19	Killer
instance_ids	20	Vendor
instance_ids	21	Customer
instance_ids	22	Bonded
instance_ids	23	Wounder
instance_ids	24	Allegiance
instance_ids	25	Patron
instance_ids	26	Monarch
instance_ids	27	CombatTarget
instance_ids	28	HealthQueryTarget
instance_ids	29	LastUnlocker
instance_ids	30	CrashAndTurnTarget
instance_ids	31	AllowedActivator
instance_ids	32	HouseOwner
instance_ids	33	House
instance_ids	34	Slumlord
instance_ids	35	ManaQueryTarget
instance_ids	36	CurrentGame
instance_ids	37	RequestedAppraisalTarget
instance_ids	38	AllowedWielder
instance_ids	39	AssignedTarget
instance_ids	40	LimboSource
instance_ids	41	Snooper
instance_ids	42	TeleportedCharacter
instance_ids	43	Pet
instance_ids	44	PetOwner
instance_ids	45	PetDevice
instance_ids	8000	PCAPRecordedObjectIID
instance_ids	8008	PCAPRecordedParentIID
positions	0	Undef
positions	1	Location
positions	2	Destination
positions	3	Instantiation
positions	4	Sanctuary
positions	5	Home
positions	6	ActivationMove
positions	7	Target
positions	8	LinkedPortalOne
positions	9	LastPortal
positions	10	PortalStorm
positions	11	CrashAndTurn
positions	12	PortalSummonLoc
positions	13	HouseBoot
positions	14	LastOutsideDeath
positions	15	LinkedLifestone
positions	16	LinkedPortalTwo
positions	17	Save1
positions	18	Save2
positions	19	Save3
positions	20	Save4
positions	21	Save5
positions	22	Save6
positions	23	Save7
positions	24	Save8
positions	25	Save9
positions	26	RelativeDestination
positions	27	TeleportedCharacter
positions	8040	PCAPRecordedLocation
attributes	0	Undef
attributes	1	Strength
attributes	2	Endurance
attributes	3	Quickness
attributes	4	Coordination
attributes	5	Focus
attributes	6	Self
secondary_attributes	0	Undef
secondary_attributes	1	MaxHealth
secondary_attributes	2	Health
secondary_attributes	3	MaxStamina
secondary_attributes	4	Stamina
secondary_attributes	5	MaxMana
secondary_attributes	6	Mana
skills	0	None
skills	1	Axe
skills	2	Bow
skills	3	Crossbow
skills	4	Dagger
skills	5	Mace
skills	6	MeleeDefense
skills	7	MissileDefense
skills	8	Sling
skills	9	Spear
skills	10	Staff
skills	11	Sword
skills	12	ThrownWeapon
skills	13	UnarmedCombat
skills	14	ArcaneLore
skills	15	MagicDefense
skills	16	ManaConversion
skills	17	Spellcraft
skills	18	ItemTinkering
skills	19	AssessPerson
skills	20	Deception
skills	21	Healing
skills	22	Jump
skills	23	Lockpick
skills	24	Run
skills	25	Awareness
skills	26	ArmsAndArmorRepair
skills	27	AssessCreature
skills	28	WeaponTinkering
skills	29	ArmorTinkering
skills	30	MagicItemTinkering
skills	31	CreatureEnchantment
skills	32	ItemEnchantment
skills	33	LifeMagic
skills	34	WarMagic
skills	35	Leadership
skills	36	Loyalty
skills	37	Fletching
skills	38	Alchemy
skills	39	Cooking
skills	40	Salvaging
skills	41	TwoHandedCombat
skills	42	Gearcraft
skills	43	VoidMagic
skills	44	HeavyWeapons
skills	45	LightWeapons
skills	46	FinesseWeapons
skills	47	MissileWeapons
skills	48	Shield
skills	49	DualWield
skills	50	Recklessness
skills	51	SneakAttack
skills	52	DirtyFighting
skills	53	Challenge
skills	54	Summoning
body_parts	-1	Undefined
body_parts	0	Head
body_parts	1	Chest
body_parts	2	Abdomen
body_parts	3	UpperArm
body_parts	4	LowerArm
body_parts	5	Hand
body_parts	6	UpperLeg
body_parts	7	LowerLeg
body_parts	8	Foot
body_parts	9	Horn
body_parts	10	FrontLeg
body_parts	12	FrontFoot
body_parts	13	RearLeg
body_parts	15	RearFoot
body_parts	16	Torso
body_parts	17	Tail
body_parts	18	Arm
body_parts	19	Leg
body_parts	20	Claw
body_parts	21	Wings
body_parts	22	Breath
body_parts	23	Tentacle
body_parts	24	UpperTentacle
body_parts	25	LowerTentacle
body_parts	26	Cloak
body_parts	27	NumParts
weenie_type	0	Undef
weenie_type	1	Generic
weenie_type	2	Clothing
weenie_type	3	MissileLauncher
weenie_type	4	Missile
weenie_type	5	Ammunition
weenie_type	6	MeleeWeapon
weenie_type	7	Portal
weenie_type	8	Book
weenie_type	9	Coin
weenie_type	10	Creature
weenie_type	11	Admin
weenie_type	12	Vendor
weenie_type	13	HotSpot
weenie_type	14	Corpse
weenie_type	15	Cow
weenie_type	16	AI
weenie_type	17	Machine
weenie_type	18	Food
weenie_type	19	Door
weenie_type	20	Chest
weenie_type	21	Container
weenie_type	22	Key
weenie_type	23	Lockpick
weenie_type	24	PressurePlate
weenie_type	25	LifeStone
weenie_type	26	Switch
weenie_type	27	PKModifier
weenie_type	28	Healer
weenie_type	29	LightSource
weenie_type	30	Allegiance
weenie_type	31	UNKNOWN__GUESSEDNAME32
weenie_type	32	SpellComponent
weenie_type	33	ProjectileSpell
weenie_type	34	Scroll
weenie_type	35	Caster
weenie_type	36	Channel
weenie_type	37	ManaStone
weenie_type	38	Gem
weenie_type	39	AdvocateFane
weenie_type	40	AdvocateItem
weenie_type	41	Sentinel
weenie_type	42	GSpellEconomy
weenie_type	43	LSpellEconomy
weenie_type	44	CraftTool
weenie_type	45	LScoreKeeper
weenie_type	46	GScoreKeeper
weenie_type	47	GScoreGatherer
weenie_type	48	ScoreBook
weenie_type	49	EventCoordinator
weenie_type	50	Entity
weenie_type	51	Stackable
weenie_type	52	HUD
weenie_type	53	House
weenie_type	54	Deed
weenie_type	55	SlumLord
weenie_type	56	Hook
weenie_type	57	Storage
weenie_type	58	BootSpot
weenie_type	59	HousePortal
weenie_type	60	Game
weenie_type	61	GamePiece
weenie_type	62	SkillAlterationDevice
weenie_type	63	AttributeTransferDevice
weenie_type	64	Hooker
weenie_type	65	AllegianceBindstone
weenie_type	66	InGameStatKeeper
weenie_type	67	AugmentationDevice
weenie_type	68	SocialManager
weenie_type	69	Pet
weenie_type	70	PetDevice
weenie_type	71	CombatPet
category	0	Invalid
category	1	Refuse
category	2	Vendor
category	3	Death
category	4	Portal
category	5	HeartBeat
category	6	Give
category	7	Use
category	8	Activation
category	9	Generation
category	10	PickUp
category	11	Drop
category	12	QuestSuccess
category	13	QuestFailure
category	14	Taunt
category	15	WoundedTaunt
category	16	KillTaunt
category	17	NewEnemy
category	18	Scream
category	19	Homesick
category	20	ReceiveCritical
category	21	ResistSpell
category	22	TestSuccess
category	23	TestFailure
category	24	HearChat
category	25	Wield
category	26	UnWield
category	27	EventSuccess
category	28	EventFailure
category	29	TestNoQuality
category	30	QuestNoFellow
category	31	TestNoFellow
category	32	GotoSet
category	33	NumFellowsSuccess
category	34	NumFellowsFailure
category	35	NumCharacterTitlesSuccess
category	36	NumCharacterTitlesFailure
category	37	ReceiveLocalSignal
category	38	ReceiveTalkDirect
type	0	Invalid
type	0	InvalidVendor
type	1	Act
type	2	AwardXP
type	3	Give
type	4	MoveHome
type	5	Motion
type	6	Move
type	7	PhysScript
type	8	Say
type	9	Sound
type	10	Tell
type	11	Turn
type	12	TurnToTarget
type	13	TextDirect
type	14	CastSpell
type	15	Activate
type	16	WorldBroadcast
type	17	LocalBroadcast
type	18	DirectBroadcast
type	19	CastSpellInstant
type	20	UpdateQuest
type	21	InqQuest
type	22	StampQuest
type	23	StartEvent
type	24	StopEvent
type	25	BLog
type	26	AdminSpam
type	27	TeachSpell
type	28	AwardSkillXP
type	29	AwardSkillPoints
type	30	InqQuestSolves
type	31	EraseQuest
type	32	DecrementQuest
type	33	IncrementQuest
type	34	AddCharacterTitle
type	35	InqBoolStat
type	36	InqIntStat
type	37	InqFloatStat
type	38	InqStringStat
type	39	InqAttributeStat
type	40	InqRawAttributeStat
type	41	InqSecondaryAttributeStat
type	42	InqRawSecondaryAttributeStat
type	43	InqSkillStat
type	44	InqRawSkillStat
type	45	InqSkillTrained
type	46	InqSkillSpecialized
type	47	AwardTrainingCredits
type	48	InflictVitaePenalty
type	49	AwardLevelProportionalXP
type	50	AwardLevelProportionalSkillXP
type	51	InqEvent
type	52	ForceMotion
type	53	SetIntStat
type	54	IncrementIntStat
type	55	DecrementIntStat
type	56	CreateTreasure
type	57	ResetHomePosition
type	58	InqFellowQuest
type	59	InqFellowNum
type	60	UpdateFellowQuest
type	61	StampFellowQuest
type	62	AwardNoShareXP
type	63	SetSanctuaryPosition
type	64	TellFellow
type	65	FellowBroadcast
type	66	LockFellow
type	67	Goto
type	68	PopUp
type	69	SetBoolStat
type	70	SetQuestCompletions
type	71	InqNumCharacterTitles
type	72	Generate
type	73	PetCastSpellOnOwner
type	74	TakeItems
type	75	InqYesNo
type	76	InqOwnsItems
type	77	DeleteSelf
type	78	KillSelf
type	79	UpdateMyQuest
type	80	InqMyQuest
type	81	StampMyQuest
type	82	InqMyQuestSolves
type	83	EraseMyQuest
type	84	DecrementMyQuest
type	85	IncrementMyQuest
type	86	SetMyQuestCompletions
type	87	MoveToPos
type	88	LocalSignal
type	89	InqPackSpace
type	90	RemoveVitaePenalty
type	91	SetEyeTexture
type	92	SetEyePalette
type	93	SetNoseTexture
type	94	SetNosePalette
type	95	SetMouthTexture
type	96	SetMouthPalette
type	97	SetHeadObject
type	98	SetHeadPalette
type	99	TeleportTarget
type	100	TeleportSelf
type	101	StartBarber
type	102	InqQuestBitsOn
type	103	InqQuestBitsOff
type	104	InqMyQuestBitsOn
type	105	InqMyQuestBitsOff
type	106	SetQuestBitsOn
type	107	SetQuestBitsOff
type	108	SetMyQuestBitsOn
type	109	SetMyQuestBitsOff
type	110	UntrainSkill
type	111	SetAltRacialSkills
type	112	SpendLuminance
type	113	AwardLuminance
type	114	InqInt64Stat
type	115	SetInt64Stat
type	116	OpenMe
type	117	CloseMe
type	118	SetFloatStat
type	119	AddContract
type	120	RemoveContract
type	121	InqContractsFull
type	9001	Enlightenment
spell_book	0	Undef
spell_book	1	StrengthOther1
spell_book	2	StrengthSelf1
spell_book	3	WeaknessOther1
spell_book	4	WeaknessSelf1
spell_book	5	HealOther1
spell_book	6	HealSelf1
spell_book	7	HarmOther1
spell_book	8	HarmSelf1
spell_book	9	InfuseMana1
spell_book	10	UNKNOWN__GUESSEDNAME10
spell_book	11	UNKNOWN__GUESSEDNAME11
spell_book	12	UNKNOWN__GUESSEDNAME12
spell_book	13	UNKNOWN__GUESSEDNAME13
spell_book	14	UNKNOWN__GUESSEDNAME14
spell_book	15	VulnerabilityOther1
spell_book	16	VulnerabilitySelf1
spell_book	17	InvulnerabilityOther1
spell_book	18	InvulnerabilitySelf1
spell_book	19	FireProtectionOther1
spell_book	20	FireProtectionSelf1
spell_book	21	FireVulnerabilityOther1
spell_book	22	FireVulnerabilitySelf1
spell_book	23	ArmorOther1
spell_book	24	ArmorSelf1
spell_book	25	ImperilOther1
spell_book	26	ImperilSelf1
spell_book	27	FlameBolt1
spell_book	28	FrostBolt1
spell_book	29	UNKNOWN__GUESSEDNAME29
spell_book	30	UNKNOWN__GUESSEDNAME30
spell_book	31	UNKNOWN__GUESSEDNAME31
spell_book	32	UNKNOWN__GUESSEDNAME32
spell_book	33	UNKNOWN__GUESSEDNAME33
spell_book	34	UNKNOWN__GUESSEDNAME34
spell_book	35	BloodDrinkerSelf1
spell_book	36	BloodLoather
spell_book	37	BladeBane1
spell_book	38	BladeLure1
spell_book	39	UNKNOWN__GUESSEDNAME39
spell_book	40	UNKNOWN__GUESSEDNAME40
spell_book	41	UNKNOWN__GUESSEDNAME41
spell_book	42	UNKNOWN__GUESSEDNAME42
spell_book	43	UNKNOWN__GUESSEDNAME43
spell_book	44	UNKNOWN__GUESSEDNAME44
spell_book	45	UNKNOWN__GUESSEDNAME45
spell_book	46	UNKNOWN__GUESSEDNAME46
spell_book	47	PortalTie1
spell_book	48	PortalTieRecall1
spell_book	49	SwiftKillerSelf1
spell_book	50	LeadenWeapon1
spell_book	51	Impenetrability1
spell_book	52	UNKNOWN__GUESSEDNAME52
spell_book	53	RejuvenationOther1
spell_book	54	RejuvenationSelf1
spell_book	55	UNKNOWN__GUESSEDNAME55
spell_book	56	UNKNOWN__GUESSEDNAME56
spell_book	57	MagicBolt1
spell_book	58	AcidStream1
spell_book	59	AcidStream2
spell_book	60	AcidStream3
spell_book	61	AcidStream4
spell_book	62	AcidStream5
spell_book	63	AcidStream6
spell_book	64	ShockWave1
spell_book	65	ShockWave2
spell_book	66	ShockWave3
spell_book	67	ShockWave4
spell_book	68	ShockWave5
spell_book	69	ShockWave6
spell_book	70	FrostBolt2
spell_book	71	FrostBolt3
spell_book	72	FrostBolt4
spell_book	73	FrostBolt5
spell_book	74	FrostBolt6
spell_book	75	LightningBolt1
spell_book	76	LightningBolt2
spell_book	77	LightningBolt3
spell_book	78	LightningBolt4
spell_book	79	LightningBolt5
spell_book	80	LightningBolt6
spell_book	81	FlameBolt2
spell_book	82	FlameBolt3
spell_book	83	FlameBolt4
spell_book	84	FlameBolt5
spell_book	85	FlameBolt6
spell_book	86	ForceBolt1
spell_book	87	ForceBolt2
spell_book	88	ForceBolt3
spell_book	89	ForceBolt4
spell_book	90	ForceBolt5
spell_book	91	ForceBolt6
spell_book	92	WhirlingBlade1
spell_book	93	WhirlingBlade2
spell_book	94	WhirlingBlade3
spell_book	95	WhirlingBlade4
spell_book	96	WhirlingBlade5
spell_book	97	WhirlingBlade6
spell_book	98	UNKNOWN__GUESSEDNAME98
spell_book	99	AcidBlast3
spell_book	100	AcidBlast4
spell_book	101	AcidBlast5
spell_book	102	AcidBlast6
spell_book	103	ShockBlast3
spell_book	104	ShockBlast4
spell_book	105	ShockBlast5
spell_book	106	ShockBlast6
spell_book	107	FrostBlast3
spell_book	108	FrostBlast4
spell_book	109	FrostBlast5
spell_book	110	FrostBlast6
spell_book	111	LightningBlast3
spell_book	112	LightningBlast4
spell_book	113	LightningBlast5
spell_book	114	LightningBlast6
spell_book	115	FlameBlast3
spell_book	116	FlameBlast4
spell_book	117	FlameBlast5
spell_book	118	FlameBlast6
spell_book	119	ForceBlast3
spell_book	120	ForceBlast4
spell_book	121	ForceBlast5
spell_book	122	ForceBlast6
spell_book	123	BladeBlast3
spell_book	124	BladeBlast4
spell_book	125	BladeBlast5
spell_book	126	BladeBlast6
spell_book	127	AcidVolley3
spell_book	128	AcidVolley4
spell_book	129	AcidVolley5
spell_book	130	AcidVolley6
spell_book	131	BludgeoningVolley3
spell_book	132	BludgeoningVolley4
spell_book	133	BludgeoningVolley5
spell_book	134	BludgeoningVolley6
spell_book	135	FrostVolley3
spell_book	136	FrostVolley4
spell_book	137	FrostVolley5
spell_book	138	FrostVolley6
spell_book	139	LightningVolley3
spell_book	140	LightningVolley4
spell_book	141	LightningVolley5
spell_book	142	LightningVolley6
spell_book	143	FlameVolley3
spell_book	144	FlameVolley4
spell_book	145	FlameVolley5
spell_book	146	FlameVolley6
spell_book	147	ForceVolley3
spell_book	148	ForceVolley4
spell_book	149	ForceVolley5
spell_book	150	ForceVolley6
spell_book	151	BladeVolley3
spell_book	152	BladeVolley4
spell_book	153	BladeVolley5
spell_book	154	BladeVolley6
spell_book	155	UNKNOWN__GUESSEDNAME155
spell_book	156	UNKNOWN__GUESSEDNAME156
spell_book	157	SummonPortal1
spell_book	158	SummonPortal2
spell_book	159	RegenerationOther1
spell_book	160	RegenerationOther2
spell_book	161	RegenerationOther3
spell_book	162	RegenerationOther4
spell_book	163	RegenerationOther5
spell_book	164	RegenerationOther6
spell_book	165	RegenerationSelf1
spell_book	166	RegenerationSelf2
spell_book	167	RegenerationSelf3
spell_book	168	RegenerationSelf4
spell_book	169	RegenerationSelf5
spell_book	170	RegenerationSelf6
spell_book	171	FesterOther1
spell_book	172	FesterOther2
spell_book	173	FesterOther3
spell_book	174	FesterOther4
spell_book	175	FesterOther5
spell_book	176	FesterOther6
spell_book	177	UNKNOWN__GUESSEDNAME177
spell_book	178	FesterSelf1
spell_book	179	FesterSelf2
spell_book	180	FesterSelf3
spell_book	181	FesterSelf4
spell_book	182	FesterSelf5
spell_book	183	FesterSelf6
spell_book	184	RejuvenationOther2
spell_book	185	RejuvenationOther3
spell_book	186	RejuvenationOther4
spell_book	187	RejuvenationOther5
spell_book	188	RejuvenationOther6
spell_book	189	RejuvenationSelf2
spell_book	190	RejuvenationSelf3
spell_book	191	RejuvenationSelf4
spell_book	192	RejuvenationSelf5
spell_book	193	RejuvenationSelf6
spell_book	194	ExhaustionOther1
spell_book	195	ExhaustionOther2
spell_book	196	ExhaustionOther3
spell_book	197	ExhaustionOther4
spell_book	198	ExhaustionOther5
spell_book	199	ExhaustionOther6
spell_book	200	ExhaustionSelf1
spell_book	201	ExhaustionSelf2
spell_book	202	ExhaustionSelf3
spell_book	203	ExhaustionSelf4
spell_book	204	ExhaustionSelf5
spell_book	205	ExhaustionSelf6
spell_book	206	ManaRenewalOther1
spell_book	207	ManaRenewalOther2
spell_book	208	ManaRenewalOther3
spell_book	209	ManaRenewalOther4
spell_book	210	ManaRenewalOther5
spell_book	211	ManaRenewalOther6
spell_book	212	ManaRenewalSelf1
spell_book	213	ManaRenewalSelf2
spell_book	214	ManaRenewalSelf3
spell_book	215	ManaRenewalSelf4
spell_book	216	ManaRenewalSelf5
spell_book	217	ManaRenewalSelf6
spell_book	218	ManaDepletionOther1
spell_book	219	ManaDepletionOther2
spell_book	220	ManaDepletionOther3
spell_book	221	ManaDepletionOther4
spell_book	222	ManaDepletionOther5
spell_book	223	ManaDepletionOther6
spell_book	224	ManaDepletionSelf1
spell_book	225	ManaDepletionSelf2
spell_book	226	ManaDepletionSelf3
spell_book	227	ManaDepletionSelf4
spell_book	228	ManaDepletionSelf5
spell_book	229	ManaDepletionSelf6
spell_book	230	VulnerabilityOther2
spell_book	231	VulnerabilityOther3
spell_book	232	VulnerabilityOther4
spell_book	233	VulnerabilityOther5
spell_book	234	VulnerabilityOther6
spell_book	235	VulnerabilitySelf2
spell_book	236	VulnerabilitySelf3
spell_book	237	VulnerabilitySelf4
spell_book	238	VulnerabilitySelf5
spell_book	239	VulnerabilitySelf6
spell_book	240	InvulnerabilityOther2
spell_book	241	InvulnerabilityOther3
spell_book	242	InvulnerabilityOther4
spell_book	243	InvulnerabilityOther5
spell_book	244	InvulnerabilityOther6
spell_book	245	InvulnerabilitySelf2
spell_book	246	InvulnerabilitySelf3
spell_book	247	InvulnerabilitySelf4
spell_book	248	InvulnerabilitySelf5
spell_book	249	InvulnerabilitySelf6
spell_book	250	ImpregnabilityOther1
spell_book	251	ImpregnabilityOther2
spell_book	252	ImpregnabilityOther3
spell_book	253	ImpregnabilityOther4
spell_book	254	ImpregnabilityOther5
spell_book	255	ImpregnabilityOther6
spell_book	256	ImpregnabilitySelf1
spell_book	257	ImpregnabilitySelf2
spell_book	258	ImpregnabilitySelf3
spell_book	259	ImpregnabilitySelf4
spell_book	260	ImpregnabilitySelf5
spell_book	261	ImpregnabilitySelf6
spell_book	262	DefenselessnessOther1
spell_book	263	DefenselessnessOther2
spell_book	264	DefenselessnessOther3
spell_book	265	DefenselessnessOther4
spell_book	266	DefenselessnessOther5
spell_book	267	DefenselessnessOther6
spell_book	268	MagicResistanceOther1
spell_book	269	MagicResistanceOther2
spell_book	270	MagicResistanceOther3
spell_book	271	MagicResistanceOther4
spell_book	272	MagicResistanceOther5
spell_book	273	MagicResistanceOther6
spell_book	274	MagicResistanceSelf1
spell_book	275	MagicResistanceSelf2
spell_book	276	MagicResistanceSelf3
spell_book	277	MagicResistanceSelf4
spell_book	278	MagicResistanceSelf5
spell_book	279	MagicResistanceSelf6
spell_book	280	MagicYieldOther1
spell_book	281	MagicYieldOther2
spell_book	282	MagicYieldOther3
spell_book	283	MagicYieldOther4
spell_book	284	MagicYieldOther5
spell_book	285	MagicYieldOther6
spell_book	286	MagicYieldSelf1
spell_book	287	MagicYieldSelf2
spell_book	288	MagicYieldSelf3
spell_book	289	MagicYieldSelf4
spell_book	290	MagicYieldSelf5
spell_book	291	MagicYieldSelf6
spell_book	292	LightWeaponsMasteryOther1
spell_book	293	LightWeaponsMasteryOther2
spell_book	294	LightWeaponsMasteryOther3
spell_book	295	LightWeaponsMasteryOther4
spell_book	296	LightWeaponsMasteryOther5
spell_book	297	LightWeaponsMasteryOther6
spell_book	298	LightWeaponsMasterySelf1
spell_book	299	LightWeaponsMasterySelf2
spell_book	300	LightWeaponsMasterySelf3
spell_book	301	LightWeaponsMasterySelf4
spell_book	302	LightWeaponsMasterySelf5
spell_book	303	LightWeaponsMasterySelf6
spell_book	304	LightWeaponsIneptitudeOther1
spell_book	305	LightWeaponsIneptitudeOther2
spell_book	306	LightWeaponsIneptitudeOther3
spell_book	307	LightWeaponsIneptitudeOther4
spell_book	308	LightWeaponsIneptitudeOther5
spell_book	309	LightWeaponsIneptitudeOther6
spell_book	310	LightWeaponsIneptitudeSelf1
spell_book	311	LightWeaponsIneptitudeSelf2
spell_book	312	LightWeaponsIneptitudeSelf3
spell_book	313	LightWeaponsIneptitudeSelf4
spell_book	314	LightWeaponsIneptitudeSelf5
spell_book	315	LightWeaponsIneptitudeSelf6
spell_book	316	FinesseWeaponsMasteryOther1
spell_book	317	FinesseWeaponsMasteryOther2
spell_book	318	FinesseWeaponsMasteryOther3
spell_book	319	FinesseWeaponsMasteryOther4
spell_book	320	FinesseWeaponsMasteryOther5
spell_book	321	FinesseWeaponsMasteryOther6
spell_book	322	FinesseWeaponsMasterySelf1
spell_book	323	FinesseWeaponsMasterySelf2
spell_book	324	FinesseWeaponsMasterySelf3
spell_book	325	FinesseWeaponsMasterySelf4
spell_book	326	FinesseWeaponsMasterySelf5
spell_book	327	FinesseWeaponsMasterySelf6
spell_book	328	FinesseWeaponsIneptitudeOther1
spell_book	329	FinesseWeaponsIneptitudeOther2
spell_book	330	FinesseWeaponsIneptitudeOther3
spell_book	331	FinesseWeaponsIneptitudeOther4
spell_book	332	FinesseWeaponsIneptitudeOther5
spell_book	333	FinesseWeaponsIneptitudeOther6
spell_book	334	FinesseWeaponsIneptitudeSelf1
spell_book	335	FinesseWeaponsIneptitudeSelf2
spell_book	336	FinesseWeaponsIneptitudeSelf3
spell_book	337	FinesseWeaponsIneptitudeSelf4
spell_book	338	FinesseWeaponsIneptitudeSelf5
spell_book	339	FinesseWeaponsIneptitudeSelf6
spell_book	340	MaceMasteryOther1
spell_book	341	MaceMasteryOther2
spell_book	342	MaceMasteryOther3
spell_book	343	MaceMasteryOther4
spell_book	344	MaceMasteryOther5
spell_book	345	MaceMasteryOther6
spell_book	346	MaceMasterySelf1
spell_book	347	MaceMasterySelf2
spell_book	348	MaceMasterySelf3
spell_book	349	MaceMasterySelf4
spell_book	350	MaceMasterySelf5
spell_book	351	MaceMasterySelf6
spell_book	352	MaceIneptitudeOther1
spell_book	353	MaceIneptitudeOther2
spell_book	354	MaceIneptitudeOther3
spell_book	355	MaceIneptitudeOther4
spell_book	356	MaceIneptitudeOther5
spell_book	357	MaceIneptitudeOther6
spell_book	358	MaceIneptitudeSelf1
spell_book	359	MaceIneptitudeSelf2
spell_book	360	MaceIneptitudeSelf3
spell_book	361	MaceIneptitudeSelf4
spell_book	362	MaceIneptitudeSelf5
spell_book	363	MaceIneptitudeSelf6
spell_book	364	SpearMasteryOther1
spell_book	365	SpearMasteryOther2
spell_book	366	SpearMasteryOther3
spell_book	367	SpearMasteryOther4
spell_book	368	SpearMasteryOther5
spell_book	369	SpearMasteryOther6
spell_book	370	SpearMasterySelf1
spell_book	371	SpearMasterySelf2
spell_book	372	SpearMasterySelf3
spell_book	373	SpearMasterySelf4
spell_book	374	SpearMasterySelf5
spell_book	375	SpearMasterySelf6
spell_book	376	SpearIneptitudeOther1
spell_book	377	SpearIneptitudeOther2
spell_book	378	SpearIneptitudeOther3
spell_book	379	SpearIneptitudeOther4
spell_book	380	SpearIneptitudeOther5
spell_book	381	SpearIneptitudeOther6
spell_book	382	SpearIneptitudeSelf1
spell_book	383	SpearIneptitudeSelf2
spell_book	384	SpearIneptitudeSelf3
spell_book	385	SpearIneptitudeSelf4
spell_book	386	SpearIneptitudeSelf5
spell_book	387	SpearIneptitudeSelf6
spell_book	388	StaffMasteryOther1
spell_book	389	StaffMasteryOther2
spell_book	390	StaffMasteryOther3
spell_book	391	StaffMasteryOther4
spell_book	392	StaffMasteryOther5
spell_book	393	StaffMasteryOther6
spell_book	394	StaffMasterySelf1
spell_book	395	StaffMasterySelf2
spell_book	396	StaffMasterySelf3
spell_book	397	StaffMasterySelf4
spell_book	398	StaffMasterySelf5
spell_book	399	StaffMasterySelf6
spell_book	400	StaffIneptitudeOther1
spell_book	401	StaffIneptitudeOther2
spell_book	402	StaffIneptitudeOther3
spell_book	403	StaffIneptitudeOther4
spell_book	404	StaffIneptitudeOther5
spell_book	405	StaffIneptitudeOther6
spell_book	406	StaffIneptitudeSelf1
spell_book	407	StaffIneptitudeSelf2
spell_book	408	StaffIneptitudeSelf3
spell_book	409	StaffIneptitudeSelf4
spell_book	410	StaffIneptitudeSelf5
spell_book	411	StaffIneptitudeSelf6
spell_book	412	HeavyWeaponsMasteryOther1
spell_book	413	HeavyWeaponsMasteryOther2
spell_book	414	HeavyWeaponsMasteryOther3
spell_book	415	HeavyWeaponsMasteryOther4
spell_book	416	HeavyWeaponsMasteryOther5
spell_book	417	HeavyWeaponsMasteryOther6
spell_book	418	HeavyWeaponsMasterySelf1
spell_book	419	HeavyWeaponsMasterySelf2
spell_book	420	HeavyWeaponsMasterySelf3
spell_book	421	HeavyWeaponsMasterySelf4
spell_book	422	HeavyWeaponsMasterySelf5
spell_book	423	HeavyWeaponsMasterySelf6
spell_book	424	HeavyWeaponsIneptitudeOther1
spell_book	425	HeavyWeaponsIneptitudeOther2
spell_book	426	HeavyWeaponsIneptitudeOther3
spell_book	427	HeavyWeaponsIneptitudeOther4
spell_book	428	HeavyWeaponsIneptitudeOther5
spell_book	429	HeavyWeaponsIneptitudeOther6
spell_book	430	HeavyWeaponsIneptitudeSelf1
spell_book	431	HeavyWeaponsIneptitudeSelf2
spell_book	432	HeavyWeaponsIneptitudeSelf3
spell_book	433	HeavyWeaponsIneptitudeSelf4
spell_book	434	UNKNOWN__GUESSEDNAME434
spell_book	435	HeavyWeaponsIneptitudeSelf5
spell_book	436	HeavyWeaponsIneptitudeSelf6
spell_book	437	UnarmedCombatMasteryOther1
spell_book	438	UnarmedCombatMasteryOther2
spell_book	439	UnarmedCombatMasteryOther3
spell_book	440	UnarmedCombatMasteryOther4
spell_book	441	UnarmedCombatMasteryOther5
spell_book	442	UnarmedCombatMasteryOther6
spell_book	443	UnarmedCombatMasterySelf1
spell_book	444	UnarmedCombatMasterySelf2
spell_book	445	UnarmedCombatMasterySelf3
spell_book	446	UnarmedCombatMasterySelf4
spell_book	447	UnarmedCombatMasterySelf5
spell_book	448	UnarmedCombatMasterySelf6
spell_book	449	UnarmedCombatIneptitudeOther1
spell_book	450	UnarmedCombatIneptitudeOther2
spell_book	451	UnarmedCombatIneptitudeOther3
spell_book	452	UnarmedCombatIneptitudeOther4
spell_book	453	UnarmedCombatIneptitudeOther5
spell_book	454	UnarmedCombatIneptitudeOther6
spell_book	455	UnarmedCombatIneptitudeSelf1
spell_book	456	UnarmedCombatIneptitudeSelf2
spell_book	457	UnarmedCombatIneptitudeSelf3
spell_book	458	UnarmedCombatIneptitudeSelf4
spell_book	459	UnarmedCombatIneptitudeSelf5
spell_book	460	UnarmedCombatIneptitudeSelf6
spell_book	461	MissileWeaponsMasteryOther1
spell_book	462	MissileWeaponsMasteryOther2
spell_book	463	MissileWeaponsMasteryOther3
spell_book	464	MissileWeaponsMasteryOther4
spell_book	465	MissileWeaponsMasteryOther5
spell_book	466	MissileWeaponsMasteryOther6
spell_book	467	MissileWeaponsMasterySelf1
spell_book	468	MissileWeaponsMasterySelf2
spell_book	469	MissileWeaponsMasterySelf3
spell_book	470	MissileWeaponsMasterySelf4
spell_book	471	MissileWeaponsMasterySelf5
spell_book	472	MissileWeaponsMasterySelf6
spell_book	473	MissileWeaponsIneptitudeOther1
spell_book	474	MissileWeaponsIneptitudeOther2
spell_book	475	MissileWeaponsIneptitudeOther3
spell_book	476	MissileWeaponsIneptitudeOther4
spell_book	477	MissileWeaponsIneptitudeOther5
spell_book	478	MissileWeaponsIneptitudeOther6
spell_book	479	MissileWeaponsIneptitudeSelf1
spell_book	480	MissileWeaponsIneptitudeSelf2
spell_book	481	MissileWeaponsIneptitudeSelf3
spell_book	482	MissileWeaponsIneptitudeSelf4
spell_book	483	MissileWeaponsIneptitudeSelf5
spell_book	484	MissileWeaponsIneptitudeSelf6
spell_book	485	CrossbowMasteryOther1
spell_book	486	CrossbowMasteryOther2
spell_book	487	CrossbowMasteryOther3
spell_book	488	CrossbowMasteryOther4
spell_book	489	CrossbowMasteryOther5
spell_book	490	CrossbowMasteryOther6
spell_book	491	CrossbowMasterySelf1
spell_book	492	CrossbowMasterySelf2
spell_book	493	CrossbowMasterySelf3
spell_book	494	CrossbowMasterySelf4
spell_book	495	CrossbowMasterySelf5
spell_book	496	CrossbowMasterySelf6
spell_book	497	CrossbowIneptitudeOther1
spell_book	498	CrossbowIneptitudeOther2
spell_book	499	CrossbowIneptitudeOther3
spell_book	500	CrossbowIneptitudeOther4
spell_book	501	CrossbowIneptitudeOther5
spell_book	502	CrossbowIneptitudeOther6
spell_book	503	CrossbowIneptitudeSelf1
spell_book	504	CrossbowIneptitudeSelf2
spell_book	505	CrossbowIneptitudeSelf3
spell_book	506	CrossbowIneptitudeSelf4
spell_book	507	CrossbowIneptitudeSelf5
spell_book	508	CrossbowIneptitudeSelf6
spell_book	509	AcidProtectionOther1
spell_book	510	AcidProtectionOther2
spell_book	511	AcidProtectionOther3
spell_book	512	AcidProtectionOther4
spell_book	513	AcidProtectionOther5
spell_book	514	AcidProtectionOther6
spell_book	515	AcidProtectionSelf1
spell_book	516	AcidProtectionSelf2
spell_book	517	AcidProtectionSelf3
spell_book	518	AcidProtectionSelf4
spell_book	519	AcidProtectionSelf5
spell_book	520	AcidProtectionSelf6
spell_book	521	AcidVulnerabilityOther1
spell_book	522	AcidVulnerabilityOther2
spell_book	523	AcidVulnerabilityOther3
spell_book	524	AcidVulnerabilityOther4
spell_book	525	AcidVulnerabilityOther5
spell_book	526	AcidVulnerabilityOther6
spell_book	527	AcidVulnerabilitySelf1
spell_book	528	AcidVulnerabilitySelf2
spell_book	529	AcidVulnerabilitySelf3
spell_book	530	AcidVulnerabilitySelf4
spell_book	531	AcidVulnerabilitySelf5
spell_book	532	AcidVulnerabilitySelf6
spell_book	533	ThrownWeaponMasteryOther1
spell_book	534	ThrownWeaponMasteryOther2
spell_book	535	ThrownWeaponMasteryOther3
spell_book	536	ThrownWeaponMasteryOther4
spell_book	537	ThrownWeaponMasteryOther5
spell_book	538	ThrownWeaponMasteryOther6
spell_book	539	ThrownWeaponMasterySelf1
spell_book	540	ThrownWeaponMasterySelf2
spell_book	541	ThrownWeaponMasterySelf3
spell_book	542	ThrownWeaponMasterySelf4
spell_book	543	ThrownWeaponMasterySelf5
spell_book	544	ThrownWeaponMasterySelf6
spell_book	545	ThrownWeaponIneptitudeOther1
spell_book	546	ThrownWeaponIneptitudeOther2
spell_book	547	ThrownWeaponIneptitudeOther3
spell_book	548	ThrownWeaponIneptitudeOther4
spell_book	549	ThrownWeaponIneptitudeOther5
spell_book	550	ThrownWeaponIneptitudeOther6
spell_book	551	ThrownWeaponIneptitudeSelf1
spell_book	552	ThrownWeaponIneptitudeSelf2
spell_book	553	ThrownWeaponIneptitudeSelf3
spell_book	554	ThrownWeaponIneptitudeSelf4
spell_book	555	ThrownWeaponIneptitudeSelf5
spell_book	556	ThrownWeaponIneptitudeSelf6
spell_book	557	CreatureEnchantmentMasterySelf1
spell_book	558	CreatureEnchantmentMasterySelf2
spell_book	559	CreatureEnchantmentMasterySelf3
spell_book	560	CreatureEnchantmentMasterySelf4
spell_book	561	CreatureEnchantmentMasterySelf5
spell_book	562	CreatureEnchantmentMasterySelf6
spell_book	563	CreatureEnchantmentMasteryOther1
spell_book	564	CreatureEnchantmentMasteryOther2
spell_book	565	CreatureEnchantmentMasteryOther3
spell_book	566	CreatureEnchantmentMasteryOther4
spell_book	567	CreatureEnchantmentMasteryOther5
spell_book	568	CreatureEnchantmentMasteryOther6
spell_book	569	CreatureEnchantmentIneptitudeOther1
spell_book	570	CreatureEnchantmentIneptitudeOther2
spell_book	571	CreatureEnchantmentIneptitudeOther3
spell_book	572	CreatureEnchantmentIneptitudeOther4
spell_book	573	CreatureEnchantmentIneptitudeOther5
spell_book	574	CreatureEnchantmentIneptitudeOther6
spell_book	575	CreatureEnchantmentIneptitudeSelf1
spell_book	576	CreatureEnchantmentIneptitudeSelf2
spell_book	577	CreatureEnchantmentIneptitudeSelf3
spell_book	578	CreatureEnchantmentIneptitudeSelf4
spell_book	579	CreatureEnchantmentIneptitudeSelf5
spell_book	580	CreatureEnchantmentIneptitudeSelf6
spell_book	581	ItemEnchantmentMasterySelf1
spell_book	582	ItemEnchantmentMasterySelf2
spell_book	583	ItemEnchantmentMasterySelf3
spell_book	584	ItemEnchantmentMasterySelf4
spell_book	585	ItemEnchantmentMasterySelf5
spell_book	586	ItemEnchantmentMasterySelf6
spell_book	587	ItemEnchantmentMasteryOther1
spell_book	588	ItemEnchantmentMasteryOther2
spell_book	589	ItemEnchantmentMasteryOther3
spell_book	590	ItemEnchantmentMasteryOther4
spell_book	591	ItemEnchantmentMasteryOther5
spell_book	592	ItemEnchantmentMasteryOther6
spell_book	593	ItemEnchantmentIneptitudeOther1
spell_book	594	ItemEnchantmentIneptitudeOther2
spell_book	595	ItemEnchantmentIneptitudeOther3
spell_book	596	ItemEnchantmentIneptitudeOther4
spell_book	597	ItemEnchantmentIneptitudeOther5
spell_book	598	ItemEnchantmentIneptitudeOther6
spell_book	599	ItemEnchantmentIneptitudeSelf1
spell_book	600	ItemEnchantmentIneptitudeSelf2
spell_book	601	ItemEnchantmentIneptitudeSelf3
spell_book	602	ItemEnchantmentIneptitudeSelf4
spell_book	603	ItemEnchantmentIneptitudeSelf5
spell_book	604	ItemEnchantmentIneptitudeSelf6
spell_book	605	LifeMagicMasterySelf1
spell_book	606	LifeMagicMasterySelf2
spell_book	607	LifeMagicMasterySelf3
spell_book	608	LifeMagicMasterySelf4
spell_book	609	LifeMagicMasterySelf5
spell_book	610	LifeMagicMasterySelf6
spell_book	611	LifeMagicMasteryOther1
spell_book	612	LifeMagicMasteryOther2
spell_book	613	LifeMagicMasteryOther3
spell_book	614	LifeMagicMasteryOther4
spell_book	615	LifeMagicMasteryOther5
spell_book	616	LifeMagicMasteryOther6
spell_book	617	LifeMagicIneptitudeSelf1
spell_book	618	LifeMagicIneptitudeSelf2
spell_book	619	LifeMagicIneptitudeSelf3
spell_book	620	LifeMagicIneptitudeSelf4
spell_book	621	LifeMagicIneptitudeSelf5
spell_book	622	LifeMagicIneptitudeSelf6
spell_book	623	LifeMagicIneptitudeOther1
spell_book	624	LifeMagicIneptitudeOther2
spell_book	625	LifeMagicIneptitudeOther3
spell_book	626	LifeMagicIneptitudeOther4
spell_book	627	LifeMagicIneptitudeOther5
spell_book	628	LifeMagicIneptitudeOther6
spell_book	629	WarMagicMasterySelf1
spell_book	630	WarMagicMasterySelf2
spell_book	631	WarMagicMasterySelf3
spell_book	632	WarMagicMasterySelf4
spell_book	633	WarMagicMasterySelf5
spell_book	634	WarMagicMasterySelf6
spell_book	635	WarMagicMasteryOther1
spell_book	636	WarMagicMasteryOther2
spell_book	637	WarMagicMasteryOther3
spell_book	638	WarMagicMasteryOther4
spell_book	639	WarMagicMasteryOther5
spell_book	640	WarMagicMasteryOther6
spell_book	641	WarMagicIneptitudeSelf1
spell_book	642	WarMagicIneptitudeSelf2
spell_book	643	WarMagicIneptitudeSelf3
spell_book	644	WarMagicIneptitudeSelf4
spell_book	645	WarMagicIneptitudeSelf5
spell_book	646	WarMagicIneptitudeSelf6
spell_book	647	WarMagicIneptitudeOther1
spell_book	648	WarMagicIneptitudeOther2
spell_book	649	WarMagicIneptitudeOther3
spell_book	650	WarMagicIneptitudeOther4
spell_book	651	WarMagicIneptitudeOther5
spell_book	652	WarMagicIneptitudeOther6
spell_book	653	ManaMasterySelf1
spell_book	654	ManaMasterySelf2
spell_book	655	ManaMasterySelf3
spell_book	656	ManaMasterySelf4
spell_book	657	ManaMasterySelf5
spell_book	658	ManaMasterySelf6
spell_book	659	ManaMasteryOther1
spell_book	660	ManaMasteryOther2
spell_book	661	ManaMasteryOther3
spell_book	662	ManaMasteryOther4
spell_book	663	ManaMasteryOther5
spell_book	664	ManaMasteryOther6
spell_book	665	ManaIneptitudeSelf1
spell_book	666	Vitae
spell_book	667	ManaIneptitudeSelf2
spell_book	668	ManaIneptitudeSelf3
spell_book	669	ManaIneptitudeSelf4
spell_book	670	ManaIneptitudeSelf5
spell_book	671	ManaIneptitudeSelf6
spell_book	672	ManaIneptitudeOther1
spell_book	673	ManaIneptitudeOther2
spell_book	674	ManaIneptitudeOther3
spell_book	675	ManaIneptitudeOther4
spell_book	676	ManaIneptitudeOther5
spell_book	677	ManaIneptitudeOther6
spell_book	678	ArcaneEnlightenmentSelf1
spell_book	679	ArcaneEnlightenmentSelf2
spell_book	680	ArcaneEnlightenmentSelf3
spell_book	681	ArcaneEnlightenmentSelf4
spell_book	682	ArcaneEnlightenmentSelf5
spell_book	683	ArcaneEnlightenmentSelf6
spell_book	684	ArcaneEnlightenmentOther1
spell_book	685	ArcaneEnlightenmentOther2
spell_book	686	ArcaneEnlightenmentOther3
spell_book	687	ArcaneEnlightenmentOther4
spell_book	688	ArcaneEnlightenmentOther5
spell_book	689	ArcaneEnlightenmentOther6
spell_book	690	ArcaneBenightednessSelf1
spell_book	691	ArcaneBenightednessSelf2
spell_book	692	ArcaneBenightednessSelf3
spell_book	693	ArcaneBenightednessSelf4
spell_book	694	ArcaneBenightednessSelf5
spell_book	695	ArcaneBenightednessSelf6
spell_book	696	ArcaneBenightednessOther1
spell_book	697	ArcaneBenightednessOther2
spell_book	698	ArcaneBenightednessOther3
spell_book	699	ArcaneBenightednessOther4
spell_book	700	ArcaneBenightednessOther5
spell_book	701	ArcaneBenightednessOther6
spell_book	702	ArmorExpertiseSelf1
spell_book	703	ArmorExpertiseSelf2
spell_book	704	ArmorExpertiseSelf3
spell_book	705	ArmorExpertiseSelf4
spell_book	706	ArmorExpertiseSelf5
spell_book	707	ArmorExpertiseSelf6
spell_book	708	ArmorExpertiseOther1
spell_book	709	ArmorExpertiseOther2
spell_book	710	ArmorExpertiseOther3
spell_book	711	ArmorExpertiseOther4
spell_book	712	ArmorExpertiseOther5
spell_book	713	ArmorExpertiseOther6
spell_book	714	ArmorIgnoranceSelf1
spell_book	715	ArmorIgnoranceSelf2
spell_book	716	ArmorIgnoranceSelf3
spell_book	717	ArmorIgnoranceSelf4
spell_book	718	ArmorIgnoranceSelf5
spell_book	719	ArmorIgnoranceSelf6
spell_book	720	ArmorIgnoranceOther1
spell_book	721	ArmorIgnoranceOther2
spell_book	722	ArmorIgnoranceOther3
spell_book	723	ArmorIgnoranceOther4
spell_book	724	ArmorIgnoranceOther5
spell_book	725	ArmorIgnoranceOther6
spell_book	726	ItemExpertiseSelf1
spell_book	727	ItemExpertiseSelf2
spell_book	728	ItemExpertiseSelf3
spell_book	729	ItemExpertiseSelf4
spell_book	730	ItemExpertiseSelf5
spell_book	731	ItemExpertiseSelf6
spell_book	732	ItemExpertiseOther1
spell_book	733	ItemExpertiseOther2
spell_book	734	ItemExpertiseOther3
spell_book	735	ItemExpertiseOther4
spell_book	736	ItemExpertiseOther5
spell_book	737	ItemExpertiseOther6
spell_book	738	ItemIgnoranceSelf1
spell_book	739	ItemIgnoranceSelf2
spell_book	740	ItemIgnoranceSelf3
spell_book	741	ItemIgnoranceSelf4
spell_book	742	ItemIgnoranceSelf5
spell_book	743	ItemIgnoranceSelf6
spell_book	744	ItemIgnoranceOther1
spell_book	745	ItemIgnoranceOther2
spell_book	746	ItemIgnoranceOther3
spell_book	747	ItemIgnoranceOther4
spell_book	748	ItemIgnoranceOther5
spell_book	749	ItemIgnoranceOther6
spell_book	750	MagicItemExpertiseSelf1
spell_book	751	MagicItemExpertiseSelf2
spell_book	752	MagicItemExpertiseSelf3
spell_book	753	MagicItemExpertiseSelf4
spell_book	754	MagicItemExpertiseSelf5
spell_book	755	MagicItemExpertiseSelf6
spell_book	756	MagicItemExpertiseOther1
spell_book	757	MagicItemExpertiseOther2
spell_book	758	MagicItemExpertiseOther3
spell_book	759	MagicItemExpertiseOther4
spell_book	760	MagicItemExpertiseOther5
spell_book	761	MagicItemExpertiseOther6
spell_book	762	MagicItemIgnoranceSelf1
spell_book	763	MagicItemIgnoranceSelf2
spell_book	764	MagicItemIgnoranceSelf3
spell_book	765	MagicItemIgnoranceSelf4
spell_book	766	MagicItemIgnoranceSelf5
spell_book	767	MagicItemIgnoranceSelf6
spell_book	768	MagicItemIgnoranceOther1
spell_book	769	MagicItemIgnoranceOther2
spell_book	770	MagicItemIgnoranceOther3
spell_book	771	MagicItemIgnoranceOther4
spell_book	772	MagicItemIgnoranceOther5
spell_book	773	MagicItemIgnoranceOther6
spell_book	774	WeaponExpertiseSelf1
spell_book	775	WeaponExpertiseSelf2
spell_book	776	WeaponExpertiseSelf3
spell_book	777	WeaponExpertiseSelf4
spell_book	778	WeaponExpertiseSelf5
spell_book	779	WeaponExpertiseSelf6
spell_book	780	WeaponExpertiseOther1
spell_book	781	WeaponExpertiseOther2
spell_book	782	WeaponExpertiseOther3
spell_book	783	WeaponExpertiseOther4
spell_book	784	WeaponExpertiseOther5
spell_book	785	WeaponExpertiseOther6
spell_book	786	WeaponIgnoranceSelf1
spell_book	787	WeaponIgnoranceSelf2
spell_book	788	WeaponIgnoranceSelf3
spell_book	789	WeaponIgnoranceSelf4
spell_book	790	WeaponIgnoranceSelf5
spell_book	791	WeaponIgnoranceSelf6
spell_book	792	WeaponIgnoranceOther1
spell_book	793	WeaponIgnoranceOther2
spell_book	794	WeaponIgnoranceOther3
spell_book	795	WeaponIgnoranceOther4
spell_book	796	WeaponIgnoranceOther5
spell_book	797	WeaponIgnoranceOther6
spell_book	798	MonsterAttunementSelf1
spell_book	799	MonsterAttunementSelf2
spell_book	800	MonsterAttunementSelf3
spell_book	801	MonsterAttunementSelf4
spell_book	802	MonsterAttunementSelf5
spell_book	803	MonsterAttunementSelf6
spell_book	804	MonsterAttunementOther1
spell_book	805	MonsterAttunementOther2
spell_book	806	MonsterAttunementOther3
spell_book	807	MonsterAttunementOther4
spell_book	808	MonsterAttunementOther5
spell_book	809	MonsterAttunementOther6
spell_book	810	FireProtectionOther2
spell_book	811	MonsterUnfamiliaritySelf1
spell_book	812	MonsterUnfamiliaritySelf2
spell_book	813	MonsterUnfamiliaritySelf3
spell_book	814	MonsterUnfamiliaritySelf4
spell_book	815	MonsterUnfamiliaritySelf5
spell_book	816	MonsterUnfamiliaritySelf6
spell_book	817	MonsterUnfamiliarityOther1
spell_book	818	MonsterUnfamiliarityOther2
spell_book	819	MonsterUnfamiliarityOther3
spell_book	820	MonsterUnfamiliarityOther4
spell_book	821	MonsterUnfamiliarityOther5
spell_book	822	MonsterUnfamiliarityOther6
spell_book	823	UNKNOWN__GUESSEDNAME823
spell_book	824	PersonAttunementSelf1
spell_book	825	PersonAttunementSelf2
spell_book	826	PersonAttunementSelf3
spell_book	827	PersonAttunementSelf4
spell_book	828	PersonAttunementSelf5
spell_book	829	PersonAttunementSelf6
spell_book	830	PersonAttunementOther1
spell_book	831	PersonAttunementOther2
spell_book	832	PersonAttunementOther3
spell_book	833	PersonAttunementOther4
spell_book	834	PersonAttunementOther5
spell_book	835	PersonAttunementOther6
spell_book	836	FireProtectionOther3
spell_book	837	PersonUnfamiliaritySelf1
spell_book	838	PersonUnfamiliaritySelf2
spell_book	839	PersonUnfamiliaritySelf3
spell_book	840	PersonUnfamiliaritySelf4
spell_book	841	PersonUnfamiliaritySelf5
spell_book	842	PersonUnfamiliaritySelf6
spell_book	843	PersonUnfamiliarityOther1
spell_book	844	PersonUnfamiliarityOther2
spell_book	845	PersonUnfamiliarityOther3
spell_book	846	PersonUnfamiliarityOther4
spell_book	847	PersonUnfamiliarityOther5
spell_book	848	PersonUnfamiliarityOther6
spell_book	849	FireProtectionOther4
spell_book	850	DeceptionMasterySelf1
spell_book	851	DeceptionMasterySelf2
spell_book	852	DeceptionMasterySelf3
spell_book	853	DeceptionMasterySelf4
spell_book	854	DeceptionMasterySelf5
spell_book	855	DeceptionMasterySelf6
spell_book	856	DeceptionMasteryOther1
spell_book	857	DeceptionMasteryOther2
spell_book	858	DeceptionMasteryOther3
spell_book	859	DeceptionMasteryOther4
spell_book	860	DeceptionMasteryOther5
spell_book	861	DeceptionMasteryOther6
spell_book	862	DeceptionIneptitudeSelf1
spell_book	863	DeceptionIneptitudeSelf2
spell_book	864	DeceptionIneptitudeSelf3
spell_book	865	DeceptionIneptitudeSelf4
spell_book	866	DeceptionIneptitudeSelf5
spell_book	867	DeceptionIneptitudeSelf6
spell_book	868	DeceptionIneptitudeOther1
spell_book	869	DeceptionIneptitudeOther2
spell_book	870	DeceptionIneptitudeOther3
spell_book	871	DeceptionIneptitudeOther4
spell_book	872	DeceptionIneptitudeOther5
spell_book	873	DeceptionIneptitudeOther6
spell_book	874	HealingMasterySelf1
spell_book	875	HealingMasterySelf2
spell_book	876	HealingMasterySelf3
spell_book	877	HealingMasterySelf4
spell_book	878	HealingMasterySelf5
spell_book	879	HealingMasterySelf6
spell_book	880	HealingMasteryOther1
spell_book	881	HealingMasteryOther2
spell_book	882	HealingMasteryOther3
spell_book	883	HealingMasteryOther4
spell_book	884	HealingMasteryOther5
spell_book	885	HealingMasteryOther6
spell_book	886	HealingIneptitudeSelf1
spell_book	887	HealingIneptitudeSelf2
spell_book	888	HealingIneptitudeSelf3
spell_book	889	HealingIneptitudeSelf4
spell_book	890	HealingIneptitudeSelf5
spell_book	891	HealingIneptitudeSelf6
spell_book	892	HealingIneptitudeOther1
spell_book	893	HealingIneptitudeOther2
spell_book	894	HealingIneptitudeOther3
spell_book	895	HealingIneptitudeOther4
spell_book	896	HealingIneptitudeOther5
spell_book	897	HealingIneptitudeOther6
spell_book	898	LeadershipMasterySelf1
spell_book	899	LeadershipMasterySelf2
spell_book	900	LeadershipMasterySelf3
spell_book	901	LeadershipMasterySelf4
spell_book	902	LeadershipMasterySelf5
spell_book	903	LeadershipMasterySelf6
spell_book	904	LeadershipMasteryOther1
spell_book	905	LeadershipMasteryOther2
spell_book	906	LeadershipMasteryOther3
spell_book	907	LeadershipMasteryOther4
spell_book	908	LeadershipMasteryOther5
spell_book	909	LeadershipMasteryOther6
spell_book	910	LeadershipIneptitudeSelf1
spell_book	911	LeadershipIneptitudeSelf2
spell_book	912	LeadershipIneptitudeSelf3
spell_book	913	LeadershipIneptitudeSelf4
spell_book	914	LeadershipIneptitudeSelf5
spell_book	915	LeadershipIneptitudeSelf6
spell_book	916	LeadershipIneptitudeOther1
spell_book	917	LeadershipIneptitudeOther2
spell_book	918	LeadershipIneptitudeOther3
spell_book	919	LeadershipIneptitudeOther4
spell_book	920	LeadershipIneptitudeOther5
spell_book	921	LeadershipIneptitudeOther6
spell_book	922	LockpickMasterySelf1
spell_book	923	LockpickMasterySelf2
spell_book	924	LockpickMasterySelf3
spell_book	925	LockpickMasterySelf4
spell_book	926	LockpickMasterySelf5
spell_book	927	LockpickMasterySelf6
spell_book	928	LockpickMasteryOther1
spell_book	929	LockpickMasteryOther2
spell_book	930	LockpickMasteryOther3
spell_book	931	LockpickMasteryOther4
spell_book	932	LockpickMasteryOther5
spell_book	933	LockpickMasteryOther6
spell_book	934	LockpickIneptitudeSelf1
spell_book	935	LockpickIneptitudeSelf2
spell_book	936	LockpickIneptitudeSelf3
spell_book	937	LockpickIneptitudeSelf4
spell_book	938	LockpickIneptitudeSelf5
spell_book	939	LockpickIneptitudeSelf6
spell_book	940	LockpickIneptitudeOther1
spell_book	941	LockpickIneptitudeOther2
spell_book	942	LockpickIneptitudeOther3
spell_book	943	LockpickIneptitudeOther4
spell_book	944	LockpickIneptitudeOther5
spell_book	945	LockpickIneptitudeOther6
spell_book	946	FealtySelf1
spell_book	947	FealtySelf2
spell_book	948	FealtySelf3
spell_book	949	FealtySelf4
spell_book	950	FealtySelf5
spell_book	951	FealtySelf6
spell_book	952	FealtyOther1
spell_book	953	FealtyOther2
spell_book	954	FealtyOther3
spell_book	955	FealtyOther4
spell_book	956	FealtyOther5
spell_book	957	FealtyOther6
spell_book	958	FaithlessnessSelf1
spell_book	959	FaithlessnessSelf2
spell_book	960	FaithlessnessSelf3
spell_book	961	FaithlessnessSelf4
spell_book	962	FaithlessnessSelf5
spell_book	963	FaithlessnessSelf6
spell_book	964	FaithlessnessOther1
spell_book	965	FaithlessnessOther2
spell_book	966	FaithlessnessOther3
spell_book	967	FaithlessnessOther4
spell_book	968	FaithlessnessOther5
spell_book	969	FaithlessnessOther6
spell_book	970	JumpingMasterySelf1
spell_book	971	JumpingMasterySelf2
spell_book	972	JumpingMasterySelf3
spell_book	973	JumpingMasterySelf4
spell_book	974	JumpingMasterySelf5
spell_book	975	JumpingMasterySelf6
spell_book	976	JumpingMasteryOther1
spell_book	977	JumpingMasteryOther2
spell_book	978	JumpingMasteryOther3
spell_book	979	JumpingMasteryOther4
spell_book	980	JumpingMasteryOther5
spell_book	981	JumpingMasteryOther6
spell_book	982	SprintSelf1
spell_book	983	SprintSelf2
spell_book	984	SprintSelf3
spell_book	985	SprintSelf4
spell_book	986	SprintSelf5
spell_book	987	SprintSelf6
spell_book	988	SprintOther1
spell_book	989	SprintOther2
spell_book	990	SprintOther3
spell_book	991	SprintOther4
spell_book	992	SprintOther5
spell_book	993	SprintOther6
spell_book	994	LeadenFeetSelf1
spell_book	995	LeadenFeetSelf2
spell_book	996	LeadenFeetSelf3
spell_book	997	LeadenFeetSelf4
spell_book	998	LeadenFeetSelf5
spell_book	999	LeadenFeetSelf6
spell_book	1000	LeadenFeetOther1
spell_book	1001	LeadenFeetOther2
spell_book	1002	LeadenFeetOther3
spell_book	1003	LeadenFeetOther4
spell_book	1004	LeadenFeetOther5
spell_book	1005	LeadenFeetOther6
spell_book	1006	JumpingIneptitudeSelf1
spell_book	1007	JumpingIneptitudeSelf2
spell_book	1008	JumpingIneptitudeSelf3
spell_book	1009	JumpingIneptitudeSelf4
spell_book	1010	JumpingIneptitudeSelf5
spell_book	1011	JumpingIneptitudeSelf6
spell_book	1012	JumpingIneptitudeOther1
spell_book	1013	JumpingIneptitudeOther2
spell_book	1014	JumpingIneptitudeOther3
spell_book	1015	JumpingIneptitudeOther4
spell_book	1016	JumpingIneptitudeOther5
spell_book	1017	JumpingIneptitudeOther6
spell_book	1018	BludgeonProtectionSelf1
spell_book	1019	BludgeonProtectionSelf2
spell_book	1020	BludgeonProtectionSelf3
spell_book	1021	BludgeonProtectionSelf4
spell_book	1022	BludgeonProtectionSelf5
spell_book	1023	BludgeonProtectionSelf6
spell_book	1024	BludgeonProtectionOther1
spell_book	1025	BludgeonProtectionOther2
spell_book	1026	BludgeonProtectionOther3
spell_book	1027	BludgeonProtectionOther4
spell_book	1028	BludgeonProtectionOther5
spell_book	1029	BludgeonProtectionOther6
spell_book	1030	ColdProtectionSelf1
spell_book	1031	ColdProtectionSelf2
spell_book	1032	ColdProtectionSelf3
spell_book	1033	ColdProtectionSelf4
spell_book	1034	ColdProtectionSelf5
spell_book	1035	ColdProtectionSelf6
spell_book	1036	ColdProtectionOther1
spell_book	1037	ColdProtectionOther2
spell_book	1038	ColdProtectionOther3
spell_book	1039	ColdProtectionOther4
spell_book	1040	ColdProtectionOther5
spell_book	1041	ColdProtectionOther6
spell_book	1042	BludgeonVulnerabilitySelf1
spell_book	1043	BludgeonVulnerabilitySelf2
spell_book	1044	BludgeonVulnerabilitySelf3
spell_book	1045	BludgeonVulnerabilitySelf4
spell_book	1046	BludgeonVulnerabilitySelf5
spell_book	1047	BludgeonVulnerabilitySelf6
spell_book	1048	BludgeonVulnerabilityOther1
spell_book	1049	BludgeonVulnerabilityOther2
spell_book	1050	BludgeonVulnerabilityOther3
spell_book	1051	BludgeonVulnerabilityOther4
spell_book	1052	BludgeonVulnerabilityOther5
spell_book	1053	BludgeonVulnerabilityOther6
spell_book	1054	ColdVulnerabilitySelf1
spell_book	1055	ColdVulnerabilitySelf2
spell_book	1056	ColdVulnerabilitySelf3
spell_book	1057	ColdVulnerabilitySelf4
spell_book	1058	ColdVulnerabilitySelf5
spell_book	1059	ColdVulnerabilitySelf6
spell_book	1060	ColdVulnerabilityOther1
spell_book	1061	ColdVulnerabilityOther2
spell_book	1062	ColdVulnerabilityOther3
spell_book	1063	ColdVulnerabilityOther4
spell_book	1064	ColdVulnerabilityOther5
spell_book	1065	ColdVulnerabilityOther6
spell_book	1066	LightningProtectionSelf1
spell_book	1067	LightningProtectionSelf2
spell_book	1068	LightningProtectionSelf3
spell_book	1069	LightningProtectionSelf4
spell_book	1070	LightningProtectionSelf5
spell_book	1071	LightningProtectionSelf6
spell_book	1072	LightningProtectionOther1
spell_book	1073	LightningProtectionOther2
spell_book	1074	LightningProtectionOther3
spell_book	1075	LightningProtectionOther4
spell_book	1076	LightningProtectionOther5
spell_book	1077	LightningProtectionOther6
spell_book	1078	LightningVulnerabilitySelf1
spell_book	1079	LightningVulnerabilitySelf2
spell_book	1080	LightningVulnerabilitySelf3
spell_book	1081	LightningVulnerabilitySelf4
spell_book	1082	LightningVulnerabilitySelf5
spell_book	1083	LightningVulnerabilitySelf6
spell_book	1084	LightningVulnerabilityOther1
spell_book	1085	LightningVulnerabilityOther2
spell_book	1086	LightningVulnerabilityOther3
spell_book	1087	LightningVulnerabilityOther4
spell_book	1088	LightningVulnerabilityOther5
spell_book	1089	LightningVulnerabilityOther6
spell_book	1090	FireProtectionSelf2
spell_book	1091	FireProtectionSelf3
spell_book	1092	FireProtectionSelf4
spell_book	1093	FireProtectionSelf5
spell_book	1094	FireProtectionSelf6
spell_book	1095	FireProtectionOther5
spell_book	1096	FireProtectionOther6
spell_book	1097	Nullmissile
spell_book	1098	FireVulnerabilitySelf2
spell_book	1099	FireVulnerabilitySelf3
spell_book	1100	FireVulnerabilitySelf4
spell_book	1101	FireVulnerabilitySelf5
spell_book	1102	FireVulnerabilitySelf6
spell_book	1103	UNKNOWN__GUESSEDNAME1103
spell_book	1104	FireVulnerabilityOther2
spell_book	1105	FireVulnerabilityOther3
spell_book	1106	FireVulnerabilityOther4
spell_book	1107	FireVulnerabilityOther5
spell_book	1108	FireVulnerabilityOther6
spell_book	1109	BladeProtectionSelf1
spell_book	1110	BladeProtectionSelf2
spell_book	1111	BladeProtectionSelf3
spell_book	1112	BladeProtectionSelf4
spell_book	1113	BladeProtectionSelf5
spell_book	1114	BladeProtectionSelf6
spell_book	1115	BladeProtectionOther1
spell_book	1116	BladeProtectionOther2
spell_book	1117	BladeProtectionOther3
spell_book	1118	BladeProtectionOther4
spell_book	1119	BladeProtectionOther5
spell_book	1120	BladeProtectionOther6
spell_book	1121	BladeVulnerabilitySelf1
spell_book	1122	BladeVulnerabilitySelf2
spell_book	1123	BladeVulnerabilitySelf3
spell_book	1124	BladeVulnerabilitySelf4
spell_book	1125	BladeVulnerabilitySelf5
spell_book	1126	BladeVulnerabilitySelf6
spell_book	1127	BladeVulnerabilityOther1
spell_book	1128	BladeVulnerabilityOther2
spell_book	1129	BladeVulnerabilityOther3
spell_book	1130	BladeVulnerabilityOther4
spell_book	1131	BladeVulnerabilityOther5
spell_book	1132	BladeVulnerabilityOther6
spell_book	1133	PiercingProtectionSelf1
spell_book	1134	PiercingProtectionSelf2
spell_book	1135	PiercingProtectionSelf3
spell_book	1136	PiercingProtectionSelf4
spell_book	1137	PiercingProtectionSelf5
spell_book	1138	PiercingProtectionSelf6
spell_book	1139	PiercingProtectionOther1
spell_book	1140	PiercingProtectionOther2
spell_book	1141	PiercingProtectionOther3
spell_book	1142	PiercingProtectionOther4
spell_book	1143	PiercingProtectionOther5
spell_book	1144	PiercingProtectionOther6
spell_book	1145	PiercingVulnerabilitySelf1
spell_book	1146	PiercingVulnerabilitySelf2
spell_book	1147	PiercingVulnerabilitySelf3
spell_book	1148	PiercingVulnerabilitySelf4
spell_book	1149	PiercingVulnerabilitySelf5
spell_book	1150	PiercingVulnerabilitySelf6
spell_book	1151	PiercingVulnerabilityOther1
spell_book	1152	PiercingVulnerabilityOther2
spell_book	1153	PiercingVulnerabilityOther3
spell_book	1154	PiercingVulnerabilityOther4
spell_book	1155	PiercingVulnerabilityOther5
spell_book	1156	PiercingVulnerabilityOther6
spell_book	1157	HealSelf2
spell_book	1158	HealSelf3
spell_book	1159	HealSelf4
spell_book	1160	HealSelf5
spell_book	1161	HealSelf6
spell_book	1162	HealOther2
spell_book	1163	HealOther3
spell_book	1164	HealOther4
spell_book	1165	HealOther5
spell_book	1166	HealOther6
spell_book	1167	HarmSelf2
spell_book	1168	HarmSelf3
spell_book	1169	HarmSelf4
spell_book	1170	HarmSelf5
spell_book	1171	HarmSelf6
spell_book	1172	HarmOther2
spell_book	1173	HarmOther3
spell_book	1174	HarmOther4
spell_book	1175	HarmOther5
spell_book	1176	HarmOther6
spell_book	1177	RevitalizeSelf1
spell_book	1178	RevitalizeSelf2
spell_book	1179	RevitalizeSelf3
spell_book	1180	RevitalizeSelf4
spell_book	1181	RevitalizeSelf5
spell_book	1182	RevitalizeSelf6
spell_book	1183	RevitalizeOther1
spell_book	1184	RevitalizeOther2
spell_book	1185	RevitalizeOther3
spell_book	1186	RevitalizeOther4
spell_book	1187	RevitalizeOther5
spell_book	1188	RevitalizeOther6
spell_book	1189	EnfeebleSelf1
spell_book	1190	EnfeebleSelf2
spell_book	1191	EnfeebleSelf3
spell_book	1192	EnfeebleSelf4
spell_book	1193	EnfeebleSelf5
spell_book	1194	EnfeebleSelf6
spell_book	1195	EnfeebleOther1
spell_book	1196	EnfeebleOther2
spell_book	1197	EnfeebleOther3
spell_book	1198	EnfeebleOther4
spell_book	1199	EnfeebleOther5
spell_book	1200	EnfeebleOther6
spell_book	1201	ManaBoostSelf1
spell_book	1202	ManaBoostSelf2
spell_book	1203	ManaBoostSelf3
spell_book	1204	ManaBoostSelf4
spell_book	1205	ManaBoostSelf5
spell_book	1206	ManaBoostSelf6
spell_book	1207	ManaBoostOther1
spell_book	1208	ManaBoostOther2
spell_book	1209	ManaBoostOther3
spell_book	1210	ManaBoostOther4
spell_book	1211	ManaBoostOther5
spell_book	1212	ManaBoostOther6
spell_book	1213	ManaDrainSelf1
spell_book	1214	ManaDrainSelf2
spell_book	1215	ManaDrainSelf3
spell_book	1216	ManaDrainSelf4
spell_book	1217	ManaDrainSelf5
spell_book	1218	ManaDrainSelf6
spell_book	1219	ManaDrainOther1
spell_book	1220	ManaDrainOther2
spell_book	1221	ManaDrainOther3
spell_book	1222	ManaDrainOther4
spell_book	1223	ManaDrainOther5
spell_book	1224	ManaDrainOther6
spell_book	1225	InfuseHealth1
spell_book	1226	InfuseHealth2
spell_book	1227	InfuseHealth3
spell_book	1228	InfuseHealth4
spell_book	1229	InfuseHealth5
spell_book	1230	InfuseHealth6
spell_book	1231	UNKNOWN__GUESSEDNAME1231
spell_book	1232	UNKNOWN__GUESSEDNAME1232
spell_book	1233	UNKNOWN__GUESSEDNAME1233
spell_book	1234	UNKNOWN__GUESSEDNAME1234
spell_book	1235	UNKNOWN__GUESSEDNAME1235
spell_book	1236	UNKNOWN__GUESSEDNAME1236
spell_book	1237	DrainHealth1
spell_book	1238	DrainHealth2
spell_book	1239	DrainHealth3
spell_book	1240	DrainHealth4
spell_book	1241	DrainHealth5
spell_book	1242	DrainHealth6
spell_book	1243	InfuseStamina1
spell_book	1244	InfuseStamina2
spell_book	1245	InfuseStamina3
spell_book	1246	InfuseStamina4
spell_book	1247	InfuseStamina5
spell_book	1248	InfuseStamina6
spell_book	1249	DrainStamina1
spell_book	1250	DrainStamina2
spell_book	1251	DrainStamina3
spell_book	1252	DrainStamina4
spell_book	1253	DrainStamina5
spell_book	1254	DrainStamina6
spell_book	1255	InfuseMana2
spell_book	1256	InfuseMana3
spell_book	1257	InfuseMana4
spell_book	1258	InfuseMana5
spell_book	1259	InfuseMana6
spell_book	1260	DrainMana1
spell_book	1261	DrainMana2
spell_book	1262	DrainMana3
spell_book	1263	DrainMana4
spell_book	1264	DrainMana5
spell_book	1265	DrainMana6
spell_book	1266	HealthToStaminaOther1
spell_book	1267	HealthToStaminaOther2
spell_book	1268	HealthToStaminaOther3
spell_book	1269	HealthToStaminaOther4
spell_book	1270	HealthToStaminaOther5
spell_book	1271	HealthToStaminaOther6
spell_book	1272	HealthToStaminaSelf1
spell_book	1273	HealthToStaminaSelf2
spell_book	1274	HealthToStaminaSelf3
spell_book	1275	HealthToStaminaSelf4
spell_book	1276	HealthToStaminaSelf5
spell_book	1277	HealthToStaminaSelf6
spell_book	1278	HealthToManaSelf1
spell_book	1279	HealthToManaSelf2
spell_book	1280	HealthToManaSelf3
spell_book	1281	HealthToManaOther4
spell_book	1282	HealthToManaOther5
spell_book	1283	HealthToManaOther6
spell_book	1284	ManaToHealthOther1
spell_book	1285	ManaToHealthOther2
spell_book	1286	ManaToHealthOther3
spell_book	1287	ManaToHealthOther4
spell_book	1288	ManaToHealthOther5
spell_book	1289	ManaToHealthOther6
spell_book	1290	ManaToHealthSelf1
spell_book	1291	ManaToHealthSelf2
spell_book	1292	ManaToHealthSelf3
spell_book	1293	ManaToHealthSelf4
spell_book	1294	ManaToHealthSelf5
spell_book	1295	ManaToHealthSelf6
spell_book	1296	ManaToStaminaSelf1
spell_book	1297	ManaToStaminaSelf2
spell_book	1298	ManaToStaminaSelf3
spell_book	1299	ManaToStaminaSelf4
spell_book	1300	ManaToStaminaSelf5
spell_book	1301	ManaToStaminaSelf6
spell_book	1302	ManaToStaminaOther1
spell_book	1303	ManaToStaminaOther2
spell_book	1304	ManaToStaminaOther3
spell_book	1305	ManaToStaminaOther4
spell_book	1306	ManaToStaminaOther5
spell_book	1307	ManaToStaminaOther6
spell_book	1308	ArmorSelf2
spell_book	1309	ArmorSelf3
spell_book	1310	ArmorSelf4
spell_book	1311	ArmorSelf5
spell_book	1312	ArmorSelf6
spell_book	1313	ArmorOther2
spell_book	1314	ArmorOther3
spell_book	1315	ArmorOther4
spell_book	1316	ArmorOther5
spell_book	1317	ArmorOther6
spell_book	1318	ImperilSelf2
spell_book	1319	ImperilSelf3
spell_book	1320	ImperilSelf4
spell_book	1321	ImperilSelf5
spell_book	1322	ImperilSelf6
spell_book	1323	ImperilOther2
spell_book	1324	ImperilOther3
spell_book	1325	ImperilOther4
spell_book	1326	ImperilOther5
spell_book	1327	ImperilOther6
spell_book	1328	StrengthSelf2
spell_book	1329	StrengthSelf3
spell_book	1330	StrengthSelf4
spell_book	1331	StrengthSelf5
spell_book	1332	StrengthSelf6
spell_book	1333	StrengthOther2
spell_book	1334	StrengthOther3
spell_book	1335	StrengthOther4
spell_book	1336	StrengthOther5
spell_book	1337	StrengthOther6
spell_book	1338	UNKNOWN__GUESSEDNAME1338
spell_book	1339	WeaknessOther2
spell_book	1340	WeaknessOther3
spell_book	1341	WeaknessOther4
spell_book	1342	WeaknessOther5
spell_book	1343	WeaknessOther6
spell_book	1344	WeaknessSelf2
spell_book	1345	WeaknessSelf3
spell_book	1346	WeaknessSelf4
spell_book	1347	WeaknessSelf5
spell_book	1348	WeaknessSelf6
spell_book	1349	EnduranceSelf1
spell_book	1350	EnduranceSelf2
spell_book	1351	EnduranceSelf3
spell_book	1352	EnduranceSelf4
spell_book	1353	EnduranceSelf5
spell_book	1354	EnduranceSelf6
spell_book	1355	EnduranceOther1
spell_book	1356	EnduranceOther2
spell_book	1357	EnduranceOther3
spell_book	1358	EnduranceOther4
spell_book	1359	EnduranceOther5
spell_book	1360	EnduranceOther6
spell_book	1361	FrailtySelf1
spell_book	1362	FrailtySelf2
spell_book	1363	FrailtySelf3
spell_book	1364	FrailtySelf4
spell_book	1365	FrailtySelf5
spell_book	1366	FrailtySelf6
spell_book	1367	FrailtyOther1
spell_book	1368	FrailtyOther2
spell_book	1369	FrailtyOther3
spell_book	1370	FrailtyOther4
spell_book	1371	FrailtyOther5
spell_book	1372	FrailtyOther6
spell_book	1373	CoordinationSelf1
spell_book	1374	CoordinationSelf2
spell_book	1375	CoordinationSelf3
spell_book	1376	CoordinationSelf4
spell_book	1377	CoordinationSelf5
spell_book	1378	CoordinationSelf6
spell_book	1379	CoordinationOther1
spell_book	1380	CoordinationOther2
spell_book	1381	CoordinationOther3
spell_book	1382	CoordinationOther4
spell_book	1383	CoordinationOther5
spell_book	1384	CoordinationOther6
spell_book	1385	ClumsinessSelf1
spell_book	1386	ClumsinessSelf2
spell_book	1387	ClumsinessSelf3
spell_book	1388	ClumsinessSelf4
spell_book	1389	ClumsinessSelf5
spell_book	1390	ClumsinessSelf6
spell_book	1391	ClumsinessOther1
spell_book	1392	ClumsinessOther2
spell_book	1393	ClumsinessOther3
spell_book	1394	ClumsinessOther4
spell_book	1395	ClumsinessOther5
spell_book	1396	ClumsinessOther6
spell_book	1397	QuicknessSelf1
spell_book	1398	QuicknessSelf2
spell_book	1399	QuicknessSelf3
spell_book	1400	QuicknessSelf4
spell_book	1401	QuicknessSelf5
spell_book	1402	QuicknessSelf6
spell_book	1403	QuicknessOther1
spell_book	1404	QuicknessOther2
spell_book	1405	QuicknessOther3
spell_book	1406	QuicknessOther4
spell_book	1407	QuicknessOther5
spell_book	1408	QuicknessOther6
spell_book	1409	SlownessSelf1
spell_book	1410	SlownessSelf2
spell_book	1411	SlownessSelf3
spell_book	1412	SlownessSelf4
spell_book	1413	SlownessSelf5
spell_book	1414	SlownessSelf6
spell_book	1415	SlownessOther1
spell_book	1416	SlownessOther2
spell_book	1417	SlownessOther3
spell_book	1418	SlownessOther4
spell_book	1419	SlownessOther5
spell_book	1420	SlownessOther6
spell_book	1421	FocusSelf1
spell_book	1422	FocusSelf2
spell_book	1423	FocusSelf3
spell_book	1424	FocusSelf4
spell_book	1425	FocusSelf5
spell_book	1426	FocusSelf6
spell_book	1427	FocusOther1
spell_book	1428	FocusOther2
spell_book	1429	FocusOther3
spell_book	1430	FocusOther4
spell_book	1431	FocusOther5
spell_book	1432	FocusOther6
spell_book	1433	BafflementSelf1
spell_book	1434	BafflementSelf2
spell_book	1435	BafflementSelf3
spell_book	1436	BafflementSelf4
spell_book	1437	BafflementSelf5
spell_book	1438	BafflementSelf6
spell_book	1439	BafflementOther1
spell_book	1440	BafflementOther2
spell_book	1441	BafflementOther3
spell_book	1442	BafflementOther4
spell_book	1443	BafflementOther5
spell_book	1444	BafflementOther6
spell_book	1445	WillpowerSelf1
spell_book	1446	WillpowerSelf2
spell_book	1447	WillpowerSelf3
spell_book	1448	WillpowerSelf4
spell_book	1449	WillpowerSelf5
spell_book	1450	WillpowerSelf6
spell_book	1451	WillpowerOther1
spell_book	1452	WillpowerOther2
spell_book	1453	WillpowerOther3
spell_book	1454	WillpowerOther4
spell_book	1455	WillpowerOther5
spell_book	1456	WillpowerOther6
spell_book	1457	FeeblemindSelf1
spell_book	1458	FeeblemindSelf2
spell_book	1459	FeeblemindSelf3
spell_book	1460	FeeblemindSelf4
spell_book	1461	FeeblemindSelf5
spell_book	1462	FeeblemindSelf6
spell_book	1463	FeeblemindOther1
spell_book	1464	FeeblemindOther2
spell_book	1465	FeeblemindOther3
spell_book	1466	FeeblemindOther4
spell_book	1467	FeeblemindOther5
spell_book	1468	FeeblemindOther6
spell_book	1469	HermeticVoid1
spell_book	1470	HermeticVoid2
spell_book	1471	HermeticVoid3
spell_book	1472	HermeticVoid4
spell_book	1473	HermeticVoid5
spell_book	1474	HermeticVoid6
spell_book	1475	HermeticLinkSelf1
spell_book	1476	HermeticLinkSelf2
spell_book	1477	HermeticLinkSelf3
spell_book	1478	HermeticLinkSelf4
spell_book	1479	HermeticLinkSelf5
spell_book	1480	HermeticLinkSelf6
spell_book	1481	Nullmissilevolley
spell_book	1482	Impenetrability2
spell_book	1483	Impenetrability3
spell_book	1484	Impenetrability4
spell_book	1485	Impenetrability5
spell_book	1486	Impenetrability6
spell_book	1487	Brittlemail1
spell_book	1488	Brittlemail2
spell_book	1489	Brittlemail3
spell_book	1490	Brittlemail4
spell_book	1491	Brittlemail5
spell_book	1492	Brittlemail6
spell_book	1493	AcidBane1
spell_book	1494	AcidBane2
spell_book	1495	AcidBane3
spell_book	1496	AcidBane4
spell_book	1497	AcidBane5
spell_book	1498	AcidBane6
spell_book	1499	AcidLure1
spell_book	1500	AcidLure2
spell_book	1501	AcidLure3
spell_book	1502	AcidLure4
spell_book	1503	AcidLure5
spell_book	1504	AcidLure6
spell_book	1505	BludgeonLure1
spell_book	1506	BludgeonLure2
spell_book	1507	BludgeonLure3
spell_book	1508	BludgeonLure4
spell_book	1509	BludgeonLure5
spell_book	1510	BludgeonLure6
spell_book	1511	BludgeonBane1
spell_book	1512	BludgeonBane2
spell_book	1513	BludgeonBane3
spell_book	1514	BludgeonBane4
spell_book	1515	BludgeonBane5
spell_book	1516	BludgeonBane6
spell_book	1517	FrostLure1
spell_book	1518	FrostLure2
spell_book	1519	FrostLure3
spell_book	1520	FrostLure4
spell_book	1521	FrostLure5
spell_book	1522	FrostLure6
spell_book	1523	FrostBane1
spell_book	1524	FrostBane2
spell_book	1525	FrostBane3
spell_book	1526	FrostBane4
spell_book	1527	FrostBane5
spell_book	1528	FrostBane6
spell_book	1529	LightningLure1
spell_book	1530	LightningLure2
spell_book	1531	LightningLure3
spell_book	1532	LightningLure4
spell_book	1533	LightningLure5
spell_book	1534	LightningLure6
spell_book	1535	LightningBane1
spell_book	1536	LightningBane2
spell_book	1537	LightningBane3
spell_book	1538	LightningBane4
spell_book	1539	LightningBane5
spell_book	1540	LightningBane6
spell_book	1541	FlameLure1
spell_book	1542	FlameLure2
spell_book	1543	FlameLure3
spell_book	1544	FlameLure4
spell_book	1545	FlameLure5
spell_book	1546	FlameLure6
spell_book	1547	FlameBane1
spell_book	1548	FlameBane2
spell_book	1549	FlameBane3
spell_book	1550	FlameBane4
spell_book	1551	FlameBane5
spell_book	1552	FlameBane6
spell_book	1553	BladeLure2
spell_book	1554	BladeLure3
spell_book	1555	BladeLure4
spell_book	1556	BladeLure5
spell_book	1557	BladeLure6
spell_book	1558	BladeBane2
spell_book	1559	BladeBane3
spell_book	1560	BladeBane4
spell_book	1561	BladeBane5
spell_book	1562	BladeBane6
spell_book	1563	PiercingLure1
spell_book	1564	PiercingLure2
spell_book	1565	PiercingLure3
spell_book	1566	PiercingLure4
spell_book	1567	PiercingLure5
spell_book	1568	PiercingLure6
spell_book	1569	PiercingBane1
spell_book	1570	PiercingBane2
spell_book	1571	PiercingBane3
spell_book	1572	PiercingBane4
spell_book	1573	PiercingBane5
spell_book	1574	PiercingBane6
spell_book	1575	StrengthenLock1
spell_book	1576	StrengthenLock2
spell_book	1577	StrengthenLock3
spell_book	1578	StrengthenLock4
spell_book	1579	StrengthenLock5
spell_book	1580	StrengthenLock6
spell_book	1581	WeakenLock1
spell_book	1582	WeakenLock2
spell_book	1583	WeakenLock3
spell_book	1584	WeakenLock4
spell_book	1585	WeakenLock5
spell_book	1586	WeakenLock6
spell_book	1587	HeartSeekerSelf1
spell_book	1588	HeartSeekerSelf2
spell_book	1589	HeartSeekerSelf3
spell_book	1590	HeartSeekerSelf4
spell_book	1591	HeartSeekerSelf5
spell_book	1592	HeartSeekerSelf6
spell_book	1593	TurnBlade1
spell_book	1594	TurnBlade2
spell_book	1595	TurnBlade3
spell_book	1596	TurnBlade4
spell_book	1597	TurnBlade5
spell_book	1598	TurnBlade6
spell_book	1599	DefenderSelf1
spell_book	1600	UNKNOWN__GUESSEDNAME1600
spell_book	1601	DefenderSelf2
spell_book	1602	DefenderSelf3
spell_book	1603	DefenderSelf4
spell_book	1604	DefenderSelf5
spell_book	1605	DefenderSelf6
spell_book	1606	LureBlade1
spell_book	1607	LureBlade2
spell_book	1608	LureBlade3
spell_book	1609	LureBlade4
spell_book	1610	LureBlade5
spell_book	1611	LureBlade6
spell_book	1612	BloodDrinkerSelf2
spell_book	1613	BloodDrinkerSelf3
spell_book	1614	BloodDrinkerSelf4
spell_book	1615	BloodDrinkerSelf5
spell_book	1616	BloodDrinkerSelf6
spell_book	1617	BloodLoather2
spell_book	1618	BloodLoather3
spell_book	1619	BloodLoather4
spell_book	1620	BloodLoather5
spell_book	1621	BloodLoather6
spell_book	1622	UNKNOWN__GUESSEDNAME1622
spell_book	1623	SwiftKillerSelf2
spell_book	1624	SwiftKillerSelf3
spell_book	1625	SwiftKillerSelf4
spell_book	1626	SwiftKillerSelf5
spell_book	1627	SwiftKillerSelf6
spell_book	1628	UNKNOWN__GUESSEDNAME1628
spell_book	1629	LeadenWeapon2
spell_book	1630	LeadenWeapon3
spell_book	1631	LeadenWeapon4
spell_book	1632	LeadenWeapon5
spell_book	1633	LeadenWeapon6
spell_book	1634	PortalSending1
spell_book	1635	LifestoneRecall1
spell_book	1636	LifestoneSending1
spell_book	1637	SummonPortal3
spell_book	1638	DefenselessnessSelf1
spell_book	1639	DefenselessnessSelf2
spell_book	1640	DefenselessnessSelf3
spell_book	1641	DefenselessnessSelf4
spell_book	1642	DefenselessnessSelf5
spell_book	1643	DefenselessnessSelf6
spell_book	1644	SentinelRun
spell_book	1645	UNKNOWN__GUESSEDNAME1645
spell_book	1646	UNKNOWN__GUESSEDNAME1646
spell_book	1647	UNKNOWN__GUESSEDNAME1647
spell_book	1648	UNKNOWN__GUESSEDNAME1648
spell_book	1649	UNKNOWN__GUESSEDNAME1649
spell_book	1650	UNKNOWN__GUESSEDNAME1650
spell_book	1651	UNKNOWN__GUESSEDNAME1651
spell_book	1652	UNKNOWN__GUESSEDNAME1652
spell_book	1653	UNKNOWN__GUESSEDNAME1653
spell_book	1654	UNKNOWN__GUESSEDNAME1654
spell_book	1655	UNKNOWN__GUESSEDNAME1655
spell_book	1656	UNKNOWN__GUESSEDNAME1656
spell_book	1657	UNKNOWN__GUESSEDNAME1657
spell_book	1658	StaminaToHealthOther1
spell_book	1659	StaminaToHealthOther2
spell_book	1660	StaminaToHealthOther3
spell_book	1661	StaminaToHealthOther4
spell_book	1662	StaminaToHealthOther5
spell_book	1663	StaminaToHealthOther6
spell_book	1664	StaminaToHealthSelf1
spell_book	1665	StaminaToHealthSelf2
spell_book	1666	StaminaToHealthSelf3
spell_book	1667	StaminaToHealthSelf4
spell_book	1668	StaminaToHealthSelf5
spell_book	1669	StaminaToHealthSelf6
spell_book	1670	StaminaToManaOther1
spell_book	1671	StaminaToManaOther2
spell_book	1672	StaminaToManaOther3
spell_book	1673	StaminaToManaOther4
spell_book	1674	StaminaToManaOther5
spell_book	1675	StaminaToManaOther6
spell_book	1676	StaminaToManaSelf1
spell_book	1677	StaminaToManaSelf2
spell_book	1678	StaminaToManaSelf3
spell_book	1679	StaminaToManaSelf4
spell_book	1680	StaminaToManaSelf5
spell_book	1681	StaminaToManaSelf6
spell_book	1682	UNKNOWN__GUESSEDNAME1682
spell_book	1683	UNKNOWN__GUESSEDNAME1683
spell_book	1684	UNKNOWN__GUESSEDNAME1684
spell_book	1685	UNKNOWN__GUESSEDNAME1685
spell_book	1686	UNKNOWN__GUESSEDNAME1686
spell_book	1687	UNKNOWN__GUESSEDNAME1687
spell_book	1688	UNKNOWN__GUESSEDNAME1688
spell_book	1689	UNKNOWN__GUESSEDNAME1689
spell_book	1690	UNKNOWN__GUESSEDNAME1690
spell_book	1691	UNKNOWN__GUESSEDNAME1691
spell_book	1692	UNKNOWN__GUESSEDNAME1692
spell_book	1693	UNKNOWN__GUESSEDNAME1693
spell_book	1694	UNKNOWN__GUESSEDNAME1694
spell_book	1695	UNKNOWN__GUESSEDNAME1695
spell_book	1696	UNKNOWN__GUESSEDNAME1696
spell_book	1697	UNKNOWN__GUESSEDNAME1697
spell_book	1698	UNKNOWN__GUESSEDNAME1698
spell_book	1699	UNKNOWN__GUESSEDNAME1699
spell_book	1700	UNKNOWN__GUESSEDNAME1700
spell_book	1701	UNKNOWN__GUESSEDNAME1701
spell_book	1702	HealthToManaSelf4
spell_book	1703	HealthToManaSelf5
spell_book	1704	HealthToManaSelf6
spell_book	1705	HealthToManaOther1
spell_book	1706	HealthToManaOther2
spell_book	1707	HealthToManaOther3
spell_book	1708	WeddingBliss
spell_book	1709	CookingMasteryOther1
spell_book	1710	CookingMasteryOther2
spell_book	1711	CookingMasteryOther3
spell_book	1712	CookingMasteryOther4
spell_book	1713	CookingMasteryOther5
spell_book	1714	CookingMasteryOther6
spell_book	1715	CookingMasterySelf1
spell_book	1716	CookingMasterySelf2
spell_book	1717	CookingMasterySelf3
spell_book	1718	CookingMasterySelf4
spell_book	1719	CookingMasterySelf5
spell_book	1720	CookingMasterySelf6
spell_book	1721	CookingIneptitudeOther1
spell_book	1722	CookingIneptitudeOther2
spell_book	1723	CookingIneptitudeOther3
spell_book	1724	CookingIneptitudeOther4
spell_book	1725	CookingIneptitudeOther5
spell_book	1726	CookingIneptitudeOther6
spell_book	1727	CookingIneptitudeSelf1
spell_book	1728	CookingIneptitudeSelf2
spell_book	1729	CookingIneptitudeSelf3
spell_book	1730	CookingIneptitudeSelf4
spell_book	1731	CookingIneptitudeSelf5
spell_book	1732	CookingIneptitudeSelf6
spell_book	1733	FletchingMasteryOther1
spell_book	1734	FletchingMasteryOther2
spell_book	1735	FletchingMasteryOther3
spell_book	1736	FletchingMasteryOther4
spell_book	1737	FletchingMasteryOther5
spell_book	1738	FletchingMasteryOther6
spell_book	1739	FletchingMasterySelf1
spell_book	1740	FletchingMasterySelf2
spell_book	1741	FletchingMasterySelf3
spell_book	1742	FletchingMasterySelf4
spell_book	1743	FletchingMasterySelf5
spell_book	1744	FletchingMasterySelf6
spell_book	1745	FletchingIneptitudeOther1
spell_book	1746	FletchingIneptitudeOther2
spell_book	1747	FletchingIneptitudeOther3
spell_book	1748	FletchingIneptitudeOther4
spell_book	1749	FletchingIneptitudeOther5
spell_book	1750	FletchingIneptitudeOther6
spell_book	1751	FletchingIneptitudeSelf1
spell_book	1752	FletchingIneptitudeSelf2
spell_book	1753	FletchingIneptitudeSelf3
spell_book	1754	FletchingIneptitudeSelf4
spell_book	1755	FletchingIneptitudeSelf5
spell_book	1756	FletchingIneptitudeSelf6
spell_book	1757	AlchemyMasteryOther1
spell_book	1758	AlchemyMasteryOther2
spell_book	1759	AlchemyMasteryOther3
spell_book	1760	AlchemyMasteryOther4
spell_book	1761	AlchemyMasteryOther5
spell_book	1762	AlchemyMasteryOther6
spell_book	1763	AlchemyMasterySelf1
spell_book	1764	AlchemyMasterySelf2
spell_book	1765	AlchemyMasterySelf3
spell_book	1766	AlchemyMasterySelf4
spell_book	1767	AlchemyMasterySelf5
spell_book	1768	AlchemyMasterySelf6
spell_book	1769	AlchemyIneptitudeOther1
spell_book	1770	AlchemyIneptitudeOther2
spell_book	1771	AlchemyIneptitudeOther3
spell_book	1772	AlchemyIneptitudeOther4
spell_book	1773	AlchemyIneptitudeOther5
spell_book	1774	AlchemyIneptitudeOther6
spell_book	1775	AlchemyIneptitudeSelf1
spell_book	1776	AlchemyIneptitudeSelf2
spell_book	1777	AlchemyIneptitudeSelf3
spell_book	1778	AlchemyIneptitudeSelf4
spell_book	1779	AlchemyIneptitudeSelf5
spell_book	1780	AlchemyIneptitudeSelf6
spell_book	1781	GolemDeathBlast
spell_book	1782	GertarhsCurse
spell_book	1783	AcidRing
spell_book	1784	BladeRing
spell_book	1785	FlameRing
spell_book	1786	ForceRing
spell_book	1787	FrostRing
spell_book	1788	LightningRing
spell_book	1789	ShockwaveRing
spell_book	1790	AcidStreak1
spell_book	1791	AcidStreak2
spell_book	1792	AcidStreak3
spell_book	1793	AcidStreak4
spell_book	1794	AcidStreak5
spell_book	1795	AcidStreak6
spell_book	1796	FlameStreak1
spell_book	1797	FlameStreak2
spell_book	1798	FlameStreak3
spell_book	1799	FlameStreak4
spell_book	1800	FlameStreak5
spell_book	1801	FlameStreak6
spell_book	1802	ForceStreak1
spell_book	1803	ForceStreak2
spell_book	1804	ForceStreak3
spell_book	1805	ForceStreak4
spell_book	1806	ForceStreak5
spell_book	1807	ForceStreak6
spell_book	1808	FrostStreak1
spell_book	1809	FrostStreak2
spell_book	1810	FrostStreak3
spell_book	1811	FrostStreak4
spell_book	1812	FrostStreak5
spell_book	1813	FrostStreak6
spell_book	1814	LightningStreak1
spell_book	1815	LightningStreak2
spell_book	1816	LightningStreak3
spell_book	1817	LightningStreak4
spell_book	1818	LightningStreak5
spell_book	1819	LightningStreak6
spell_book	1820	ShockwaveStreak1
spell_book	1821	ShockwaveStreak2
spell_book	1822	ShockwaveStreak3
spell_book	1823	ShockwaveStreak4
spell_book	1824	ShockwaveStreak5
spell_book	1825	ShockwaveStreak6
spell_book	1826	WhirlingBladeStreak1
spell_book	1827	WhirlingBladeStreak2
spell_book	1828	WhirlingBladeStreak3
spell_book	1829	WhirlingBladeStreak4
spell_book	1830	WhirlingBladeStreak5
spell_book	1831	WhirlingBladeStreak6
spell_book	1832	AcidStrike
spell_book	1833	BladeStrike
spell_book	1834	FlameStrike
spell_book	1835	ForceStrike
spell_book	1836	FrostStrike
spell_book	1837	LightningStrike
spell_book	1838	ShockwaveStrike
spell_book	1839	AcidWall
spell_book	1840	BladeWall
spell_book	1841	FlameWall
spell_book	1842	ForceWall
spell_book	1843	FrostWall
spell_book	1844	LightningWall
spell_book	1845	ShockwaveWall
spell_book	1846	MagicYieldBlackFire
spell_book	1847	DispelAllNeutralOther1
spell_book	1848	DispelAllGoodOther1
spell_book	1849	DispelAllBadOther1
spell_book	1850	DispelAllNeutralSelf1
spell_book	1851	DispelAllGoodSelf1
spell_book	1852	DispelAllBadSelf1
spell_book	1853	DispelAllNeutralOther2
spell_book	1854	DispelAllGoodOther2
spell_book	1855	DispelAllBadOther2
spell_book	1856	DispelAllNeutralSelf2
spell_book	1857	DispelAllGoodSelf2
spell_book	1858	DispelAllBadSelf2
spell_book	1859	DispelAllNeutralOther3
spell_book	1860	DispelAllGoodOther3
spell_book	1861	DispelAllBadOther3
spell_book	1862	DispelAllNeutralSelf3
spell_book	1863	DispelAllGoodSelf3
spell_book	1864	DispelAllBadSelf3
spell_book	1865	DispelAllNeutralOther4
spell_book	1866	DispelAllGoodOther4
spell_book	1867	DispelAllBadOther4
spell_book	1868	DispelAllNeutralSelf4
spell_book	1869	DispelAllGoodSelf4
spell_book	1870	DispelAllBadSelf4
spell_book	1871	DispelAllNeutralOther5
spell_book	1872	DispelAllGoodOther5
spell_book	1873	DispelAllBadOther5
spell_book	1874	DispelAllNeutralSelf5
spell_book	1875	DispelAllGoodSelf5
spell_book	1876	DispelAllBadSelf5
spell_book	1877	DispelAllNeutralOther6
spell_book	1878	DispelAllGoodOther6
spell_book	1879	DispelAllBadOther6
spell_book	1880	DispelAllNeutralSelf6
spell_book	1881	DispelAllGoodSelf6
spell_book	1882	DispelAllBadSelf6
spell_book	1883	DispelCreatureNeutralOther1
spell_book	1884	DispelCreatureGoodOther1
spell_book	1885	DispelCreatureBadOther1
spell_book	1886	DispelCreatureNeutralSelf1
spell_book	1887	DispelCreatureGoodSelf1
spell_book	1888	DispelCreatureBadSelf1
spell_book	1889	DispelCreatureNeutralOther2
spell_book	1890	DispelCreatureGoodOther2
spell_book	1891	DispelCreatureBadOther2
spell_book	1892	DispelCreatureNeutralSelf2
spell_book	1893	DispelCreatureGoodSelf2
spell_book	1894	DispelCreatureBadSelf2
spell_book	1895	DispelCreatureNeutralOther3
spell_book	1896	DispelCreatureGoodOther3
spell_book	1897	DispelCreatureBadOther3
spell_book	1898	DispelCreatureNeutralSelf3
spell_book	1899	DispelCreatureGoodSelf3
spell_book	1900	DispelCreatureBadSelf3
spell_book	1901	DispelCreatureNeutralOther4
spell_book	1902	DispelCreatureGoodOther4
spell_book	1903	DispelCreatureBadOther4
spell_book	1904	DispelCreatureNeutralSelf4
spell_book	1905	DispelCreatureGoodSelf4
spell_book	1906	DispelCreatureBadSelf4
spell_book	1907	DispelCreatureNeutralOther5
spell_book	1908	DispelCreatureGoodOther5
spell_book	1909	DispelCreatureBadOther5
spell_book	1910	DispelCreatureNeutralSelf5
spell_book	1911	DispelCreatureGoodSelf5
spell_book	1912	DispelCreatureBadSelf5
spell_book	1913	DispelCreatureNeutralOther6
spell_book	1914	DispelCreatureGoodOther6
spell_book	1915	DispelCreatureBadOther6
spell_book	1916	DispelCreatureNeutralSelf6
spell_book	1917	DispelCreatureGoodSelf6
spell_book	1918	DispelCreatureBadSelf6
spell_book	1919	DispelItemNeutralOther1
spell_book	1920	DispelItemGoodOther1
spell_book	1921	DispelItemBadOther1
spell_book	1922	DispelItemNeutralSelf1
spell_book	1923	DispelItemGoodSelf1
spell_book	1924	DispelItemBadSelf1
spell_book	1925	DispelItemNeutralOther2
spell_book	1926	DispelItemGoodOther2
spell_book	1927	DispelItemBadOther2
spell_book	1928	DispelItemNeutralSelf2
spell_book	1929	DispelItemGoodSelf2
spell_book	1930	DispelItemBadSelf2
spell_book	1931	DispelItemNeutralOther3
spell_book	1932	DispelItemGoodOther3
spell_book	1933	DispelItemBadOther3
spell_book	1934	DispelItemNeutralSelf3
spell_book	1935	DispelItemGoodSelf3
spell_book	1936	DispelItemBadSelf3
spell_book	1937	DispelItemNeutralOther4
spell_book	1938	DispelItemGoodOther4
spell_book	1939	DispelItemBadOther4
spell_book	1940	DispelItemNeutralSelf4
spell_book	1941	DispelItemGoodSelf4
spell_book	1942	DispelItemBadSelf4
spell_book	1943	DispelItemNeutralOther5
spell_book	1944	DispelItemGoodOther5
spell_book	1945	DispelItemBadOther5
spell_book	1946	DispelItemNeutralSelf5
spell_book	1947	DispelItemGoodSelf5
spell_book	1948	DispelItemBadSelf5
spell_book	1949	DispelItemNeutralOther6
spell_book	1950	DispelItemGoodOther6
spell_book	1951	DispelItemBadOther6
spell_book	1952	DispelItemNeutralSelf6
spell_book	1953	DispelItemGoodSelf6
spell_book	1954	DispelItemBadSelf6
spell_book	1955	DispelLifeNeutralOther1
spell_book	1956	DispelLifeGoodOther1
spell_book	1957	DispelLifeBadOther1
spell_book	1958	DispelLifeNeutralSelf1
spell_book	1959	DispelLifeGoodSelf1
spell_book	1960	DispelLifeBadSelf1
spell_book	1961	DispelLifeNeutralOther2
spell_book	1962	DispelLifeGoodOther2
spell_book	1963	DispelLifeBadOther2
spell_book	1964	DispelLifeNeutralSelf2
spell_book	1965	DispelLifeGoodSelf2
spell_book	1966	DispelLifeBadSelf2
spell_book	1967	DispelLifeNeutralOther3
spell_book	1968	DispelLifeGoodOther3
spell_book	1969	DispelLifeBadOther3
spell_book	1970	DispelLifeNeutralSelf3
spell_book	1971	DispelLifeGoodSelf3
spell_book	1972	DispelLifeBadSelf3
spell_book	1973	DispelLifeNeutralOther4
spell_book	1974	DispelLifeGoodOther4
spell_book	1975	DispelLifeBadOther4
spell_book	1976	DispelLifeNeutralSelf4
spell_book	1977	DispelLifeGoodSelf4
spell_book	1978	DispelLifeBadSelf4
spell_book	1979	DispelLifeNeutralOther5
spell_book	1980	DispelLifeGoodOther5
spell_book	1981	DispelLifeBadOther5
spell_book	1982	DispelLifeNeutralSelf5
spell_book	1983	DispelLifeGoodSelf5
spell_book	1984	DispelLifeBadSelf5
spell_book	1985	DispelLifeNeutralOther6
spell_book	1986	DispelLifeGoodOther6
spell_book	1987	DispelLifeBadOther6
spell_book	1988	DispelLifeNeutralSelf6
spell_book	1989	DispelLifeGoodSelf6
spell_book	1990	DispelLifeBadSelf6
spell_book	1991	ManaBlight
spell_book	1992	CampingMastery
spell_book	1993	CampingIneptitude
spell_book	1994	WoundTwister
spell_book	1995	Alacrity
spell_book	1996	SoulHunter
spell_book	1997	LifeGiver
spell_book	1998	StaminaGiver
spell_book	1999	ManaGiver
spell_book	2000	PortalSendingCaulnalain
spell_book	2001	PortalSendingFenmalain
spell_book	2002	PortalSendingShendolain
spell_book	2003	WarriorsLesserVitality
spell_book	2004	WarriorsVitality
spell_book	2005	WarriorsGreaterVitality
spell_book	2006	WarriorsUltimateVitality
spell_book	2007	WarriorsLesserVigor
spell_book	2008	WarriorsVigor
spell_book	2009	WarriorsGreaterVigor
spell_book	2010	WarriorsUltimateVigor
spell_book	2011	WizardsLesserIntellect
spell_book	2012	WizardsIntellect
spell_book	2013	WizardsGreaterIntellect
spell_book	2014	WizardsUltimateIntellect
spell_book	2015	AerfallesWard
spell_book	2016	Impulse
spell_book	2017	BunnySmite
spell_book	2018	BaelZharonSmite
spell_book	2019	CrystalSunderRing
spell_book	2020	RecallAsmolum1
spell_book	2021	ShadowCloudManaDrain
spell_book	2022	ShadowCloudLifeDrain
spell_book	2023	SanctuaryRecall
spell_book	2024	RecallAsmolum2
spell_book	2025	RecallAsmolum3
spell_book	2026	ShadowCloudStamDrain
spell_book	2027	Martyr
spell_book	2028	SummonPortalCoIPK
spell_book	2029	StaminaBlight
spell_book	2030	FlamingBlaze
spell_book	2031	SteelThorns
spell_book	2032	ElectricBlaze
spell_book	2033	AcidicSpray
spell_book	2034	ExplodingFury
spell_book	2035	ElectricDischarge
spell_book	2036	FumingAcid
spell_book	2037	FlamingIrruption
spell_book	2038	ExplodingIce
spell_book	2039	SparkingFury
spell_book	2040	SummonPortalHopeslayer
spell_book	2041	RecallAerlinthe
spell_book	2042	BaelzharonWallFire
spell_book	2043	BaelzharonWeaknessOther
spell_book	2044	BaelzharonItemIneptOther
spell_book	2045	BaelzharonRainBludgeon
spell_book	2046	BaelzharonPortalExile
spell_book	2047	BaelzharonArmorOther
spell_book	2048	BaelzharonMagicDefense
spell_book	2049	BaelzharonBloodDrinker
spell_book	2050	WeddingSteele
spell_book	2051	SteeleGenericFancy
spell_book	2052	ArmorOther7
spell_book	2053	ArmorSelf7
spell_book	2054	BafflementOther7
spell_book	2055	BafflementSelf7
spell_book	2056	ClumsinessOther7
spell_book	2057	ClumsinessSelf7
spell_book	2058	CoordinationOther7
spell_book	2059	CoordinationSelf7
spell_book	2060	EnduranceOther7
spell_book	2061	EnduranceSelf7
spell_book	2062	EnfeebleOther7
spell_book	2063	EnfeebleSelf7
spell_book	2064	FeeblemindOther7
spell_book	2065	FeeblemindSelf7
spell_book	2066	FocusOther7
spell_book	2067	FocusSelf7
spell_book	2068	FrailtyOther7
spell_book	2069	FrailtySelf7
spell_book	2070	HarmOther7
spell_book	2071	HarmSelf7
spell_book	2072	HealOther7
spell_book	2073	HealSelf7
spell_book	2074	ImperilOther7
spell_book	2075	ImperilSelf7
spell_book	2076	ManaBoostOther7
spell_book	2077	ManaBoostSelf7
spell_book	2078	ManaDrainOther7
spell_book	2079	ManaDrainSelf7
spell_book	2080	QuicknessOther7
spell_book	2081	QuicknessSelf7
spell_book	2082	RevitalizeOther7
spell_book	2083	RevitalizeSelf7
spell_book	2084	SlownessOther7
spell_book	2085	SlownessSelf7
spell_book	2086	StrengthOther7
spell_book	2087	StrengthSelf7
spell_book	2088	WeaknessOther7
spell_book	2089	WeaknessSelf7
spell_book	2090	WillpowerOther7
spell_book	2091	WillpowerSelf7
spell_book	2092	AcidBane7
spell_book	2093	AcidLure7
spell_book	2094	BladeBane7
spell_book	2095	BladeLure7
spell_book	2096	BloodDrinkerSelf7
spell_book	2097	BloodLoather7
spell_book	2098	BludgeonBane7
spell_book	2099	BludgeonLure7
spell_book	2100	Brittlemail7
spell_book	2101	DefenderSelf7
spell_book	2102	FlameBane7
spell_book	2103	FlameLure7
spell_book	2104	FrostBane7
spell_book	2105	FrostLure7
spell_book	2106	HeartSeekerSelf7
spell_book	2107	HermeticVoid7
spell_book	2108	Impenetrability7
spell_book	2109	LeadenWeapon7
spell_book	2110	LightningBane7
spell_book	2111	LightningLure7
spell_book	2112	LureBlade7
spell_book	2113	PiercingBane7
spell_book	2114	PiercingLure7
spell_book	2115	StrengthenLock7
spell_book	2116	SwiftKillerSelf7
spell_book	2117	HermeticLinkSelf7
spell_book	2118	TurnBlade7
spell_book	2119	WeakenLock7
spell_book	2120	AcidBlast7
spell_book	2121	AcidStreak7
spell_book	2122	AcidStream7
spell_book	2123	AcidVolley7
spell_book	2124	BladeBlast7
spell_book	2125	BladeVolley7
spell_book	2126	BludgeoningVolley7
spell_book	2127	FlameBlast7
spell_book	2128	FlameBolt7
spell_book	2129	FlameStreak7
spell_book	2130	FlameVolley7
spell_book	2131	ForceBlast7
spell_book	2132	ForceBolt7
spell_book	2133	ForceStreak7
spell_book	2134	ForceVolley7
spell_book	2135	FrostBlast7
spell_book	2136	FrostBolt7
spell_book	2137	FrostStreak7
spell_book	2138	FrostVolley7
spell_book	2139	LightningBlast7
spell_book	2140	LightningBolt7
spell_book	2141	LightningStreak7
spell_book	2142	LightningVolley7
spell_book	2143	ShockBlast7
spell_book	2144	ShockWave7
spell_book	2145	ShockwaveStreak7
spell_book	2146	WhirlingBlade7
spell_book	2147	WhirlingBladeStreak7
spell_book	2148	AcidProtectionOther7
spell_book	2149	AcidProtectionSelf7
spell_book	2150	BladeProtectionOther7
spell_book	2151	BladeProtectionSelf7
spell_book	2152	BludgeonProtectionOther7
spell_book	2153	BludgeonProtectionSelf7
spell_book	2154	ColdProtectionOther7
spell_book	2155	ColdProtectionSelf7
spell_book	2156	FireProtectionOther7
spell_book	2157	FireProtectionSelf7
spell_book	2158	LightningProtectionOther7
spell_book	2159	LightningProtectionSelf7
spell_book	2160	PiercingProtectionOther7
spell_book	2161	PiercingProtectionSelf7
spell_book	2162	AcidVulnerabilityOther7
spell_book	2163	AcidVulnerabilitySelf7
spell_book	2164	BladeVulnerabilityOther7
spell_book	2165	BladeVulnerabilitySelf7
spell_book	2166	BludgeonVulnerabilityOther7
spell_book	2167	BludgeonVulnerabilitySelf7
spell_book	2168	ColdVulnerabilityOther7
spell_book	2169	ColdVulnerabilitySelf7
spell_book	2170	FireVulnerabilityOther7
spell_book	2171	FireVulnerabilitySelf7
spell_book	2172	LightningVulnerabilityOther7
spell_book	2173	LightningVulnerabilitySelf7
spell_book	2174	PiercingVulnerabilityOther7
spell_book	2175	PiercingVulnerabilitySelf7
spell_book	2176	ExhaustionOther7
spell_book	2177	ExhaustionSelf7
spell_book	2178	FesterOther7
spell_book	2179	FesterSelf7
spell_book	2180	ManaDepletionOther7
spell_book	2181	ManaDepletionSelf7
spell_book	2182	ManaRenewalOther7
spell_book	2183	ManaRenewalSelf7
spell_book	2184	RegenerationOther7
spell_book	2185	RegenerationSelf7
spell_book	2186	RejuvenationOther7
spell_book	2187	RejuvenationSelf7
spell_book	2188	AlchemyIneptitudeOther7
spell_book	2189	AlchemyIneptitudeSelf7
spell_book	2190	AlchemyMasteryOther7
spell_book	2191	AlchemyMasterySelf7
spell_book	2192	ArcaneBenightednessOther7
spell_book	2193	ArcaneBenightednessSelf7
spell_book	2194	ArcaneEnlightenmentOther7
spell_book	2195	ArcaneEnlightenmentSelf7
spell_book	2196	ArmorExpertiseOther7
spell_book	2197	ArmorExpertiseSelf7
spell_book	2198	ArmorIgnoranceOther7
spell_book	2199	ArmorIgnoranceSelf7
spell_book	2200	LightWeaponsIneptitudeOther7
spell_book	2201	LightWeaponsIneptitudeSelf7
spell_book	2202	LightWeaponsMasteryOther7
spell_book	2203	LightWeaponsMasterySelf7
spell_book	2204	MissileWeaponsIneptitudeOther7
spell_book	2205	MissileWeaponsIneptitudeSelf7
spell_book	2206	MissileWeaponsMasteryOther7
spell_book	2207	MissileWeaponsMasterySelf7
spell_book	2208	CookingIneptitudeOther7
spell_book	2209	CookingIneptitudeSelf7
spell_book	2210	CookingMasteryOther7
spell_book	2211	CookingMasterySelf7
spell_book	2212	CreatureEnchantmentIneptitudeOther7
spell_book	2213	CreatureEnchantmentIneptitudeSelf7
spell_book	2214	CreatureEnchantmentMasteryOther7
spell_book	2215	CreatureEnchantmentMasterySelf7
spell_book	2216	CrossbowIneptitudeOther7
spell_book	2217	CrossbowIneptitudeSelf7
spell_book	2218	CrossbowMasteryOther7
spell_book	2219	CrossbowMasterySelf7
spell_book	2220	FinesseWeaponsIneptitudeOther7
spell_book	2221	FinesseWeaponsIneptitudeSelf7
spell_book	2222	FinesseWeaponsMasteryOther7
spell_book	2223	FinesseWeaponsMasterySelf7
spell_book	2224	DeceptionIneptitudeOther7
spell_book	2225	DeceptionIneptitudeSelf7
spell_book	2226	DeceptionMasteryOther7
spell_book	2227	DeceptionMasterySelf7
spell_book	2228	DefenselessnessOther7
spell_book	2229	DefenselessnessSelf7
spell_book	2230	FaithlessnessOther7
spell_book	2231	FaithlessnessSelf7
spell_book	2232	FealtyOther7
spell_book	2233	FealtySelf7
spell_book	2234	FletchingIneptitudeOther7
spell_book	2235	FletchingIneptitudeSelf7
spell_book	2236	FletchingMasteryOther7
spell_book	2237	FletchingMasterySelf7
spell_book	2238	HealingIneptitudeOther7
spell_book	2239	HealingIneptitudeSelf7
spell_book	2240	HealingMasteryOther7
spell_book	2241	HealingMasterySelf7
spell_book	2242	ImpregnabilityOther7
spell_book	2243	ImpregnabilitySelf7
spell_book	2244	InvulnerabilityOther7
spell_book	2245	InvulnerabilitySelf7
spell_book	2246	ItemEnchantmentIneptitudeOther7
spell_book	2247	ItemEnchantmentIneptitudeSelf7
spell_book	2248	ItemEnchantmentMasteryOther7
spell_book	2249	ItemEnchantmentMasterySelf7
spell_book	2250	ItemExpertiseOther7
spell_book	2251	ItemExpertiseSelf7
spell_book	2252	ItemIgnoranceOther7
spell_book	2253	ItemIgnoranceSelf7
spell_book	2254	JumpingIneptitudeOther7
spell_book	2255	JumpingIneptitudeSelf7
spell_book	2256	JumpingMasteryOther7
spell_book	2257	JumpingMasterySelf7
spell_book	2258	LeadenFeetOther7
spell_book	2259	LeadenFeetSelf7
spell_book	2260	LeadershipIneptitudeOther7
spell_book	2261	LeadershipIneptitudeSelf7
spell_book	2262	LeadershipMasteryOther7
spell_book	2263	LeadershipMasterySelf7
spell_book	2264	LifeMagicIneptitudeOther7
spell_book	2265	LifeMagicIneptitudeSelf7
spell_book	2266	LifeMagicMasteryOther7
spell_book	2267	LifeMagicMasterySelf7
spell_book	2268	LockpickIneptitudeOther7
spell_book	2269	LockpickIneptitudeSelf7
spell_book	2270	LockpickMasteryOther7
spell_book	2271	LockpickMasterySelf7
spell_book	2272	MaceIneptitudeOther7
spell_book	2273	MaceIneptitudeSelf7
spell_book	2274	MaceMasteryOther7
spell_book	2275	MaceMasterySelf7
spell_book	2276	MagicItemExpertiseOther7
spell_book	2277	MagicItemExpertiseSelf7
spell_book	2278	MagicItemIgnoranceOther7
spell_book	2279	MagicItemIgnoranceSelf7
spell_book	2280	MagicResistanceOther7
spell_book	2281	MagicResistanceSelf7
spell_book	2282	MagicYieldOther7
spell_book	2283	MagicYieldSelf7
spell_book	2284	ManaIneptitudeOther7
spell_book	2285	ManaIneptitudeSelf7
spell_book	2286	ManaMasteryOther7
spell_book	2287	ManaMasterySelf7
spell_book	2288	MonsterAttunementOther7
spell_book	2289	MonsterAttunementSelf7
spell_book	2290	MonsterUnfamiliarityOther7
spell_book	2291	MonsterUnfamiliaritySelf7
spell_book	2292	PersonAttunementOther7
spell_book	2293	PersonAttunementSelf7
spell_book	2294	PersonUnfamiliarityOther7
spell_book	2295	PersonUnfamiliaritySelf7
spell_book	2296	SpearIneptitudeOther7
spell_book	2297	SpearIneptitudeSelf7
spell_book	2298	SpearMasteryOther7
spell_book	2299	SpearMasterySelf7
spell_book	2300	SprintOther7
spell_book	2301	SprintSelf7
spell_book	2302	StaffIneptitudeOther7
spell_book	2303	StaffIneptitudeSelf7
spell_book	2304	StaffMasteryOther7
spell_book	2305	StaffMasterySelf7
spell_book	2306	HeavyWeaponsIneptitudeOther7
spell_book	2307	HeavyWeaponsIneptitudeSelf7
spell_book	2308	HeavyWeaponsMasteryOther7
spell_book	2309	HeavyWeaponsMasterySelf7
spell_book	2310	ThrownWeaponIneptitudeOther7
spell_book	2311	ThrownWeaponIneptitudeSelf7
spell_book	2312	ThrownWeaponMasteryOther7
spell_book	2313	ThrownWeaponMasterySelf7
spell_book	2314	UnarmedCombatIneptitudeOther7
spell_book	2315	UnarmedCombatMasteryOther7
spell_book	2316	UnarmedCombatMasterySelf7
spell_book	2317	UnarmedCombatIneptitudeSelf7
spell_book	2318	VulnerabilityOther7
spell_book	2319	VulnerabilitySelf7
spell_book	2320	WarMagicIneptitudeOther7
spell_book	2321	WarMagicIneptitudeSelf7
spell_book	2322	WarMagicMasteryOther7
spell_book	2323	WarMagicMasterySelf7
spell_book	2324	WeaponExpertiseOther7
spell_book	2325	WeaponExpertiseSelf7
spell_book	2326	WeaponIgnoranceOther7
spell_book	2327	WeaponIgnoranceSelf7
spell_book	2328	DrainHealth7
spell_book	2329	DrainMana7
spell_book	2330	DrainStamina7
spell_book	2331	HealthToManaOther7
spell_book	2332	HealthToManaSelf7
spell_book	2333	HealthToStaminaOther7
spell_book	2334	HealthToStaminaSelf7
spell_book	2335	InfuseHealth7
spell_book	2336	InfuseMana7
spell_book	2337	InfuseStamina7
spell_book	2338	ManaToHealthOther7
spell_book	2339	ManaToHealthSelf7
spell_book	2340	ManaToStaminaOther7
spell_book	2341	ManaToStaminaSelf7
spell_book	2342	StaminaToHealthOther7
spell_book	2343	StaminaToHealthSelf7
spell_book	2344	StaminaToManaOther7
spell_book	2345	StaminaToManaSelf7
spell_book	2346	MaledictionSelf
spell_book	2347	ConcentrationSelf
spell_book	2348	BrillianceOther
spell_book	2349	HieroWard
spell_book	2350	DecayDurance
spell_book	2351	ConsumptionDurance
spell_book	2352	StasisDurance
spell_book	2353	StimulationDurance
spell_book	2354	PiercingDuranceLess
spell_book	2355	SlashingDuranceLess
spell_book	2356	BludgeoningDuranceLess
spell_book	2357	FaunaPerlustration
spell_book	2358	RecallLyceum
spell_book	2359	PortalSendTrial1
spell_book	2360	PortalSendTrial2
spell_book	2361	PortalSendTrial3
spell_book	2362	PortalSendTrial4
spell_book	2363	PortalSendTrial5
spell_book	2364	PortalSendingHHSW
spell_book	2365	PortalSendingObsidianRim
spell_book	2366	BovineIntervention
spell_book	2367	PortalSummonReward
spell_book	2368	PortalSendingTombExit
spell_book	2369	AerfalleExpulsion
spell_book	2370	AerfalleColdVuln
spell_book	2371	AerfalleFireVuln
spell_book	2372	AerfalleFester
spell_book	2373	AerfalleLifeLower
spell_book	2374	AerfalleStamLower
spell_book	2375	AerfalleManaLower
spell_book	2376	AnnihilationGlimpse
spell_book	2377	AnnihilationVision
spell_book	2378	BeastMurmur
spell_book	2379	BeastWhisper
spell_book	2380	InstrumentalityGrip
spell_book	2381	InstrumentalityTouch
spell_book	2382	UnnaturalPersistence
spell_book	2383	DarkFlame
spell_book	2384	ArcaneRestoration
spell_book	2385	Vigilance
spell_book	2386	Indomitability
spell_book	2387	Determination
spell_book	2388	Caution
spell_book	2389	Vigor
spell_book	2390	Haste
spell_book	2391	Prowess
spell_book	2392	Serenity
spell_book	2393	ForceArmor
spell_book	2394	AcidShield
spell_book	2395	ElectricShield
spell_book	2396	FlameShield
spell_book	2397	IceShield
spell_book	2398	BludgeonShield
spell_book	2399	PiercingShield
spell_book	2400	SlashingShield
spell_book	2401	PortalSendingBunnyGarden
spell_book	2402	EssenceLull
spell_book	2403	BalancedBreakfast
spell_book	2404	CollectorAcidProtection
spell_book	2405	CollectorBladeProtection
spell_book	2406	CollectorBludgeoningProtection
spell_book	2407	CollectorColdProtection
spell_book	2408	CollectorFireProtection
spell_book	2409	CollectorLightningProtection
spell_book	2410	CollectorPiercingProtection
spell_book	2411	Discipline
spell_book	2412	EnduringCoordination
spell_book	2413	EnduringFocus
spell_book	2414	EnduringStoicism
spell_book	2415	EyeHunter
spell_book	2416	HighTensionString
spell_book	2417	Obedience
spell_book	2418	OccultPotence
spell_book	2419	PanicAttack
spell_book	2420	PanoplyQueenslayer
spell_book	2421	ParalyzingFear
spell_book	2422	PortalSendDryreach
spell_book	2423	Precise
spell_book	2424	RabbitsEye
spell_book	2425	StoneWall
spell_book	2426	StrongPull
spell_book	2427	SugarRush
spell_book	2428	TimaruShelterMagic
spell_book	2429	TimaruShelterMelee
spell_book	2430	TimaruShelterMissile
spell_book	2431	Vivification
spell_book	2432	AcidWard
spell_book	2433	FlameWard
spell_book	2434	FrostWard
spell_book	2435	LightningWard
spell_book	2436	LayingonofHands
spell_book	2437	RockslideGreater
spell_book	2438	RockslideLesser
spell_book	2439	Rockslide
spell_book	2440	StoneCliffsGreater
spell_book	2441	StoneCliffsLesser
spell_book	2442	StoneCliffs
spell_book	2443	StrengthofEarthGreater
spell_book	2444	StrengthofEarthLesser
spell_book	2445	StrengthofEarth
spell_book	2446	GrowthGreater
spell_book	2447	GrowthLesser
spell_book	2448	Growth
spell_book	2449	HuntersAcumenGreater
spell_book	2450	HuntersAcumenLesser
spell_book	2451	HuntersAcumen
spell_book	2452	ThornsGreater
spell_book	2453	ThornsLesser
spell_book	2454	Thorns
spell_book	2455	CascadeAxeGreater
spell_book	2456	CascadeAxeLesser
spell_book	2457	CascadeAxe
spell_book	2458	CascadeDaggerGreater
spell_book	2459	CascadeDaggerLesser
spell_book	2460	CascadeDagger
spell_book	2461	CascadeMaceGreater
spell_book	2462	CascadeMaceLesser
spell_book	2463	CascadeMace
spell_book	2464	CascadeSpearGreater
spell_book	2465	CascadeSpearLesser
spell_book	2466	CascadeSpear
spell_book	2467	CascadeStaffGreater
spell_book	2468	CascadeStaffLesser
spell_book	2469	CascadeStaff
spell_book	2470	StillWaterGreater
spell_book	2471	StillWaterLesser
spell_book	2472	StillWater
spell_book	2473	TorrentGreater
spell_book	2474	TorrentLesser
spell_book	2475	Torrent
spell_book	2476	PortalSendTimaru
spell_book	2477	PORTALTUMEROKWARALU
spell_book	2478	PORTALTUMEROKWARALUGREATER
spell_book	2479	PORTALTUMEROKWARALULESSER
spell_book	2480	PORTALTUMEROKWARGHA
spell_book	2481	PORTALTUMEROKWARGHAGREATER
spell_book	2482	PORTALTUMEROKWARGHALESSER
spell_book	2483	PORTALTUMEROKWARSHO
spell_book	2484	PORTALTUMEROKWARSHOGREATER
spell_book	2485	PORTALTUMEROKWARSHOLESSER
spell_book	2486	BLOODTHIRST
spell_book	2487	SPIRITSTRIKE
spell_book	2488	ElariBowFamiliarity
spell_book	2489	PORTALSENDSHOUSHISE
spell_book	2490	PORTALSENDHOLTS
spell_book	2491	PORTALSENDHOLTW
spell_book	2492	PORTALSENDSHOUSHIW
spell_book	2493	PORTALSENDYARAQE
spell_book	2494	PORTALSENDYARAQN
spell_book	2495	PORTALSENDINGAREACHOLTW
spell_book	2496	PORTALSENDINGAREACHOLTS
spell_book	2497	PORTALSENDINGAREACSHOUSHISE
spell_book	2498	PORTALSENDINGAREACSHOUSHIW
spell_book	2499	PORTALSENDINGAREACYARAQE
spell_book	2500	PORTALSENDINGAREACYARAQN
spell_book	2501	CANTRIPALCHEMICALPROWESS2
spell_book	2502	CANTRIPARCANEPROWESS2
spell_book	2503	CANTRIPARMOREXPERTISE2
spell_book	2504	CANTRIPLIGHTWEAPONSAPTITUDE2
spell_book	2505	CANTRIPMISSILEWEAPONSAPTITUDE2
spell_book	2506	CANTRIPCOOKINGPROWESS2
spell_book	2507	CANTRIPCREATUREENCHANTMENTAPTITUDE2
spell_book	2508	CANTRIPCROSSBOWAPTITUDE2
spell_book	2509	CANTRIPFINESSEWEAPONSAPTITUDE2
spell_book	2510	CANTRIPDECEPTIONPROWESS2
spell_book	2511	CANTRIPFEALTY2
spell_book	2512	CANTRIPFLETCHINGPROWESS2
spell_book	2513	CANTRIPHEALINGPROWESS2
spell_book	2514	CANTRIPIMPREGNABILITY2
spell_book	2515	CANTRIPINVULNERABILITY2
spell_book	2516	CANTRIPITEMENCHANTMENTAPTITUDE2
spell_book	2517	CANTRIPITEMEXPERTISE2
spell_book	2518	CANTRIPJUMPINGPROWESS2
spell_book	2519	CANTRIPLEADERSHIP2
spell_book	2520	CANTRIPLIFEMAGICAPTITUDE2
spell_book	2521	CANTRIPLOCKPICKPROWESS2
spell_book	2522	CANTRIPMACEAPTITUDE2
spell_book	2523	CANTRIPMAGICITEMEXPERTISE2
spell_book	2524	CANTRIPMAGICRESISTANCE2
spell_book	2525	CANTRIPMANACONVERSIONPROWESS2
spell_book	2526	CANTRIPMONSTERATTUNEMENT2
spell_book	2527	CANTRIPPERSONATTUNEMENT2
spell_book	2528	CANTRIPSPEARAPTITUDE2
spell_book	2529	CANTRIPSPRINT2
spell_book	2530	CANTRIPSTAFFAPTITUDE2
spell_book	2531	CANTRIPHEAVYWEAPONSAPTITUDE2
spell_book	2532	CANTRIPTHROWNAPTITUDE2
spell_book	2533	CANTRIPUNARMEDAPTITUDE2
spell_book	2534	CANTRIPWARMAGICAPTITUDE2
spell_book	2535	CANTRIPWEAPONEXPERTISE2
spell_book	2536	CANTRIPALCHEMICALPROWESS1
spell_book	2537	CANTRIPARCANEPROWESS1
spell_book	2538	CANTRIPARMOREXPERTISE1
spell_book	2539	CANTRIPLIGHTWEAPONSAPTITUDE1
spell_book	2540	CANTRIPMISSILEWEAPONSAPTITUDE1
spell_book	2541	CANTRIPCOOKINGPROWESS1
spell_book	2542	CANTRIPCREATUREENCHANTMENTAPTITUDE1
spell_book	2543	CANTRIPCROSSBOWAPTITUDE1
spell_book	2544	CANTRIPFINESSEWEAPONSAPTITUDE1
spell_book	2545	CANTRIPDECEPTIONPROWESS1
spell_book	2546	CANTRIPFEALTY1
spell_book	2547	CANTRIPFLETCHINGPROWESS1
spell_book	2548	CANTRIPHEALINGPROWESS1
spell_book	2549	CANTRIPIMPREGNABILITY1
spell_book	2550	CANTRIPINVULNERABILITY1
spell_book	2551	CANTRIPITEMENCHANTMENTAPTITUDE1
spell_book	2552	CANTRIPITEMEXPERTISE1
spell_book	2553	CANTRIPJUMPINGPROWESS1
spell_book	2554	CANTRIPLEADERSHIP1
spell_book	2555	CANTRIPLIFEMAGICAPTITUDE1
spell_book	2556	CANTRIPLOCKPICKPROWESS1
spell_book	2557	CANTRIPMACEAPTITUDE1
spell_book	2558	CANTRIPMAGICITEMEXPERTISE1
spell_book	2559	CANTRIPMAGICRESISTANCE1
spell_book	2560	CANTRIPMANACONVERSIONPROWESS1
spell_book	2561	CANTRIPMONSTERATTUNEMENT1
spell_book	2562	CANTRIPPERSONATTUNEMENT1
spell_book	2563	CANTRIPSPEARAPTITUDE1
spell_book	2564	CANTRIPSPRINT1
spell_book	2565	CANTRIPSTAFFAPTITUDE1
spell_book	2566	CANTRIPHEAVYWEAPONSAPTITUDE1
spell_book	2567	CANTRIPTHROWNAPTITUDE1
spell_book	2568	CANTRIPUNARMEDAPTITUDE1
spell_book	2569	CANTRIPWARMAGICAPTITUDE1
spell_book	2570	CANTRIPWEAPONEXPERTISE1
spell_book	2571	CANTRIPARMOR2
spell_book	2572	CANTRIPCOORDINATION2
spell_book	2573	CANTRIPENDURANCE2
spell_book	2574	CANTRIPFOCUS2
spell_book	2575	CANTRIPQUICKNESS2
spell_book	2576	CANTRIPSTRENGTH2
spell_book	2577	CANTRIPWILLPOWER2
spell_book	2578	CANTRIPARMOR1
spell_book	2579	CANTRIPCOORDINATION1
spell_book	2580	CANTRIPENDURANCE1
spell_book	2581	CANTRIPFOCUS1
spell_book	2582	CANTRIPQUICKNESS1
spell_book	2583	CANTRIPSTRENGTH1
spell_book	2584	CANTRIPWILLPOWER1
spell_book	2585	CANTRIPACIDBANE2
spell_book	2586	CANTRIPBLOODTHIRST2
spell_book	2587	CANTRIPBLUDGEONINGBANE2
spell_book	2588	CANTRIPDEFENDER2
spell_book	2589	CANTRIPFLAMEBANE2
spell_book	2590	CANTRIPFROSTBANE2
spell_book	2591	CANTRIPHEARTTHIRST2
spell_book	2592	CANTRIPIMPENETRABILITY2
spell_book	2593	CANTRIPPIERCINGBANE2
spell_book	2594	CANTRIPSLASHINGBANE2
spell_book	2595	CANTRIPSTORMBANE2
spell_book	2596	CANTRIPSWIFTHUNTER2
spell_book	2597	CANTRIPACIDBANE1
spell_book	2598	CANTRIPBLOODTHIRST1
spell_book	2599	CANTRIPBLUDGEONINGBANE1
spell_book	2600	CANTRIPDEFENDER1
spell_book	2601	CANTRIPFLAMEBANE1
spell_book	2602	CANTRIPFROSTBANE1
spell_book	2603	CANTRIPHEARTTHIRST1
spell_book	2604	CANTRIPIMPENETRABILITY1
spell_book	2605	CANTRIPPIERCINGBANE1
spell_book	2606	CANTRIPSLASHINGBANE1
spell_book	2607	CANTRIPSTORMBANE1
spell_book	2608	CANTRIPSWIFTHUNTER1
spell_book	2609	CANTRIPACIDWARD2
spell_book	2610	CANTRIPBLUDGEONINGWARD2
spell_book	2611	CANTRIPFLAMEWARD2
spell_book	2612	CANTRIPFROSTWARD2
spell_book	2613	CANTRIPPIERCINGWARD2
spell_book	2614	CANTRIPSLASHINGWARD2
spell_book	2615	CANTRIPSTORMWARD2
spell_book	2616	CANTRIPACIDWARD1
spell_book	2617	CANTRIPBLUDGEONINGWARD1
spell_book	2618	CANTRIPFLAMEWARD1
spell_book	2619	CANTRIPFROSTWARD1
spell_book	2620	CANTRIPPIERCINGWARD1
spell_book	2621	CANTRIPSLASHINGWARD1
spell_book	2622	CANTRIPSTORMWARD1
spell_book	2623	CANTRIPHEALTHGAIN2
spell_book	2624	CANTRIPMANAGAIN2
spell_book	2625	CANTRIPSTAMINAGAIN2
spell_book	2626	CANTRIPHEALTHGAIN1
spell_book	2627	CANTRIPMANAGAIN1
spell_book	2628	CANTRIPSTAMINAGAIN1
spell_book	2629	HuntressBoon
spell_book	2630	PreysReflex
spell_book	2631	PortalSendingHallofHollows
spell_book	2632	PortalSendingHallofHollowsSurface
spell_book	2633	PortalSendingRegicideBasement
spell_book	2634	PortalSendingRegicideBasementSurface
spell_book	2635	PortalSummonDungeonWitshire
spell_book	2636	KarenuasCurse
spell_book	2637	InvokingAunTanua
spell_book	2638	HeartofOak
spell_book	2639	Repulsion
spell_book	2640	Devourer
spell_book	2641	ForcetoArms
spell_book	2642	Consumption
spell_book	2643	Stasis
spell_book	2644	LifestoneTie1
spell_book	2645	PortalRecall
spell_book	2646	PortalTie2
spell_book	2647	PortalTieRecall2
spell_book	2648	SummonSecondPortal1
spell_book	2649	SummonSecondPortal2
spell_book	2650	SummonSecondPortal3
spell_book	2651	PortalSendingSelfSacrifice
spell_book	2652	PortalSendingMerciless
spell_book	2653	FeebleWillpower
spell_book	2654	FeebleEndurance
spell_book	2655	FeebleFocus
spell_book	2656	FeebleQuickness
spell_book	2657	FeebleStrength
spell_book	2658	FeebleCoordination
spell_book	2659	ModerateCoordination
spell_book	2660	ModerateEndurance
spell_book	2661	ModerateFocus
spell_book	2662	ModerateQuickness
spell_book	2663	ModerateStrength
spell_book	2664	ModerateWillpower
spell_book	2665	EssenceSluice
spell_book	2666	EssenceGlutton
spell_book	2667	EssenceSpike
spell_book	2668	NuhmudirasBenefaction
spell_book	2669	NuhmudirasBestowment
spell_book	2670	NuhmudirasEndowment
spell_book	2671	PortalSendingLabyrinthRewards
spell_book	2672	MartineRing1
spell_book	2673	MartineRing2
spell_book	2674	MartineStrike
spell_book	2675	FeebleAxeAptitude
spell_book	2676	FeebleBowAptitude
spell_book	2677	FeebleCrossbowAptitude
spell_book	2678	FeebleDaggerAptitude
spell_book	2679	FeebleMaceAptitude
spell_book	2680	FeebleManaConversionProwess
spell_book	2681	FeebleSpearAptitude
spell_book	2682	FeebleStaffAptitude
spell_book	2683	FeebleSwordAptitude
spell_book	2684	FeebleThrownAptitude
spell_book	2685	FeebleUnarmedAptitude
spell_book	2686	ModerateAxeAptitude
spell_book	2687	ModerateBowAptitude
spell_book	2688	ModerateCrossbowAptitude
spell_book	2689	ModerateDaggerAptitude
spell_book	2690	ModerateMaceAptitude
spell_book	2691	ModerateManaConversionProwess
spell_book	2692	ModerateSpearAptitude
spell_book	2693	ModerateStaffAptitude
spell_book	2694	ModerateSwordAptitude
spell_book	2695	ModerateThrownAptitude
spell_book	2696	ModerateUnarmedAptitude
spell_book	2697	MartineDebuff
spell_book	2698	MartineDegeneration
spell_book	2699	AuroricWhip
spell_book	2700	CorrosiveCloud
spell_book	2701	ElementalFury1
spell_book	2702	ElementalFury2
spell_book	2703	ElementalFury3
spell_book	2704	ElementalFury4
spell_book	2705	ElementalistsBoon
spell_book	2706	ElementalWard
spell_book	2707	PortalSendingGaerlan
spell_book	2708	StasisField
spell_book	2709	SummonPortalFloater
spell_book	2710	VolcanicBlast
spell_book	2711	AcidArc1
spell_book	2712	AcidArc2
spell_book	2713	AcidArc3
spell_book	2714	AcidArc4
spell_book	2715	AcidArc5
spell_book	2716	AcidArc6
spell_book	2717	AcidArc7
spell_book	2718	ForceArc1
spell_book	2719	ForceArc2
spell_book	2720	ForceArc3
spell_book	2721	ForceArc4
spell_book	2722	ForceArc5
spell_book	2723	ForceArc6
spell_book	2724	ForceArc7
spell_book	2725	FrostArc1
spell_book	2726	FrostArc2
spell_book	2727	FrostArc3
spell_book	2728	FrostArc4
spell_book	2729	FrostArc5
spell_book	2730	FrostArc6
spell_book	2731	FrostArc7
spell_book	2732	LightningArc1
spell_book	2733	LightningArc2
spell_book	2734	LightningArc3
spell_book	2735	LightningArc4
spell_book	2736	LightningArc5
spell_book	2737	LightningArc6
spell_book	2738	LightningArc7
spell_book	2739	FlameArc1
spell_book	2740	FlameArc2
spell_book	2741	FlameArc3
spell_book	2742	FlameArc4
spell_book	2743	FlameArc5
spell_book	2744	FlameArc6
spell_book	2745	FlameArc7
spell_book	2746	ShockArc1
spell_book	2747	ShockArc2
spell_book	2748	ShockArc3
spell_book	2749	ShockArc4
spell_book	2750	ShockArc5
spell_book	2751	ShockArc6
spell_book	2752	ShockArc7
spell_book	2753	BladeArc1
spell_book	2754	BladeArc2
spell_book	2755	BladeArc3
spell_book	2756	BladeArc4
spell_book	2757	BladeArc5
spell_book	2758	BladeArc6
spell_book	2759	BladeArc7
spell_book	2760	HealthBolt1
spell_book	2761	HealthBolt2
spell_book	2762	HealthBolt3
spell_book	2763	HealthBolt4
spell_book	2764	HealthBolt5
spell_book	2765	HealthBolt6
spell_book	2766	HealthBolt7
spell_book	2767	StaminaBolt1
spell_book	2768	StaminaBolt2
spell_book	2769	StaminaBolt3
spell_book	2770	StaminaBolt4
spell_book	2771	StaminaBolt5
spell_book	2772	StaminaBolt6
spell_book	2773	StaminaBolt7
spell_book	2774	ManaBolt1
spell_book	2775	ManaBolt2
spell_book	2776	ManaBolt3
spell_book	2777	ManaBolt4
spell_book	2778	ManaBolt5
spell_book	2779	ManaBolt6
spell_book	2780	ManaBolt7
spell_book	2781	LesserElementalFuryAcid
spell_book	2782	LesserElementalFuryFlame
spell_book	2783	LesserElementalFuryFrost
spell_book	2784	LesserElementalFuryLightning
spell_book	2785	LesserStasisField
spell_book	2786	Madness
spell_book	2787	Supremacy
spell_book	2788	HarbingerManaBlight
spell_book	2789	HarbingerSmite
spell_book	2790	HarbingerWeaknessOther
spell_book	2791	RollingDeathAcid
spell_book	2792	RollingDeathFlame
spell_book	2793	RollingDeathFrost
spell_book	2794	RollingDeathLightning
spell_book	2795	PortalSendingCitadelLibrary
spell_book	2796	PortalSendingCitadelSurface
spell_book	2797	PortalSendingProvingGrounds2Extreme
spell_book	2798	PortalSendingProvingGrounds2High
spell_book	2799	PortalSendingProvingGrounds2Low
spell_book	2800	PortalSendingProvingGrounds2Mid
spell_book	2801	PortalSendingProvingGrounds3Extreme
spell_book	2802	PortalSendingProvingGrounds3High
spell_book	2803	PortalSendingProvingGrounds3Low
spell_book	2804	PortalSendingProvingGrounds3Mid
spell_book	2805	PortalSendingProvingGrounds4Extreme
spell_book	2806	PortalSendingProvingGrounds4High
spell_book	2807	PortalSendingProvingGrounds4Low
spell_book	2808	PortalSendingProvingGrounds4Mid
spell_book	2809	ModerateArcaneProwess
spell_book	2810	ModerateLifeMagicAptitude
spell_book	2811	ModerateMagicResistance
spell_book	2812	ModerateWarMagicAptitude
spell_book	2813	RecallLethe
spell_book	2814	ImpiousCurse
spell_book	2815	FireworkOutBlack1
spell_book	2816	FireworkOutBlack2
spell_book	2817	FireworkOutBlack3
spell_book	2818	FireworkOutBlack4
spell_book	2819	FireworkOutBlack5
spell_book	2820	FireworkOutBlack6
spell_book	2821	FireworkOutBlack7
spell_book	2822	FireworkOutBlue1
spell_book	2823	FireworkOutBlue2
spell_book	2824	FireworkOutBlue3
spell_book	2825	FireworkOutBlue4
spell_book	2826	FireworkOutBlue5
spell_book	2827	FireworkOutBlue6
spell_book	2828	FireworkOutBlue7
spell_book	2829	FireworkOutGreen1
spell_book	2830	FireworkOutGreen2
spell_book	2831	FireworkOutGreen3
spell_book	2832	FireworkOutGreen4
spell_book	2833	FireworkOutGreen5
spell_book	2834	FireworkOutGreen6
spell_book	2835	FireworkOutGreen7
spell_book	2836	FireworkOutOrange1
spell_book	2837	FireworkOutOrange2
spell_book	2838	FireworkOutOrange3
spell_book	2839	FireworkOutOrange4
spell_book	2840	FireworkOutOrange5
spell_book	2841	FireworkOutOrange6
spell_book	2842	FireworkOutOrange7
spell_book	2843	FireworkOutPurple1
spell_book	2844	FireworkOutPurple2
spell_book	2845	FireworkOutPurple3
spell_book	2846	FireworkOutPurple4
spell_book	2847	FireworkOutPurple5
spell_book	2848	FireworkOutPurple6
spell_book	2849	FireworkOutPurple7
spell_book	2850	FireworkOutRed1
spell_book	2851	FireworkOutRed2
spell_book	2852	FireworkOutRed3
spell_book	2853	FireworkOutRed4
spell_book	2854	FireworkOutRed5
spell_book	2855	FireworkOutRed6
spell_book	2856	FireworkOutRed7
spell_book	2857	FireworkOutWhite1
spell_book	2858	FireworkOutWhite2
spell_book	2859	FireworkOutWhite3
spell_book	2860	FireworkOutWhite4
spell_book	2861	FireworkOutWhite5
spell_book	2862	FireworkOutWhite6
spell_book	2863	FireworkOutWhite7
spell_book	2864	FireworkOutYellow1
spell_book	2865	FireworkOutYellow2
spell_book	2866	FireworkOutYellow3
spell_book	2867	FireworkOutYellow4
spell_book	2868	FireworkOutYellow5
spell_book	2869	FireworkOutYellow6
spell_book	2870	FireworkOutYellow7
spell_book	2871	FireworkUpBlack1
spell_book	2872	FireworkUpBlack2
spell_book	2873	FireworkUpBlack3
spell_book	2874	FireworkUpBlack4
spell_book	2875	FireworkUpBlack5
spell_book	2876	FireworkUpBlack6
spell_book	2877	FireworkUpBlack7
spell_book	2878	FireworkUpBlue1
spell_book	2879	FireworkUpBlue2
spell_book	2880	FireworkUpBlue3
spell_book	2881	FireworkUpBlue4
spell_book	2882	FireworkUpBlue5
spell_book	2883	FireworkUpBlue6
spell_book	2884	FireworkUpBlue7
spell_book	2885	FireworkUpGreen1
spell_book	2886	FireworkUpGreen2
spell_book	2887	FireworkUpGreen3
spell_book	2888	FireworkUpGreen4
spell_book	2889	FireworkUpGreen5
spell_book	2890	FireworkUpGreen6
spell_book	2891	FireworkUpGreen7
spell_book	2892	FireworkUpOrange1
spell_book	2893	FireworkUpOrange2
spell_book	2894	FireworkUpOrange3
spell_book	2895	FireworkUpOrange4
spell_book	2896	FireworkUpOrange5
spell_book	2897	FireworkUpOrange6
spell_book	2898	FireworkUpOrange7
spell_book	2899	FireworkUpPurple1
spell_book	2900	FireworkUpPurple2
spell_book	2901	FireworkUpPurple3
spell_book	2902	FireworkUpPurple4
spell_book	2903	FireworkUpPurple5
spell_book	2904	FireworkUpPurple6
spell_book	2905	FireworkUpPurple7
spell_book	2906	FireworkUpRed1
spell_book	2907	FireworkUpRed2
spell_book	2908	FireworkUpRed3
spell_book	2909	FireworkUpRed4
spell_book	2910	FireworkUpRed5
spell_book	2911	FireworkUpRed6
spell_book	2912	FireworkUpRed7
spell_book	2913	FireworkUpWhite1
spell_book	2914	FireworkUpWhite2
spell_book	2915	FireworkUpWhite3
spell_book	2916	FireworkUpWhite4
spell_book	2917	FireworkUpWhite5
spell_book	2918	FireworkUpWhite6
spell_book	2919	FireworkUpWhite7
spell_book	2920	FireworkUpYellow1
spell_book	2921	FireworkUpYellow2
spell_book	2922	FireworkUpYellow3
spell_book	2923	FireworkUpYellow4
spell_book	2924	FireworkUpYellow5
spell_book	2925	FireworkUpYellow6
spell_book	2926	FireworkUpYellow7
spell_book	2927	FireworkOldSchool
spell_book	2928	TuskerHide
spell_book	2929	TuskerMight
spell_book	2930	TuskerSkin
spell_book	2931	TuskerIslandRecall
spell_book	2932	TuskerLeap
spell_book	2933	TuskerSprint
spell_book	2934	TuskerFists
spell_book	2935	PortalSendingMowen
spell_book	2936	PortalSendingTuskerIsland
spell_book	2937	ModerateImpregnability
spell_book	2938	ModerateInvulnerability
spell_book	2939	PortalSendingTempleEnlightenment
spell_book	2940	PortalSendingTempleForgetfulness
spell_book	2941	UlgrimsRecall
spell_book	2942	PortalSendAbandonedMine
spell_book	2943	SingularityIslandRecall
spell_book	2944	PortalSendingCrystalMindsWarehseOK
spell_book	2945	PortalSendingCrystalMindsWarehseRobbed
spell_book	2946	ModerateCreatureMagicAptitude
spell_book	2947	DispelAllBadOther6NoManaCon
spell_book	2948	HieroWardGreat
spell_book	2949	LightbringersWay
spell_book	2950	MaidensKiss
spell_book	2951	PortalSendingKnorr
spell_book	2952	PortalSendingKnorr2
spell_book	2953	PortalSendingKnorr3
spell_book	2954	PortalSendingKnorrBarracks
spell_book	2955	PortalSendingKnorrForge
spell_book	2956	PortalSendingKnorrResearch
spell_book	2957	PortalSendingKnorrSeat
spell_book	2958	BlessingofthePriestess
spell_book	2959	MarkofthePriestess
spell_book	2960	BludgeoningDurance
spell_book	2961	PiercingDurance
spell_book	2962	SlashingDurance
spell_book	2963	CunningHunter
spell_book	2964	MarkHunter
spell_book	2965	MurderousIntent
spell_book	2966	MurderousThirst
spell_book	2967	SpeedHunter
spell_book	2968	VisionHunter
spell_book	2969	MothersBlessing
spell_book	2970	HuntersLash
spell_book	2971	PortalSendingOswaldLogic
spell_book	2972	PortalSendingOswaldsRoom
spell_book	2973	PortalSendingSecretLair
spell_book	2974	PortalSendingVagabondPassed
spell_book	2975	ModerateItemEnchantmentAptitude
spell_book	2976	OlthoiAcidBlast
spell_book	2977	PortalSendHiddenWarehouseROT2
spell_book	2978	DispelAllNeutralOther7
spell_book	2979	DestinyWind
spell_book	2980	EndlessVigor
spell_book	2981	HealFellow1
spell_book	2982	AlchemyMasteryFellow1
spell_book	2983	DispelLifeBadFellow1
spell_book	2984	FellowPortalSendHoltS
spell_book	2985	Ardence
spell_book	2986	Vim
spell_book	2987	Volition
spell_book	2988	PortalSendingCageNoir1
spell_book	2989	PortalSendingDarkNoir1
spell_book	2990	PortalSendingTreeNoir1
spell_book	2991	WintersKiss
spell_book	2992	Depletion
spell_book	2993	GraceUnicorn
spell_book	2994	Plague
spell_book	2995	PowerDragon
spell_book	2996	Scourge
spell_book	2997	SplendorFireBird
spell_book	2998	WrathPuppeteer
spell_book	2999	EnduranceAbyss
spell_book	3000	IreDarkPrince
spell_book	3001	PuppetString
spell_book	3002	WillpowerQuiddity
spell_book	3003	DarkWave
spell_book	3004	PuppetStrings
spell_book	3005	Dispersion
spell_book	3006	Foresight
spell_book	3007	UncannyDodge
spell_book	3008	Finesse
spell_book	3009	Thew
spell_book	3010	Zeal
spell_book	3011	EndlessSight
spell_book	3012	FarSight
spell_book	3013	OasisHealthRegen
spell_book	3014	OasisManaRegen
spell_book	3015	OasisStaminaRegen
spell_book	3016	RaptorSight
spell_book	3017	PortalSendingCandethKeepBattleDungeon
spell_book	3018	PortalSendingFortTethBattleDungeon
spell_book	3019	PortalSendingNantoBattleDungeon
spell_book	3020	PortalSendingPlateauBattleDungeon
spell_book	3021	PortalSendingQalabarBattleDungeon
spell_book	3022	PortalSendingTouTouBattleDungeon
spell_book	3023	PortalSendingXarabydunBattleDungeon
spell_book	3024	PortalSendingYaraqBattleDungeon
spell_book	3025	Shriek
spell_book	3026	PortalSendingCandethKeepBattleDungeonPKL
spell_book	3027	PortalSendingFortTethBattleDungeonPKL
spell_book	3028	PortalSendingNantoBattleDungeonPKL
spell_book	3029	PortalSendingPlateauBattleDungeonPKL
spell_book	3030	PortalSendingQalabarBattleDungeonPKL
spell_book	3031	PortalSendingTouTouBattleDungeonPKL
spell_book	3032	PortalSendingXarabydunBattleDungeonPKL
spell_book	3033	PortalSendingYaraqBattleDungeonPKL
spell_book	3034	BenedictionImmortality
spell_book	3035	ClosingGreatDivide
spell_book	3036	ColdGripGrave
spell_book	3037	DeathsCall
spell_book	3038	DeathsEmbrace
spell_book	3039	DeathsFeast
spell_book	3040	DeathsKiss
spell_book	3041	EssenceDissolution
spell_book	3042	GripDeath
spell_book	3043	KissGrave
spell_book	3044	LesserBenedictionImmortality
spell_book	3045	LesserClosingGreatDivide
spell_book	3046	LesserMistsBur
spell_book	3047	MatronsBarb
spell_book	3048	MinorBenedictionImmortality
spell_book	3049	MinorClosingGreatDivide
spell_book	3050	MinorMistsBur
spell_book	3051	MireFoot
spell_book	3052	MistsBur
spell_book	3053	ParalyzingTouch
spell_book	3054	SoulDissolution
spell_book	3055	Asphyxiation
spell_book	3056	DeathsVice
spell_book	3057	Enervation
spell_book	3058	GreaterAsphyxiation
spell_book	3059	GreaterEnervation
spell_book	3060	GreaterPoisonBlood
spell_book	3061	GreaterTaintMana
spell_book	3062	LesserAsphyxation
spell_book	3063	LesserEnervation
spell_book	3064	LesserPoisonBlood
spell_book	3065	LesserTaintMana
spell_book	3066	LesserWardRebirth
spell_book	3067	MatronsCurse
spell_book	3068	MinorWardRebirth
spell_book	3069	PoisonBlood
spell_book	3070	TaintMana
spell_book	3071	WardRebirth
spell_book	3072	PortalSendingFellowshipTempleGuardians
spell_book	3073	PortalSendingFellowshipTempleMatron
spell_book	3074	FeebleFleshBruised
spell_book	3075	FeebleFleshCloth
spell_book	3076	FeebleFleshExposed
spell_book	3077	FeebleFleshFlint
spell_book	3078	FeebleFleshWeak
spell_book	3079	FeebleThinSkin
spell_book	3080	FleshBruised
spell_book	3081	FleshCloth
spell_book	3082	FleshExposed
spell_book	3083	FleshFlint
spell_book	3084	FleshWeak
spell_book	3085	LesserFleshBruised
spell_book	3086	LesserFleshCloth
spell_book	3087	LesserFleshExposed
spell_book	3088	LesserFleshFlint
spell_book	3089	LesserFleshWeak
spell_book	3090	LesserThinSkin
spell_book	3091	ThinSkin
spell_book	3092	LesserSkinFiazhat
spell_book	3093	MinorSkinFiazhat
spell_book	3094	SkinFiazhat
spell_book	3095	PortalSendingTempleApprentice
spell_book	3096	PortalSendingTempleConsort
spell_book	3097	PortalSendingTempleGuardOrange
spell_book	3098	PortalSendingTempleGuardRed
spell_book	3099	PortalSendingTempleGuardYellow
spell_book	3100	PortalSendingTempleIxir
spell_book	3101	PortalSendingTempleIxirZiCrypt
spell_book	3102	PortalSendingTempleKivikLir
spell_book	3103	PortalSendingTempleMatriarch
spell_book	3104	PortalSendingTempleTestsOrange
spell_book	3105	PortalSendingTempleTestsRed
spell_book	3106	PortalSendingTempleTestsYellow
spell_book	3107	FlaySoul
spell_book	3108	GreaterFlaySoul
spell_book	3109	GreaterLiquefyFlesh
spell_book	3110	GreaterSearFlesh
spell_book	3111	GreaterSoulHammer
spell_book	3112	GreaterSoulSpike
spell_book	3113	LesserFlaySoul
spell_book	3114	LesserLiquefyFlesh
spell_book	3115	LesserSearFlesh
spell_book	3116	LesserSoulHammer
spell_book	3117	LesserSoulSpike
spell_book	3118	LiquefyFlesh
spell_book	3119	SearFlesh
spell_book	3120	SoulHammer
spell_book	3121	SoulSpike
spell_book	3122	SacrificialEdge
spell_book	3123	SacrificialEdges
spell_book	3124	BlightMana
spell_book	3125	EnervateBeing
spell_book	3126	PoisonHealth
spell_book	3127	FellWind
spell_book	3128	InfectedBlood
spell_book	3129	InfirmedMana
spell_book	3130	PortalSendingFellowshipLiazkBurun40
spell_book	3131	PortalSendingFellowshipLiazkBurun60
spell_book	3132	PortalSendingFellowshipLiazkBurun80
spell_book	3133	PortalSendingFellowshipLiazkBurun100
spell_book	3134	PortalSendingLiazkBurun40
spell_book	3135	PortalSendingLiazkBurun60
spell_book	3136	PortalSendingLiazkBurun80
spell_book	3137	PortalSendingLiazkBurun100
spell_book	3138	PortalSendingLiazkItziAntechamber
spell_book	3139	PortalSendingLiazkItziCrypt
spell_book	3140	PortalSendingLiazkJump40
spell_book	3141	PortalSendingLiazkJump60
spell_book	3142	PortalSendingLiazkJump80
spell_book	3143	PortalSendingLiazkJump100
spell_book	3144	PortalSendingLiazkSpirits40
spell_book	3145	PortalSendingLiazkSpirits60
spell_book	3146	PortalSendingLiazkSpirits80
spell_book	3147	PortalSendingLiazkSpirits100
spell_book	3148	PortalSendingLiazkTest40
spell_book	3149	PortalSendingLiazkTest60
spell_book	3150	PortalSendingLiazkTest80
spell_book	3151	PortalSendingLiazkTest100
spell_book	3152	InferiorScytheAegis
spell_book	3153	LesserScytheAegis
spell_book	3154	ScytheAegis
spell_book	3155	CoordinationFellowship4
spell_book	3156	CoordinationFellowship5
spell_book	3157	CoordinationFellowship6
spell_book	3158	CoordinationFellowship7
spell_book	3159	EnduranceFellowship4
spell_book	3160	EnduranceFellowship5
spell_book	3161	EnduranceFellowship6
spell_book	3162	EnduranceFellowship7
spell_book	3163	FocusFellowship4
spell_book	3164	FocusFellowship5
spell_book	3165	FocusFellowship6
spell_book	3166	FocusFellowship7
spell_book	3167	QuicknessFellowship4
spell_book	3168	QuicknessFellowship5
spell_book	3169	QuicknessFellowship6
spell_book	3170	QuicknessFellowship7
spell_book	3171	SelfFellowship4
spell_book	3172	SelfFellowship5
spell_book	3173	SelfFellowship6
spell_book	3174	SelfFellowship7
spell_book	3175	StrengthFellowship4
spell_book	3176	StrengthFellowship5
spell_book	3177	StrengthFellowship6
spell_book	3178	StrengthFellowship7
spell_book	3179	DispelAllBadOther7
spell_book	3180	DispelAllBadSelf7
spell_book	3181	DispelAllGoodOther7
spell_book	3182	DispelAllGoodSelf7
spell_book	3183	DispelAllNeutralSelf7
spell_book	3184	DispelCreatureBadOther7
spell_book	3185	DispelCreatureBadSelf7
spell_book	3186	DispelCreatureGoodOther7
spell_book	3187	DispelCreatureGoodSelf7
spell_book	3188	DispelCreatureNeutralOther7
spell_book	3189	DispelCreatureNeutralSelf7
spell_book	3190	DispelItemBadOther7
spell_book	3191	DispelItemGoodOther7
spell_book	3192	DispelItemNeutralOther7
spell_book	3193	DispelLifeBadOther7
spell_book	3194	DispelLifeBadSelf7
spell_book	3195	DispelLifeGoodOther7
spell_book	3196	DispelLifeGoodSelf7
spell_book	3197	DispelLifeNeutralOther7
spell_book	3198	DispelLifeNeutralSelf7
spell_book	3199	CantripHermeticLink1
spell_book	3200	CantripHermeticLink2
spell_book	3201	CantripHermeticLinkFeeble
spell_book	3202	CantripHermeticLinkModerate
spell_book	3203	DispelAllBadOther7NoManaCon
spell_book	3204	GolemHunterHealthHigh
spell_book	3205	GolemHunterHealthLow
spell_book	3206	GolemHunterManaHigh
spell_book	3207	GolemHunterManaLow
spell_book	3208	GolemHunterStaminaHigh
spell_book	3209	GolemHunterStaminaLow
spell_book	3210	Agitate
spell_book	3211	Annoyance
spell_book	3212	GuiltTrip
spell_book	3213	Heartache
spell_book	3214	Sorrow
spell_book	3215	Underfoot
spell_book	3216	PortalSendingForbiddenCatacombs
spell_book	3217	CascadeAtlatl
spell_book	3218	CascadeAtlatlGreater
spell_book	3219	CascadeAtlatlLesser
spell_book	3220	CascadeBow
spell_book	3221	CascadeBowGreater
spell_book	3222	CascadeBowLesser
spell_book	3223	CascadeManaC
spell_book	3224	CascadeManaCGreater
spell_book	3225	CascadeManaCLesser
spell_book	3226	CascadeSword
spell_book	3227	CascadeSwordGreater
spell_book	3228	CascadeSwordLesser
spell_book	3229	CascadeUA
spell_book	3230	CascadeUAGreater
spell_book	3231	CascadeUALesser
spell_book	3232	CascadeXBow
spell_book	3233	CascadeXBowGreater
spell_book	3234	CascadeXBowLesser
spell_book	3235	DarkPower
spell_book	3236	RestorativeDraught
spell_book	3237	Fanaticism
spell_book	3238	PortalSendingNannerIsland
spell_book	3239	InsightKhe
spell_book	3240	WisdomKhe
spell_book	3241	FlameBurst
spell_book	3242	ChoriziteWeave
spell_book	3243	Consecration
spell_book	3244	DevineManipulation
spell_book	3245	SacrosanctTouch
spell_book	3246	CantripRegenAdja
spell_book	3247	CantripRejuvAdja
spell_book	3248	CantripRenewAdja
spell_book	3249	ManaRenewalAdja
spell_book	3250	CantripSpiritThirst2
spell_book	3251	CantripSpiritThirst1
spell_book	3252	ModerateSpiritThirst
spell_book	3253	SpiritDrinkerSelf1
spell_book	3254	SpiritDrinkerSelf2
spell_book	3255	SpiritDrinkerSelf3
spell_book	3256	SpiritDrinkerSelf4
spell_book	3257	SpiritDrinkerSelf5
spell_book	3258	SpiritDrinkerSelf6
spell_book	3259	SpiritDrinkerSelf7
spell_book	3260	SpiritLoather1
spell_book	3261	SpiritLoather2
spell_book	3262	SpiritLoather3
spell_book	3263	SpiritLoather4
spell_book	3264	SpiritLoather5
spell_book	3265	SpiritLoather6
spell_book	3266	SpiritLoather7
spell_book	3267	BitBetweenTeeth
spell_book	3268	BitingBonds
spell_book	3269	UnderTheLash
spell_book	3270	PortalSendingHezhitFight1
spell_book	3271	PortalSendingHezhitFight2
spell_book	3272	PortalSendingHezhitFight3
spell_book	3273	PortalSendingHezhitPrison1
spell_book	3274	PortalSendingHezhitPrison2
spell_book	3275	PortalSendingHezhitPrison3
spell_book	3276	PortalSendingHezhitPrison4
spell_book	3277	PortalSendingHezhitPrison5
spell_book	3278	PortalSendingHezhitPrison6
spell_book	3279	PortalSendingHizkRiAntechamber
spell_book	3280	PortalSendingHizkRiCorridor
spell_book	3281	PortalSendingHizkRiGauntlet60
spell_book	3282	PortalSendingHizkRiGauntlet80
spell_book	3283	PortalSendingHizkRiGauntlet100
spell_book	3284	PortalSendingHizkRiHezhit
spell_book	3285	PortalSendingHizkRiJrvik
spell_book	3286	PortalSendingHizkRiWell60
spell_book	3287	PortalSendingHizkRiWell80
spell_book	3288	PortalSendingHizkRiWell100
spell_book	3289	PortalSendingHizkRiZixki
spell_book	3290	PortalSendingJrvikFight1
spell_book	3291	PortalSendingJrvikFight2
spell_book	3292	PortalSendingJrvikFight3
spell_book	3293	PortalSendingJrvikPrison1
spell_book	3294	PortalSendingJrvikPrison2
spell_book	3295	PortalSendingJrvikPrison3
spell_book	3296	PortalSendingJrvikPrison4
spell_book	3297	PortalSendingJrvikPrison5
spell_book	3298	PortalSendingJrvikPrison6
spell_book	3299	PortalSendingZixkFight1
spell_book	3300	PortalSendingZixkFight2
spell_book	3301	PortalSendingZixkFight3
spell_book	3302	PortalSendingZixkPrison1
spell_book	3303	PortalSendingZixkPrison2
spell_book	3304	PortalSendingZixkPrison3
spell_book	3305	PortalSendingZixkPrison4
spell_book	3306	PortalSendingZixkPrison5
spell_book	3307	PortalSendingZixkPrison6
spell_book	3308	FlangeAegis
spell_book	3309	InferiorFlangeAegis
spell_book	3310	InferiorLanceAegis
spell_book	3311	LanceAegis
spell_book	3312	LesserFlangeAegis
spell_book	3313	LesserLanceAegis
spell_book	3314	ChainedToTheWall
spell_book	3315	PortalSendingHizkRiGuruk60
spell_book	3316	PortalSendingHizkRiGuruk80
spell_book	3317	PortalSendingHizkRiGuruk100
spell_book	3318	PortalSendingHizkRiRewards
spell_book	3319	PortalSendingTempleIzjiQo
spell_book	3320	AcidProtectionFellowship4
spell_book	3321	AcidProtectionFellowship5
spell_book	3322	AcidProtectionFellowship6
spell_book	3323	AcidProtectionFellowship7
spell_book	3324	BladeProtectionFellowship4
spell_book	3325	BladeProtectionFellowship5
spell_book	3326	BladeProtectionFellowship6
spell_book	3327	BladeProtectionFellowship7
spell_book	3328	BludgeonProtectionFellowship4
spell_book	3329	BludgeonProtectionFellowship5
spell_book	3330	BludgeonProtectionFellowship6
spell_book	3331	BludgeonProtectionFellowship7
spell_book	3332	ColdProtectionFellowship4
spell_book	3333	ColdProtectionFellowship5
spell_book	3334	ColdProtectionFellowship6
spell_book	3335	ColdProtectionFellowship7
spell_book	3336	FireProtectionFellowship4
spell_book	3337	FireProtectionFellowship5
spell_book	3338	FireProtectionFellowship6
spell_book	3339	FireProtectionFellowship7
spell_book	3340	LightningProtectionFellowship4
spell_book	3341	LightningProtectionFellowship5
spell_book	3342	LightningProtectionFellowship6
spell_book	3343	LightningProtectionFellowship7
spell_book	3344	PierceProtectionFellowship4
spell_book	3345	PierceProtectionFellowship5
spell_book	3346	PierceProtectionFellowship6
spell_book	3347	PierceProtectionFellowship7
spell_book	3348	ImpregnabilityFellowship4
spell_book	3349	ImpregnabilityFellowship5
spell_book	3350	ImpregnabilityFellowship6
spell_book	3351	ImpregnabilityFellowship7
spell_book	3352	InvulnerabilityFellowship4
spell_book	3353	InvulnerabilityFellowship5
spell_book	3354	InvulnerabilityFellowship6
spell_book	3355	InvulnerabilityFellowship7
spell_book	3356	MagicResistanceFellowship4
spell_book	3357	MagicResistanceFellowship5
spell_book	3358	MagicResistanceFellowship6
spell_book	3359	MagicResistanceFellowship7
spell_book	3360	PortalSendingBurunShrine
spell_book	3361	ArtDestruction
spell_book	3362	BlessingHorn
spell_book	3363	BlessingScale
spell_book	3364	BlessingWing
spell_book	3365	GiftEnhancement
spell_book	3366	HeartsTouch
spell_book	3367	LeapingLegs
spell_book	3368	MagesUnderstanding
spell_book	3369	OntheRun
spell_book	3370	PowerEnchantment
spell_book	3371	lifegivergreater
spell_book	3372	DebilitatingSpore
spell_book	3373	DiseasedAir
spell_book	3374	DrainHealthKivikLir
spell_book	3375	FungalBloom
spell_book	3376	LesserVisionBeyondTheGrave
spell_book	3377	MinorVisionBeyondTheGrave
spell_book	3378	VisionBeyondTheGrave
spell_book	3379	VitaeGreaterKivikLir
spell_book	3380	VitaeKivikLir
spell_book	3381	DebilitatingSporeFellowship
spell_book	3382	DiseasedAirFellowship
spell_book	3383	FungalBloomFellowship
spell_book	3384	CreatureEnchantmentMasteryFellow4
spell_book	3385	CreatureEnchantmentMasteryFellow5
spell_book	3386	CreatureEnchantmentMasteryFellow6
spell_book	3387	CreatureEnchantmentMasteryFellow7
spell_book	3388	ItemEnchantmentMasteryFellow4
spell_book	3389	ItemEnchantmentMasteryFellow5
spell_book	3390	ItemEnchantmentMasteryFellow6
spell_book	3391	ItemEnchantmentMasteryFellow7
spell_book	3392	LifeMagicMasteryFellow4
spell_book	3393	LifeMagicMasteryFellow5
spell_book	3394	LifeMagicMasteryFellow6
spell_book	3395	LifeMagicMasteryFellow7
spell_book	3396	ManaConversionMasteryFellow4
spell_book	3397	ManaConversionMasteryFellow5
spell_book	3398	ManaConversionMasteryFellow6
spell_book	3399	ManaConversionMasteryFellow7
spell_book	3400	WarMagicMasteryFellow4
spell_book	3401	WarMagicMasteryFellow5
spell_book	3402	WarMagicMasteryFellow6
spell_book	3403	WarMagicMasteryFellow7
spell_book	3404	EvilThirst
spell_book	3405	GiftoftheFiazhat
spell_book	3406	KivikLirTimerSpell
spell_book	3407	LesserEvilThirst
spell_book	3408	LesserGiftoftheFiazhat
spell_book	3409	MinorEvilThirst
spell_book	3410	MinorGiftoftheFiazhat
spell_book	3411	PortalSendingMorgluukReward
spell_book	3412	PortalSendingKivikLirAntechamber
spell_book	3413	PortalSendingKivikLirArena60
spell_book	3414	PortalSendingKivikLirArena80
spell_book	3415	PortalSendingKivikLirArena100
spell_book	3416	PortalSendingKivikLirBoss60
spell_book	3417	PortalSendingKivikLirBoss80
spell_book	3418	PortalSendingKivikLirBoss100
spell_book	3419	PortalSendingKivikLirExit
spell_book	3420	PortalSendingKivikLirHaven60
spell_book	3421	PortalSendingKivikLirHaven80
spell_book	3422	PortalSendingKivikLirHaven100
spell_book	3423	PortalSendingKivikLirSplittingHalls
spell_book	3424	PortalSendingKivikLirSplittingHallsUpper
spell_book	3425	PortalSendingKivikLirStagingArea
spell_book	3426	GreaterWhithering
spell_book	3427	LesserWhithering
spell_book	3428	Whithering
spell_book	3429	ImperilKivikLir
spell_book	3430	InferiorScourgeAegis
spell_book	3431	LesserScourgeAegis
spell_book	3432	ScourgeAegis
spell_book	3433	Decay
spell_book	3434	EyesBeyondtheMist
spell_book	3435	GreaterMucorBlight
spell_book	3436	LesserEyesBeyondtheMist
spell_book	3437	LesserMucorBlight
spell_book	3438	MinorEyesBeyondtheMist
spell_book	3439	MucorBlight
spell_book	3440	LugianHealth
spell_book	3441	LugianInsight
spell_book	3442	LugianStamina
spell_book	3443	SwampBlight
spell_book	3444	JusticeSleepingOne
spell_book	3445	PurgeSleepingOne
spell_book	3446	SwampWrath
spell_book	3447	ChokingSporeCloud
spell_book	3448	MassBloodAffliction
spell_book	3449	MassBloodDisease
spell_book	3450	MoldSporeCloud
spell_book	3451	ConcussiveBelch
spell_book	3452	ConcussiveWail
spell_book	3453	FeelunBlight
spell_book	3454	FeelunWrath
spell_book	3455	KoruuCloud
spell_book	3456	KoruuWrath
spell_book	3457	ManaBolt
spell_book	3458	ManaPurge
spell_book	3459	MucorCloud
spell_book	3460	MucorWrath
spell_book	3461	BatterFlesh
spell_book	3462	CankerFlesh
spell_book	3463	CharFlesh
spell_book	3464	NumbFlesh
spell_book	3465	BloodAffliction
spell_book	3466	BloodDisease
spell_book	3467	ChokingSpores
spell_book	3468	MoldSpores
spell_book	3469	ParasiticAffliction
spell_book	3470	ManaRenewalFellowship4
spell_book	3471	ManaRenewalFellowship5
spell_book	3472	ManaRenewalFellowship6
spell_book	3473	ManaRenewalFellowship7
spell_book	3474	RegenerationFellowship4
spell_book	3475	RegenerationFellowship5
spell_book	3476	RegenerationFellowship6
spell_book	3477	RegenerationFellowship7
spell_book	3478	RejuvenationFellowship4
spell_book	3479	RejuvenationFellowship5
spell_book	3480	RejuvenationFellowship6
spell_book	3481	RejuvenationFellowship7
spell_book	3482	PortalSendingIzjiQoAntechamber
spell_book	3483	PortalSendingIzjiQoGauntlet60
spell_book	3484	PortalSendingIzjiQoGauntlet80
spell_book	3485	PortalSendingIzjiQoGauntlet100
spell_book	3486	PortalSendingIzjiQoReceivingChamber
spell_book	3487	PortalSendingIzjiQoReceivingChamber1
spell_book	3488	PortalSendingIzjiQoReceivingChamber2
spell_book	3489	PortalSendingIzjiQoReceivingChamber3
spell_book	3490	PortalSendingIzjiQoReceivingChamber4
spell_book	3491	PortalSendingIzjiQoReceivingChamber5
spell_book	3492	PortalSendingIzjiQoReceivingChamber6
spell_book	3493	PortalSendingIzjiQoReceivingChamber7
spell_book	3494	PortalSendingIzjiQoRewards
spell_book	3495	PortalSendingIzjiQoTest60
spell_book	3496	PortalSendingIzjiQoTest80
spell_book	3497	PortalSendingIzjiQoTest100
spell_book	3498	PortalSendingLifestoneOther
spell_book	3499	ArcanumSalvagingSelf1
spell_book	3500	ArcanumSalvagingSelf2
spell_book	3501	ArcanumSalvagingSelf3
spell_book	3502	ArcanumSalvagingSelf4
spell_book	3503	ArcanumSalvagingSelf5
spell_book	3504	ArcanumSalvagingSelf6
spell_book	3505	ArcanumSalvagingSelf7
spell_book	3506	ArcanumSalvagingOther1
spell_book	3507	ArcanumSalvagingOther2
spell_book	3508	ArcanumSalvagingOther3
spell_book	3509	ArcanumSalvagingOther4
spell_book	3510	ArcanumSalvagingOther5
spell_book	3511	ArcanumSalvagingOther6
spell_book	3512	ArcanumSalvagingOther7
spell_book	3513	NuhmudirasWisdom1
spell_book	3514	NuhmudirasWisdom2
spell_book	3515	NuhmudirasWisdom3
spell_book	3516	NuhmudirasWisdom4
spell_book	3517	NuhmudirasWisdom5
spell_book	3518	NuhmudirasWisdom6
spell_book	3519	NuhmudirasWisdom7
spell_book	3520	NuhmudirasWisdomOther1
spell_book	3521	NuhmudirasWisdomOther2
spell_book	3522	NuhmudirasWisdomOther3
spell_book	3523	NuhmudirasWisdomOther4
spell_book	3524	NuhmudirasWisdomOther5
spell_book	3525	NuhmudirasWisdomOther6
spell_book	3526	NuhmudirasWisdomOther7
spell_book	3527	Intoxication1
spell_book	3528	Intoxication2
spell_book	3529	Intoxication3
spell_book	3530	KetnansBoon
spell_book	3531	BobosBlessingCoord
spell_book	3532	BobosBlessingFocus
spell_book	3533	BrighteyesFavor
spell_book	3534	PortalSendingKnathLair
spell_book	3535	PortalSendSanamar
spell_book	3536	PortalSendingNumberPuzzleENTER
spell_book	3537	PortalSendingNumberPuzzleEXIT
spell_book	3538	PortalSendingRainbowPuzzleENTER
spell_book	3539	PortalSendingRainbowPuzzleEXIT
spell_book	3540	PortalSendingShellGameENTER
spell_book	3541	PortalSendingShellGameEXIT
spell_book	3542	PortalSendingThreeBagsPuzzleENTER
spell_book	3543	PortalSendingThreeBagsPuzzleEXIT
spell_book	3544	PortalSendingBloodPuzzleENTER
spell_book	3545	PortalSendingBloodPuzzleEXIT
spell_book	3546	PortalSendingMemoryGameENTER
spell_book	3547	PortalSendingMemoryGameEXIT
spell_book	3548	PortalSendingMemRoomA
spell_book	3549	PortalSendingMemRoomB
spell_book	3550	PortalSendingMemRoomC
spell_book	3551	PortalSendingMemRoomD
spell_book	3552	PortalSendingMemRoomE
spell_book	3553	PortalSendingMemRoomF
spell_book	3554	PortalSendingMemRoomG
spell_book	3555	PortalSendingMemRoomH
spell_book	3556	PortalSendingNumRoomA
spell_book	3557	PortalSendingNumRoomB
spell_book	3558	PortalSendingNumRoomC
spell_book	3559	PortalSendingNumRoomD
spell_book	3560	PortalSendingNumRoomE
spell_book	3561	PortalSendingNumRoomF
spell_book	3562	PortalSendingNumRoomG
spell_book	3563	PortalSendingNumRoomH
spell_book	3564	PortalSendingNumRoomI
spell_book	3565	PortalSendingNumRoomJ
spell_book	3566	PortalSendingMemoryGameFinish
spell_book	3567	CantripFiunFlee
spell_book	3568	CantripFiunEfficiency
spell_book	3569	ManaUp10Percent
spell_book	3570	StaminaUp10Percent
spell_book	3571	HealthUp10Percent
spell_book	3572	InnerBrilliance
spell_book	3573	InnerMight
spell_book	3574	InnerWill
spell_book	3575	PerfectBalance
spell_book	3576	PerfectHealth
spell_book	3577	PerfectSpeed
spell_book	3578	PortalSendingBrooduAntechamber
spell_book	3579	PortalSendingBrooduGauntlet
spell_book	3580	PortalSendingBrooduLair
spell_book	3581	PortalSendingBrooduPuzzle
spell_book	3582	PortalSendingEatenBroodu
spell_book	3583	PortalSendingRegurgitatedBroodu
spell_book	3584	PortalSendingBrowerkLair
spell_book	3585	PortalSendingEatenBrowerk
spell_book	3586	PortalSendingQinXikitAntechamber
spell_book	3587	PortalSendingQinXikitGauntlet
spell_book	3588	PortalSendingQinXikitPuzzle
spell_book	3589	PortalSendingQinXikitReward
spell_book	3590	PortalSendingRegurgitatedBrowerk
spell_book	3591	PortalSendingXiRuFont
spell_book	3592	SummonPortalQinXikitIsland
spell_book	3593	PortalSendingEatenKeerik
spell_book	3594	PortalSendingKeerikAntechamber
spell_book	3595	PortalSendingKeerikGauntlet
spell_book	3596	PortalSendingKeerikLair
spell_book	3597	PortalSendingKeerikPuzzle
spell_book	3598	PortalSendingRegurgitatedKeerik
spell_book	3599	PortalSendingEatenKiree
spell_book	3600	PortalSendingKireeAntechamber
spell_book	3601	PortalSendingKireeGauntlet
spell_book	3602	PortalSendingKireeLair
spell_book	3603	PortalSendingKireePuzzle
spell_book	3604	PortalSendingRegurgitatedKiree
spell_book	3605	PortalSendingCragstone
spell_book	3606	PortalSendingEatenReeshan
spell_book	3607	PortalSendingReeshanAntechamber
spell_book	3608	PortalSendingReeshanGauntlet
spell_book	3609	PortalSendingReeshanLair
spell_book	3610	PortalSendingReeshanPuzzle
spell_book	3611	PortalSendingRegurgitatedReeshan
spell_book	3612	PortalSendingEatenRehir
spell_book	3613	PortalSendingRegurgitatedRehir
spell_book	3614	PortalSendingRehirGauntlet
spell_book	3615	PortalSendingRehirLair
spell_book	3616	PortalSendingRehirPuzzle
spell_book	3617	PortalSendingRehirAntechamber
spell_book	3618	PortalSendingAphusLasselWest
spell_book	3619	PortalSendingBlackDeath
spell_book	3620	PortalSendingBSDAlu
spell_book	3621	PortalSendingBSDGha
spell_book	3622	PortalSendingBSDSho
spell_book	3623	PortalSendingCenterObsidianPlains
spell_book	3624	PortalSendingHillsCitadel
spell_book	3625	PortalSendingKaraWetlands
spell_book	3626	PortalSendingMarescentBase
spell_book	3627	PortalSendingNeydisa
spell_book	3628	PortalSendingNorthernLandbridge
spell_book	3629	PortalSendingOlthoiHordeNest
spell_book	3630	PortalSendingOlthoiNorth
spell_book	3631	PortalSendingRenegadeFortress
spell_book	3632	PortalSendingRidgeCitadel
spell_book	3633	PortalSendingSouthernLandbridge
spell_book	3634	PortalSendingValleyofDeath
spell_book	3635	PortalSendingWildernessCitadel
spell_book	3636	AxemansBoon
spell_book	3637	BowmansBoon
spell_book	3638	ChuckersBoon
spell_book	3639	CrossbowmansBoon
spell_book	3640	EnchantersBoon
spell_book	3641	HieromancersBoon
spell_book	3642	KnifersBoon
spell_book	3643	LifeGiversBoon
spell_book	3644	MacersBoon
spell_book	3645	PugilistsBoon
spell_book	3646	SpearmansBoon
spell_book	3647	StafferBoon
spell_book	3648	SwordsmansBoon
spell_book	3649	AerfallesEmbrace
spell_book	3650	AerfallesEnforcement
spell_book	3651	AerfallesGaze
spell_book	3652	AerfallesTouch
spell_book	3653	AcidBlast2
spell_book	3654	AcidVolley1
spell_book	3655	AcidVolley2
spell_book	3656	BladeBlast1
spell_book	3657	BladeBlast2
spell_book	3658	BladeVolley1
spell_book	3659	BladeVolley2
spell_book	3660	BludgeoningVolley1
spell_book	3661	BludgeoningVolley2
spell_book	3662	FlameBlast2
spell_book	3663	FlameVolley1
spell_book	3664	FlameVolley2
spell_book	3665	ForceBlast1
spell_book	3666	ForceBlast2
spell_book	3667	ForceVolley1
spell_book	3668	ForceVolley2
spell_book	3669	FrostBlast1
spell_book	3670	FrostBlast2
spell_book	3671	FrostVolley1
spell_book	3672	FrostVolley2
spell_book	3673	LightningBlast1
spell_book	3674	LightningBlast2
spell_book	3675	LightningVolley1
spell_book	3676	LightningVolley2
spell_book	3677	ShockBlast1
spell_book	3678	ShockBlast2
spell_book	3679	AcidBaneRare
spell_book	3680	AcidProtectionRare
spell_book	3681	AlchemyMasteryRare
spell_book	3682	ArcaneEnlightenmentRare
spell_book	3683	ArmorExpertiseRare
spell_book	3684	ArmorRare
spell_book	3685	AxeMasteryRare
spell_book	3686	BladeBaneRare
spell_book	3687	BladeProtectionRare
spell_book	3688	BloodDrinkerRare
spell_book	3689	BludgeonBaneRare
spell_book	3690	BludgeonProtectionRare
spell_book	3691	BowMasteryRare
spell_book	3692	ColdProtectionRare
spell_book	3693	CookingMasteryRare
spell_book	3694	CoordinationRare
spell_book	3695	CreatureEnchantmentMasteryRare
spell_book	3696	CrossbowMasteryRare
spell_book	3697	DaggerMasteryRare
spell_book	3698	DeceptionMasteryRare
spell_book	3699	DefenderRare
spell_book	3700	EnduranceRare
spell_book	3701	FealtyRare
spell_book	3702	FireProtectionRare
spell_book	3703	FlameBaneRare
spell_book	3704	FletchingMasteryRare
spell_book	3705	FocusRare
spell_book	3706	FrostBaneRare
spell_book	3707	HealingMasteryRare
spell_book	3708	HeartSeekerRare
spell_book	3709	HermeticLinkRare
spell_book	3710	ImpenetrabilityRare
spell_book	3711	ImpregnabilityRare
spell_book	3712	InvulnerabilityRare
spell_book	3713	ItemEnchantmentMasteryRare
spell_book	3714	ItemExpertiseRare
spell_book	3715	JumpMasteryRare
spell_book	3716	LeadershipMasteryRare
spell_book	3717	LifeMagicMasteryRare
spell_book	3718	LightningBaneRare
spell_book	3719	LightningProtectionRare
spell_book	3720	LockpickMasteryRare
spell_book	3721	MaceMasteryRare
spell_book	3722	MagicItemExpertiseRare
spell_book	3723	MagicResistanceRare
spell_book	3724	ManaConvertMasteryRare
spell_book	3725	ManaRenewalRare
spell_book	3726	MonsterAttunementRare
spell_book	3727	PersonAttunementRare
spell_book	3728	PiercingBaneRare
spell_book	3729	PiercingProtectionRare
spell_book	3730	QuicknessRare
spell_book	3731	RegenerationRare
spell_book	3732	RejuvenationRare
spell_book	3733	SelfRare
spell_book	3734	SpearMasteryRare
spell_book	3735	SpiritDrinkerRare
spell_book	3736	SprintRare
spell_book	3737	StaffMasteryRare
spell_book	3738	StrengthRare
spell_book	3739	SwiftKillerRare
spell_book	3740	SwordMasteryRare
spell_book	3741	ThrownWeaponMasteryRare
spell_book	3742	UnarmedCombatMasteryRare
spell_book	3743	WarMagicMasteryRare
spell_book	3744	WeaponExpertiseRare
spell_book	3745	InferiorInfernoAegis
spell_book	3746	InfernoAegis
spell_book	3747	LesserInfernoAegis
spell_book	3748	SalvagingMasteryForge2
spell_book	3749	AlchemyMasteryForge1
spell_book	3750	AlchemyMasteryForge2
spell_book	3751	CookingMasteryForge1
spell_book	3752	CookingMasteryForge2
spell_book	3753	FletchingMasteryForge1
spell_book	3754	FletchingMasteryForge2
spell_book	3755	LockpickMasteryForge1
spell_book	3756	LockpickMasteryForge2
spell_book	3757	SalvagingMasteryForge1
spell_book	3758	CantripInkyArmor1
spell_book	3759	MinorManaGiver
spell_book	3760	SecondaryAttribsUp10Percent
spell_book	3761	CantripFiunResistance
spell_book	3762	PortalSendingDefiledTemple
spell_book	3763	PortalSendingAludi
spell_book	3764	SummonPortalBanderlingShrine
spell_book	3765	PortalSendingPvPHate20Entry4
spell_book	3766	PortalSendingPvPHate20Entry5
spell_book	3767	PortalSendingPvPHate20Entry6
spell_book	3768	PortalSendingPvPHate20Punishment
spell_book	3769	PortalSendingPvPHate40Entry1
spell_book	3770	PortalSendingPvPHate40Entry2
spell_book	3771	PortalSendingPvPHate40Entry3
spell_book	3772	PortalSendingPvPHate40Entry4
spell_book	3773	PortalSendingPvPHate40Entry5
spell_book	3774	PortalSendingPvPHate40Entry6
spell_book	3775	PortalSendingPvPHate40Punishment
spell_book	3776	PortalSendingPvPHate60Entry1
spell_book	3777	PortalSendingPvPHate60Entry2
spell_book	3778	PortalSendingPvPHate60Entry3
spell_book	3779	PortalSendingPvPHate60Entry4
spell_book	3780	PortalSendingPvPHate60Entry5
spell_book	3781	PortalSendingPvPHate60Entry6
spell_book	3782	PortalSendingPvPHate60Punishment
spell_book	3783	PortalSendingPvPHate80AccursedEntry1
spell_book	3784	PortalSendingPvPHate80AccursedEntry2
spell_book	3785	PortalSendingPvPHate80AccursedEntry3
spell_book	3786	PortalSendingPvPHate80AccursedEntry4
spell_book	3787	PortalSendingPvPHate80AccursedEntry5
spell_book	3788	PortalSendingPvPHate80AccursedEntry6
spell_book	3789	PortalSendingPvPHate80Punishment
spell_book	3790	PortalSendingPvPHate80UnholyEntry1
spell_book	3791	PortalSendingPvPHate80UnholyEntry2
spell_book	3792	PortalSendingPvPHate80UnholyEntry3
spell_book	3793	PortalSendingPvPHate80UnholyEntry4
spell_book	3794	PortalSendingPvPHate80UnholyEntry5
spell_book	3795	PortalSendingPvPHate80UnholyEntry6
spell_book	3796	PortalSendingPvPHate20Entry1
spell_book	3797	PortalSendingPvPHate20Entry2
spell_book	3798	PortalSendingPvPHate20Entry3
spell_book	3799	BlackMarrowBliss
spell_book	3800	BurningSpiritReliquary
spell_book	3801	CantripShadowTouch
spell_book	3802	CantripShadowReek
spell_book	3803	CantripShadowShot
spell_book	3804	CantripShadowCross
spell_book	3805	AcidRingInfiltration
spell_book	3806	FlameRingInfiltration
spell_book	3807	ForceRingInfiltration
spell_book	3808	LightningRingInfiltration
spell_book	3809	CantripSalvagingMinor
spell_book	3810	AsheronsBenediction
spell_book	3811	BlackmoorsFavor
spell_book	3812	PortalSendingRuschkTrials
spell_book	3813	PortalSendShoushi
spell_book	3814	PortalSendYaraq
spell_book	3815	PortalSendHoltburg
spell_book	3816	EyeShot
spell_book	3817	HuntersWard
spell_book	3818	CurseRavenFury
spell_book	3819	ConscriptsMight
spell_book	3820	ConscriptsWard
spell_book	3821	AugursWill
spell_book	3822	AugursGlare
spell_book	3823	AugursWard
spell_book	3824	MarksmansKen
spell_book	3825	ArbalestersIntuition
spell_book	3826	PortalSendingNightmareSepulcher
spell_book	3827	ImpenetrabilityLunnumsPyre
spell_book	3828	CantripRageofGrael
spell_book	3829	MonsterPlantSundew
spell_book	3830	MonsterPlantFlyTrap
spell_book	3831	MonsterPlantPitcherPlant
spell_book	3832	CantripMastersVoice
spell_book	3833	CantripSalvaging1
spell_book	3834	CantripSalvaging2
spell_book	3835	HarmOtherLeviathan
spell_book	3836	FrostBoltLeviathan
spell_book	3837	PortalSendDeepWater
spell_book	3838	PortalSendDeepAbandoned
spell_book	3839	PortalSendDeepBrilliant
spell_book	3840	PortalSendDeepDazzling
spell_book	3841	PortalSendDeepDevastated
spell_book	3842	PortalSendDeepEndGame
spell_book	3843	PortalSendDeepFire
spell_book	3844	PortalSendDeepGatekeeper
spell_book	3845	PortalSendDeepRadiant
spell_book	3846	PortalSendDeepRuined
spell_book	3847	PortalSendXikMinruCataracts
spell_book	3848	CombatMedication
spell_book	3849	NightRunner
spell_book	3850	Selflessness
spell_book	3851	CorruptedEssence
spell_book	3852	RavenousArmor
spell_book	3853	ArdentDefense
spell_book	3854	TrueLoyalty
spell_book	3855	FlightofBats
spell_book	3856	UlgrimsSending
spell_book	3857	PumpkinRain
spell_book	3858	PumpkinRing
spell_book	3859	PumpkinWall
spell_book	3860	SweetSpeed
spell_book	3861	CantripTasteForBlood
spell_book	3862	DukeRaoulPride
spell_book	3863	HunterHardiness
spell_book	3864	ZongoFist
spell_book	3865	GlendenWoodRecall
spell_book	3866	GlacialSpeed
spell_book	3867	CantripFrostWardShadowsEmbrace
spell_book	3868	PortalSendingDardanteKeep
spell_book	3869	CantripSaltAshAttackMod
spell_book	3870	DispelCreatureAll
spell_book	3871	DispelItemAll
spell_book	3872	DispelLifeAll
spell_book	3873	DispelLifeGoodFellow
spell_book	3874	HarmFellowEssence
spell_book	3875	AcidVulnerabilityFellowEssence
spell_book	3876	BladeVulnerabilityFellowEssence
spell_book	3877	AcidBoltEssence
spell_book	3878	FlameBoltEssence
spell_book	3879	FrostBoltEssence
spell_book	3880	LightningBoltEssence
spell_book	3881	AcidRingEssence
spell_book	3882	FlameRingEssence
spell_book	3883	FlameRingWallEssence
spell_book	3884	FrostRingEssence
spell_book	3885	LightningRingEssence
spell_book	3886	MagicYieldEssence
spell_book	3887	PortalSendHatchHideout
spell_book	3888	PortalSendRareChambers
spell_book	3889	PortalSendingRuschkBurialMound
spell_book	3890	WillPeople
spell_book	3891	HonorBull
spell_book	3892	SummonFlameSeekers
spell_book	3893	SummonHotspot
spell_book	3894	DarkPersistance
spell_book	3895	DarkReflexes
spell_book	3896	DarkEquilibrium
spell_book	3897	DarkPurpose
spell_book	3898	RecallSonPooky1
spell_book	3899	RecallSonPooky2
spell_book	3900	RecallSonPooky3
spell_book	3901	EggBomb
spell_book	3902	RabbitRing
spell_book	3903	WhirlwindRing
spell_book	3904	ElementalFuryEssenceAcid
spell_book	3905	ElementalFuryEssenceFlame
spell_book	3906	ElementalFuryEssenceFrost
spell_book	3907	ElementalFuryEssenceLightning
spell_book	3908	ManaBoltEssence
spell_book	3909	ManaDepletionEssence
spell_book	3910	BrainFreeze
spell_book	3911	RingHarmOther
spell_book	3912	PortalSendingBlackSpearTempleLower
spell_book	3913	ArmorSelfAegisGoldenFlame
spell_book	3914	DarkVortex
spell_book	3915	BlackMadness
spell_book	3916	ImperilEssence
spell_book	3917	ColdVulnerabilityFellowEssence
spell_book	3918	FireVulnerabilityFellowEssence
spell_book	3919	LightningVulnerabilityFellowEssence
spell_book	3920	PortalSendHarbingerAerbax
spell_book	3921	PortalSendHarbingerExtreme
spell_book	3922	PortalSendHarbingerNuhmudira
spell_book	3923	PortalSendHarbingerTunnelsAerbax
spell_book	3924	PortalSendHarbingerTunnelsNuhmudira
spell_book	3925	PortalSendHarbingerUber
spell_book	3926	HarbingersFieryTouch
spell_book	3927	ChargeFlesh
spell_book	3928	MeleeYieldEssence
spell_book	3929	RecallRossuMorta
spell_book	3930	RecallWhisperingBlade
spell_book	3931	GraelRing
spell_book	3932	GraelSmite
spell_book	3933	GraelBlackSpearBolt
spell_book	3934	AcidRingWall
spell_book	3935	BladeRingWall
spell_book	3936	FlameRingWall
spell_book	3937	ForceRingWall
spell_book	3938	FrostRingWall
spell_book	3939	GraelLightningRing
spell_book	3940	GraelRingHarm
spell_book	3941	LightningRingWall
spell_book	3942	ShockwaveRingWall
spell_book	3943	BurningEarth
spell_book	3944	GraelBlackSpearRain
spell_book	3945	GraelLightningRain
spell_book	3946	AcidWave
spell_book	3947	BladeWave
spell_book	3948	FlameWave
spell_book	3949	ForceWave
spell_book	3950	FrostWave
spell_book	3951	LightningWave
spell_book	3952	ShockwaveWave
spell_book	3953	CarraidasBenediction
spell_book	3954	PortalSendingAsheronTower
spell_book	3955	BludgeonWard
spell_book	3956	PiercingWard
spell_book	3957	SlashingWard
spell_book	3958	PortalSendingAsheronTowerExit
spell_book	3959	RedirectMotives
spell_book	3960	Authority
spell_book	3961	DefenseJust
spell_book	3962	BoundToLaw
spell_book	3963	CANTRIPCOORDINATION3
spell_book	3964	CANTRIPFOCUS3
spell_book	3965	CANTRIPSTRENGTH3
spell_book	3966	PortalSendingBanditRingleader
spell_book	3967	PortalSendingBanditTrap
spell_book	3968	PortalSendingSawatoExtortion
spell_book	3969	AcidBomb
spell_book	3970	BladeBomb
spell_book	3971	FlameBomb
spell_book	3972	ForceBomb
spell_book	3973	FrostBomb
spell_book	3974	LightningBomb
spell_book	3975	ShockwaveBomb
spell_book	3976	ArmorOtherIncantation
spell_book	3977	CoordinationOtherIncantation
spell_book	3978	FocusOtherIncantation
spell_book	3979	StrengthOtherIncantation
spell_book	3980	ImpenetrabilityIncantation
spell_book	3981	ManarenewalOtherIncantation
spell_book	3982	RegenerationOtherIncantation
spell_book	3983	RejuvenationOtherIncantation
spell_book	3984	MukkirFerocity
spell_book	3985	MukkirSense
spell_book	3986	GraelRockFall
spell_book	3987	GraelRuschkBlackSpearBolt
spell_book	3988	GraelShadowBlackSpearBolt
spell_book	3989	LightningBoltRed
spell_book	3990	GraelRuschkFrostRing
spell_book	3991	DardanteLightningRingGravity
spell_book	3992	GraelShadowAcidRing
spell_book	3993	GraelShadowBladeRing
spell_book	3994	GraelShadowFlameRing
spell_book	3995	GraelShadowForceRing
spell_book	3996	GraelShadowFrostRing
spell_book	3997	GraelShadowLightningRing
spell_book	3998	GraelShadowRing
spell_book	3999	GraelShadowRingHarm
spell_book	4000	GraelShadowShockwaveRing
spell_book	4001	BurningEarthGreater
spell_book	4002	BurningEarthLesser
spell_book	4003	GraelMukkirBlackSpearWall
spell_book	4004	GraelRuschkBlackSpearWall
spell_book	4005	GraelShadowacidwave
spell_book	4006	GraelShadowbladewave
spell_book	4007	GraelShadowflamewave
spell_book	4008	GraelShadowforcewave
spell_book	4009	GraelShadowfrostwave
spell_book	4010	GraelShadowlightningwave
spell_book	4011	GraelShadowshockwavewave
spell_book	4012	PortalSendingWhiteTotemTemple
spell_book	4013	PortalSendingBlackTotemTemple
spell_book	4014	PortalSendingAbyssalTotemTemple
spell_book	4015	RuschkSkin
spell_book	4016	ShadowsHeart
spell_book	4017	SkillThrownWeaponPhialsAccuracy
spell_book	4018	Permafrost
spell_book	4019	CANTRIPQUICKNESS3
spell_book	4020	CANTRIPDECEPTIONPROWESS3
spell_book	4021	FlurryOfStars
spell_book	4022	ZombiesPersistence
spell_book	4023	PortalSendingDiscoInferno
spell_book	4024	AsheronsLesserBenediction
spell_book	4025	CastIronStomach
spell_book	4026	HematicVerdure
spell_book	4027	MessengersStride
spell_book	4028	Snowball
spell_book	4029	PortalSendingColosseum
spell_book	4030	PortalSendingColosseumA1
spell_book	4031	PortalSendingColosseumA6
spell_book	4032	PortalSendingColosseumB1
spell_book	4033	PortalSendingColosseumB6
spell_book	4034	PortalSendingColosseumC1
spell_book	4035	PortalSendingColosseumC6
spell_book	4036	PortalSendingColosseumD1
spell_book	4037	PortalSendingColosseumD6
spell_book	4038	PortalSendingColosseumE1
spell_book	4039	PortalSendingColosseumE6
spell_book	4040	HealMaster
spell_book	4041	PortalSendingBurLowLevel
spell_book	4042	PortalSendingBurHighLevel
spell_book	4043	KukuurHide
spell_book	4044	AcidBall
spell_book	4045	FlameBall
spell_book	4046	LightningBall
spell_book	4047	EpicAlchemyPetBuff
spell_book	4048	EpicCookingPetBuff
spell_book	4049	EpicFletchingPetBuff
spell_book	4050	EpicLockpickPetBuff
spell_book	4051	MajorAlchemyPetBuff
spell_book	4052	MajorCookingPetBuff
spell_book	4053	MajorFletchingPetBuff
spell_book	4054	MajorLockpickPetBuff
spell_book	4055	ModerateAlchemyPetBuff
spell_book	4056	ModerateCookingPetBuff
spell_book	4057	ModerateFletchingPetBuff
spell_book	4058	ModerateLockpickPetBuff
spell_book	4059	EnduranceOtherIncantation
spell_book	4060	QuicknessOtherIncantation
spell_book	4061	WillpowerOtherIncantation
spell_book	4062	ImpenetrabilityEmpyreanAegis
spell_book	4063	BurUpperCatacombExitPortalSending
spell_book	4064	BurUpperCatacombPortalSending
spell_book	4065	BurunLiberationPortalSending
spell_book	4066	InstabilityBurPortalSending
spell_book	4067	MucorBolt
spell_book	4068	MucorManaWell
spell_book	4069	MucorJolt
spell_book	4070	EmpyreanManaAbsorbtion
spell_book	4071	EmpyreanStaminaAbsorbtion
spell_book	4072	AurlanaasResolve
spell_book	4073	CantripRegenEmpyrean
spell_book	4074	CantripRejuvEmpyrean
spell_book	4075	CantripRenewEmpyrean
spell_book	4076	EmpyreanEnlightenment
spell_book	4077	ManaConvertMasteryIncantation
spell_book	4078	EggBolt
spell_book	4079	THOPPortalSendingDishwashing
spell_book	4080	THOPPortalSendingKitchen
spell_book	4081	LightningRingLarge
spell_book	4082	BigFire
spell_book	4083	PortalSendingKresovusWarren
spell_book	4084	RecallBur
spell_book	4085	PortalSendingProdigalBanderling
spell_book	4086	CantripArmorIceShield
spell_book	4087	ImperilOther7Proc
spell_book	4088	FesterOtherAssassin
spell_book	4089	DeceptionAssassinsGift
spell_book	4090	DrudgeArmor
spell_book	4091	DrudgeSpearBolt
spell_book	4092	FlameGrenade
spell_book	4093	DontBiteMe
spell_book	4094	DontBurnMe
spell_book	4095	DontStabMe
spell_book	4096	FlameChain
spell_book	4097	VirindiLightningRain
spell_book	4098	PortalSendingProdigalDrudgeTreasureRoom
spell_book	4099	StrengthDiemos
spell_book	4100	ChampionHealMaster
spell_book	4101	ChampionSkullduggery
spell_book	4102	ChampionCleverRuse
spell_book	4103	PortalSendingTanadaBlackWater
spell_book	4104	PortalSendingColosseumBoss10x
spell_book	4105	PortalSendingColosseumBoss200
spell_book	4106	PortalSendingProdigalOlthoiLowerDungeon
spell_book	4107	MarrowBlight
spell_book	4108	Apathy
spell_book	4109	MarrowBlightGreater
spell_book	4110	PoisonedBarb
spell_book	4111	TuskerHideLesser
spell_book	4112	SpiritNullification
spell_book	4113	FoulRing
spell_book	4114	HypnoticSuggestion
spell_book	4115	MesmerizingGaze
spell_book	4116	Trance
spell_book	4117	DarkShieldAcid
spell_book	4118	DarkShieldElectric
spell_book	4119	DarkShieldFlame
spell_book	4120	DarkShieldIce
spell_book	4121	DarkShieldBludgeon
spell_book	4122	DarkShieldPierce
spell_book	4123	DarkShieldSlash
spell_book	4124	WallDarkNanners
spell_book	4125	WallArcDarkNanners
spell_book	4126	RainDarkNanners
spell_book	4127	OolutangaPortalExile
spell_book	4128	GraveyardRecall
spell_book	4129	PortalSendingProdigalShadowLair
spell_book	4130	PortalSendingProdigalShadowSanctum
spell_book	4131	AxeMasterySpectral
spell_book	4132	BloodDrinkerSpectral
spell_book	4133	BowMasterySpectral
spell_book	4134	CrossbowMasterySpectral
spell_book	4135	DaggerMasterySpectral
spell_book	4136	MaceMasterySpectral
spell_book	4137	SpearMasterySpectral
spell_book	4138	StaffMasterySpectral
spell_book	4139	SwordMasterySpectral
spell_book	4140	ThrownWeaponMasterySpectral
spell_book	4141	UnarmedCombatMasterySpectral
spell_book	4142	WarMagicMasterySpectral
spell_book	4143	PortalSendingVisionQuestBranch4Stage4
spell_book	4144	PortalSendingVisionQuestBranch5Stage4
spell_book	4145	PortalSendingVisionQuestBranch1Stage6
spell_book	4146	PortalSendingVisionQuestBranch2Stage6
spell_book	4147	PortalSendingVisionQuestBranch3Stage6
spell_book	4148	PortalSendingVisionQuestBranch4Stage6
spell_book	4149	PortalSendingVisionQuestBranch5Stage6
spell_book	4150	PortalSendingVisionQuestTent
spell_book	4151	PortalSendingVisionQuestBranch1Stage1
spell_book	4152	PortalSendingVisionQuestBranch2Stage1
spell_book	4153	PortalSendingVisionQuestBranch3Stage1
spell_book	4154	PortalSendingVisionQuestBranch4Stage1
spell_book	4155	PortalSendingVisionQuestBranch5Stage1
spell_book	4156	PortalSendingVisionQuestBranch1Stage2
spell_book	4157	PortalSendingVisionQuestBranch2Stage2
spell_book	4158	PortalSendingVisionQuestBranch3Stage2
spell_book	4159	PortalSendingVisionQuestBranch4Stage2
spell_book	4160	PortalSendingVisionQuestBranch5Stage2
spell_book	4161	PortalSendingVisionQuestBranch1Stage3
spell_book	4162	PortalSendingVisionQuestBranch2Stage3
spell_book	4163	PortalSendingVisionQuestBranch3Stage3
spell_book	4164	PortalSendingVisionQuestBranch4Stage3
spell_book	4165	PortalSendingVisionQuestBranch5Stage3
spell_book	4166	PortalSendingVisionQuestBranch1Stage4
spell_book	4167	PortalSendingVisionQuestBranch2Stage4
spell_book	4168	PortalSendingVisionQuestBranch3Stage4
spell_book	4169	ArmorProdigalHarbinger
spell_book	4170	HarbingerCantripCoordination3
spell_book	4171	HarbingerCantripEndurance3
spell_book	4172	HarbingerCantripFocus3
spell_book	4173	HarbingerCantripQuickness3
spell_book	4174	HarbingerCantripStrength3
spell_book	4175	HarbingerCantripWillpower3
spell_book	4176	PortalSendProdigalHarbinger
spell_book	4177	PortalSendProdigalHarbingerPrepAcid
spell_book	4178	PortalSendProdigalHarbingerPrepCold
spell_book	4179	PortalSendProdigalHarbingerPrepFire
spell_book	4180	PortalSendProdigalHarbingerPrepLightning
spell_book	4181	AcidBoltEssenceDeath
spell_book	4182	BallLightning
spell_book	4183	CorrosiveVeil
spell_book	4184	FlameBoltEssenceDeath
spell_book	4185	FrostBoltEssenceDeath
spell_book	4186	HoarFrost
spell_book	4187	LightningBoltEssenceDeath
spell_book	4188	ShadowedFlame
spell_book	4189	HarbingerProtectionAcid
spell_book	4190	HarbingerProtectionCold
spell_book	4191	HarbingerProtectionFire
spell_book	4192	HarbingerProtectionLightning
spell_book	4193	HarbingerMagicDefense
spell_book	4194	HarbingerMagicYield
spell_book	4195	HarbingerMeleeDefense
spell_book	4196	HarbingerMissileDefense
spell_book	4197	HarbingerVulnerability
spell_book	4198	InfestedAreaRecall
spell_book	4199	FrozenArmor
spell_book	4200	PortalZombieKeep
spell_book	4201	ColdVulnerabilityNumbing
spell_book	4202	FlameStreak7Untargeted
spell_book	4203	PortalSendDarkCrypt1
spell_book	4204	PortalSendDarkCrypt2
spell_book	4205	PortalSendDarkCrypt3
spell_book	4206	ChewyCenter
spell_book	4207	PortalSendingColosseumBossGolemPumpkin
spell_book	4208	SpectralFlame
spell_book	4209	GummyShield
spell_book	4210	JumpSpin
spell_book	4211	LicoriceLeap
spell_book	4212	StickyMelee
spell_book	4213	RecallColosseum
spell_book	4214	CandethKeepRecall
spell_book	4215	ShadowArmor
spell_book	4216	FrostWaveOrisis
spell_book	4217	GourdGuard
spell_book	4218	PortalSendKnockback
spell_book	4219	PortalSendTrialoftheArm
spell_book	4220	PortalSendTrialoftheHeart
spell_book	4221	LifeMagicMasterySpectral
spell_book	4222	PortalSendProdigalLugian
spell_book	4223	PortalSendTrialFinalFight
spell_book	4224	PortalSendTrialoftheMind
spell_book	4225	PortalSendTrialPreperations
spell_book	4226	CANTRIPENDURANCE3
spell_book	4227	CANTRIPWILLPOWER3
spell_book	4228	PortalSendAwakening
spell_book	4229	PortalSendingApparitionBDC
spell_book	4230	PortalSendBaelzharonDream
spell_book	4231	LeadershipMasteryOtherIncantation
spell_book	4232	CANTRIPLEADERSHIP3
spell_book	4233	PortalRecallAerbaxPlatformCenter
spell_book	4234	PortalRecallAerbaxPlatformEast
spell_book	4235	PortalRecallAerbaxPlatformNorth
spell_book	4236	PortalRecallAerbaxPlatformSouth
spell_book	4237	PortalRecallAerbaxPlatformWest
spell_book	4238	PortalSendAerbaxExpel
spell_book	4239	AerbaxRingHarm
spell_book	4240	AerbaxMagicShield
spell_book	4241	AerbaxMagicShieldNull
spell_book	4242	AerbaxMeleeShield
spell_book	4243	AerbaxMeleeShieldNull
spell_book	4244	AerbaxMissileShield
spell_book	4245	AerbaxMissileShieldNull
spell_book	4246	MeteorStrike
spell_book	4247	PortalSendingTanadaBattleBurrows
spell_book	4248	PortalSendingShroudCabalNorth80
spell_book	4249	PortalSendingShroudCabalSouth40
spell_book	4250	PortalSendAerbaxPlatform
spell_book	4251	PortalSendJester
spell_book	4252	PortalSendJesterCell
spell_book	4253	PortalSendJesterCellRepeat
spell_book	4254	PortalSendJesterHallwayTrap
spell_book	4255	PortalSendJesterPrison
spell_book	4256	RecallJester1
spell_book	4257	RecallJester2
spell_book	4258	RecallJester3
spell_book	4259	RecallJester4
spell_book	4260	RecallJester5
spell_book	4261	RecallJester6
spell_book	4262	RecallJester7
spell_book	4263	RecallJester8
spell_book	4264	ArcaneDeath
spell_book	4265	ArcanePyramid
spell_book	4266	JesterBloodBolt
spell_book	4267	JesterCowArc
spell_book	4268	JesterFireworksBolt
spell_book	4269	JesterPresentArc
spell_book	4270	JesterTableArc
spell_book	4271	AcidWallJester
spell_book	4272	BladeWallJester
spell_book	4273	CoinWallJester
spell_book	4274	FlameWallJester
spell_book	4275	LightningWallJester
spell_book	4276	JesterMalevolentEye
spell_book	4277	PortalSendJesterPrison2
spell_book	4278	PortalSendingRytheranLibrary
spell_book	4279	UNKNOWN__GUESSEDNAME4279
spell_book	4280	CoordinationJesterDeck
spell_book	4281	FocusJesterDeck
spell_book	4282	ArcaneDeathLeft
spell_book	4283	ArcaneDeathRight
spell_book	4284	AerbaxHarmSelfEast
spell_book	4285	AerbaxHarmSelfFinalFight
spell_book	4286	AerbaxHarmSelfNorth
spell_book	4287	AerbaxHarmSelfSouth
spell_book	4288	AerbaxHarmSelfWest
spell_book	4289	MessagesBurPortalSending
spell_book	4290	ArmorOther8
spell_book	4291	ArmorSelf8
spell_book	4292	BafflementOther8
spell_book	4293	BafflementSelf8
spell_book	4294	ClumsinessOther8
spell_book	4295	ClumsinessSelf8
spell_book	4296	CoordinationOther8
spell_book	4297	CoordinationSelf8
spell_book	4298	EnduranceOther8
spell_book	4299	EnduranceSelf8
spell_book	4300	EnfeebleOther8
spell_book	4301	EnfeebleSelf8
spell_book	4302	FeeblemindOther8
spell_book	4303	FeeblemindSelf8
spell_book	4304	FocusOther8
spell_book	4305	FocusSelf8
spell_book	4306	FrailtyOther8
spell_book	4307	FrailtySelf8
spell_book	4308	HarmOther8
spell_book	4309	HarmSelf8
spell_book	4310	HealOther8
spell_book	4311	HealSelf8
spell_book	4312	ImperilOther8
spell_book	4313	ImperilSelf8
spell_book	4314	ManaBoostOther8
spell_book	4315	ManaBoostSelf8
spell_book	4316	ManaDrainOther8
spell_book	4317	ManaDrainSelf8
spell_book	4318	QuicknessOther8
spell_book	4319	QuicknessSelf8
spell_book	4320	RevitalizeOther8
spell_book	4321	RevitalizeSelf8
spell_book	4322	SlownessOther8
spell_book	4323	SlownessSelf8
spell_book	4324	StrengthOther8
spell_book	4325	StrengthSelf8
spell_book	4326	WeaknessOther8
spell_book	4327	WeaknessSelf8
spell_book	4328	WillpowerOther8
spell_book	4329	WillpowerSelf8
spell_book	4330	DispelAllBadOther8
spell_book	4331	DispelAllBadSelf8
spell_book	4332	DispelAllGoodOther8
spell_book	4333	DispelAllGoodSelf8
spell_book	4334	DispelAllNeutralOther8
spell_book	4335	DispelAllNeutralSelf8
spell_book	4336	DispelCreatureBadOther8
spell_book	4337	DispelCreatureBadSelf8
spell_book	4338	DispelCreatureGoodOther8
spell_book	4339	DispelCreatureGoodSelf8
spell_book	4340	DispelCreatureNeutralOther8
spell_book	4341	DispelCreatureNeutralSelf8
spell_book	4342	DispelItemBadOther8
spell_book	4343	DispelItemGoodOther8
spell_book	4344	DispelItemNeutralOther8
spell_book	4345	DispelLifeBadOther8
spell_book	4346	DispelLifeBadSelf8
spell_book	4347	DispelLifeGoodOther8
spell_book	4348	DispelLifeGoodSelf8
spell_book	4349	DispelLifeNeutralOther8
spell_book	4350	DispelLifeNeutralSelf8
spell_book	4351	CoordinationFellowship8
spell_book	4352	EnduranceFellowship8
spell_book	4353	FocusFellowship8
spell_book	4354	QuicknessFellowship8
spell_book	4355	SelfFellowship8
spell_book	4356	StrengthFellowship8
spell_book	4357	AcidProtectionFellowship8
spell_book	4358	BladeProtectionFellowship8
spell_book	4359	BludgeonProtectionFellowship8
spell_book	4360	ColdProtectionFellowship8
spell_book	4361	FireProtectionFellowship8
spell_book	4362	LightningProtectionFellowship8
spell_book	4363	PierceProtectionFellowship8
spell_book	4364	ManaRenewalFellowship8
spell_book	4365	RegenerationFellowship8
spell_book	4366	RejuvenationFellowship8
spell_book	4367	CreatureEnchantmentMasteryFellow8
spell_book	4368	ImpregnabilityFellowship8
spell_book	4369	InvulnerabilityFellowship8
spell_book	4370	ItemEnchantmentMasteryFellow8
spell_book	4371	LifeMagicMasteryFellow8
spell_book	4372	MagicResistanceFellowship8
spell_book	4373	ManaConversionMasteryFellow8
spell_book	4374	WarMagicMasteryFellow8
spell_book	4375	FireworkOutBlack8
spell_book	4376	FireworkOutBlue8
spell_book	4377	FireworkOutGreen8
spell_book	4378	FireworkOutOrange8
spell_book	4379	FireworkOutPurple8
spell_book	4380	FireworkOutRed8
spell_book	4381	FireworkOutWhite8
spell_book	4382	FireworkOutYellow8
spell_book	4383	FireworkUpBlack8
spell_book	4384	FireworkUpBlue8
spell_book	4385	FireworkUpGreen8
spell_book	4386	FireworkUpOrange8
spell_book	4387	FireworkUpPurple8
spell_book	4388	FireworkUpRed8
spell_book	4389	FireworkUpWhite8
spell_book	4390	FireworkUpYellow8
spell_book	4391	AcidBane8
spell_book	4392	AcidLure8
spell_book	4393	BladeBane8
spell_book	4394	BladeLure8
spell_book	4395	BloodDrinkerSelf8
spell_book	4396	BloodLoather8
spell_book	4397	BludgeonBane8
spell_book	4398	BludgeonLure8
spell_book	4399	Brittlemail8
spell_book	4400	DefenderSelf8
spell_book	4401	FlameBane8
spell_book	4402	FlameLure8
spell_book	4403	FrostBane8
spell_book	4404	FrostLure8
spell_book	4405	HeartSeekerSelf8
spell_book	4406	HermeticVoid8
spell_book	4407	Impenetrability8
spell_book	4408	LeadenWeapon8
spell_book	4409	LightningBane8
spell_book	4410	LightningLure8
spell_book	4411	LureBlade8
spell_book	4412	PiercingBane8
spell_book	4413	PiercingLure8
spell_book	4414	SpiritDrinkerSelf8
spell_book	4415	SpiritLoather8
spell_book	4416	StrengthenLock8
spell_book	4417	SwiftKillerSelf8
spell_book	4418	HermeticLinkSelf8
spell_book	4419	TurnBlade8
spell_book	4420	WeakenLock8
spell_book	4421	AcidArc8
spell_book	4422	BladeArc8
spell_book	4423	FlameArc8
spell_book	4424	ForceArc8
spell_book	4425	FrostArc8
spell_book	4426	LightningArc8
spell_book	4427	ShockArc8
spell_book	4428	HealthBolt8
spell_book	4429	ManaBolt8
spell_book	4430	StaminaBolt8
spell_book	4431	AcidBlast8
spell_book	4432	AcidStreak8
spell_book	4433	AcidStream8
spell_book	4434	AcidVolley8
spell_book	4435	BladeBlast8
spell_book	4436	BladeVolley8
spell_book	4437	BludgeoningVolley8
spell_book	4438	FlameBlast8
spell_book	4439	FlameBolt8
spell_book	4440	FlameStreak8
spell_book	4441	FlameVolley8
spell_book	4442	ForceBlast8
spell_book	4443	ForceBolt8
spell_book	4444	ForceStreak8
spell_book	4445	ForceVolley8
spell_book	4446	FrostBlast8
spell_book	4447	FrostBolt8
spell_book	4448	FrostStreak8
spell_book	4449	FrostVolley8
spell_book	4450	LightningBlast8
spell_book	4451	LightningBolt8
spell_book	4452	LightningStreak8
spell_book	4453	LightningVolley8
spell_book	4454	ShockBlast8
spell_book	4455	ShockWave8
spell_book	4456	ShockwaveStreak8
spell_book	4457	WhirlingBlade8
spell_book	4458	WhirlingBladeStreak8
spell_book	4459	AcidProtectionOther8
spell_book	4460	AcidProtectionSelf8
spell_book	4461	BladeProtectionOther8
spell_book	4462	BladeProtectionSelf8
spell_book	4463	BludgeonProtectionOther8
spell_book	4464	BludgeonProtectionSelf8
spell_book	4465	ColdProtectionOther8
spell_book	4466	ColdProtectionSelf8
spell_book	4467	FireProtectionOther8
spell_book	4468	FireProtectionSelf8
spell_book	4469	LightningProtectionOther8
spell_book	4470	LightningProtectionSelf8
spell_book	4471	PiercingProtectionOther8
spell_book	4472	PiercingProtectionSelf8
spell_book	4473	AcidVulnerabilityOther8
spell_book	4474	AcidVulnerabilitySelf8
spell_book	4475	BladeVulnerabilityOther8
spell_book	4476	BladeVulnerabilitySelf8
spell_book	4477	BludgeonVulnerabilityOther8
spell_book	4478	BludgeonVulnerabilitySelf8
spell_book	4479	ColdVulnerabilityOther8
spell_book	4480	ColdVulnerabilitySelf8
spell_book	4481	FireVulnerabilityOther8
spell_book	4482	FireVulnerabilitySelf8
spell_book	4483	LightningVulnerabilityOther8
spell_book	4484	LightningVulnerabilitySelf8
spell_book	4485	PiercingVulnerabilityOther8
spell_book	4486	PiercingVulnerabilitySelf8
spell_book	4487	ExhaustionOther8
spell_book	4488	ExhaustionSelf8
spell_book	4489	FesterOther8
spell_book	4490	FesterSelf8
spell_book	4491	ManaDepletionOther8
spell_book	4492	ManaDepletionSelf8
spell_book	4493	ManaRenewalOther8
spell_book	4494	ManaRenewalSelf8
spell_book	4495	RegenerationOther8
spell_book	4496	RegenerationSelf8
spell_book	4497	RejuvenationOther8
spell_book	4498	RejuvenationSelf8
spell_book	4499	ArcanumSalvagingSelf8
spell_book	4500	ArcanumSalvagingOther8
spell_book	4501	NuhmudirasWisdom8
spell_book	4502	NuhmudirasWisdomOther8
spell_book	4503	AlchemyIneptitudeOther8
spell_book	4504	AlchemyIneptitudeSelf8
spell_book	4505	AlchemyMasteryOther8
spell_book	4506	AlchemyMasterySelf8
spell_book	4507	ArcaneBenightednessOther8
spell_book	4508	ArcaneBenightednessSelf8
spell_book	4509	ArcaneEnlightenmentOther8
spell_book	4510	ArcaneEnlightenmentSelf8
spell_book	4511	ArmorExpertiseOther8
spell_book	4512	ArmorExpertiseSelf8
spell_book	4513	ArmorIgnoranceOther8
spell_book	4514	ArmorIgnoranceSelf8
spell_book	4515	LightWeaponsIneptitudeOther8
spell_book	4516	LightWeaponsIneptitudeSelf8
spell_book	4517	LightWeaponsMasteryOther8
spell_book	4518	LightWeaponsMasterySelf8
spell_book	4519	MissileWeaponsIneptitudeOther8
spell_book	4520	MissileWeaponsIneptitudeSelf8
spell_book	4521	MissileWeaponsMasteryOther8
spell_book	4522	MissileWeaponsMasterySelf8
spell_book	4523	CookingIneptitudeOther8
spell_book	4524	CookingIneptitudeSelf8
spell_book	4525	CookingMasteryOther8
spell_book	4526	CookingMasterySelf8
spell_book	4527	CreatureEnchantmentIneptitudeOther8
spell_book	4528	CreatureEnchantmentIneptitudeSelf8
spell_book	4529	CreatureEnchantmentMasteryOther8
spell_book	4530	CreatureEnchantmentMasterySelf8
spell_book	4531	CrossbowIneptitudeOther8
spell_book	4532	CrossbowIneptitudeSelf8
spell_book	4533	CrossbowMasteryOther8
spell_book	4534	CrossbowMasterySelf8
spell_book	4535	FinesseWeaponsIneptitudeOther8
spell_book	4536	FinesseWeaponsIneptitudeSelf8
spell_book	4537	FinesseWeaponsMasteryOther8
spell_book	4538	FinesseWeaponsMasterySelf8
spell_book	4539	DeceptionIneptitudeOther8
spell_book	4540	DeceptionIneptitudeSelf8
spell_book	4541	DeceptionMasteryOther8
spell_book	4542	DeceptionMasterySelf8
spell_book	4543	DefenselessnessOther8
spell_book	4544	DefenselessnessSelf8
spell_book	4545	FaithlessnessOther8
spell_book	4546	FaithlessnessSelf8
spell_book	4547	FealtyOther8
spell_book	4548	FealtySelf8
spell_book	4549	FletchingIneptitudeOther8
spell_book	4550	FletchingIneptitudeSelf8
spell_book	4551	FletchingMasteryOther8
spell_book	4552	FletchingMasterySelf8
spell_book	4553	HealingIneptitudeOther8
spell_book	4554	HealingIneptitudeSelf8
spell_book	4555	HealingMasteryOther8
spell_book	4556	HealingMasterySelf8
spell_book	4557	ImpregnabilityOther8
spell_book	4558	ImpregnabilitySelf8
spell_book	4559	InvulnerabilityOther8
spell_book	4560	InvulnerabilitySelf8
spell_book	4561	ItemEnchantmentIneptitudeOther8
spell_book	4562	ItemEnchantmentIneptitudeSelf8
spell_book	4563	ItemEnchantmentMasteryOther8
spell_book	4564	ItemEnchantmentMasterySelf8
spell_book	4565	ItemExpertiseOther8
spell_book	4566	ItemExpertiseSelf8
spell_book	4567	ItemIgnoranceOther8
spell_book	4568	ItemIgnoranceSelf8
spell_book	4569	JumpingIneptitudeOther8
spell_book	4570	JumpingIneptitudeSelf8
spell_book	4571	JumpingMasteryOther8
spell_book	4572	JumpingMasterySelf8
spell_book	4573	LeadenFeetOther8
spell_book	4574	LeadenFeetSelf8
spell_book	4575	LeadershipIneptitudeOther8
spell_book	4576	LeadershipIneptitudeSelf8
spell_book	4577	LeadershipMasteryOther8
spell_book	4578	LeadershipMasterySelf8
spell_book	4579	LifeMagicIneptitudeOther8
spell_book	4580	LifeMagicIneptitudeSelf8
spell_book	4581	LifeMagicMasteryOther8
spell_book	4582	LifeMagicMasterySelf8
spell_book	4583	LockpickIneptitudeOther8
spell_book	4584	LockpickIneptitudeSelf8
spell_book	4585	LockpickMasteryOther8
spell_book	4586	LockpickMasterySelf8
spell_book	4587	MaceIneptitudeOther8
spell_book	4588	MaceIneptitudeSelf8
spell_book	4589	MaceMasteryOther8
spell_book	4590	MaceMasterySelf8
spell_book	4591	MagicItemExpertiseOther8
spell_book	4592	MagicItemExpertiseSelf8
spell_book	4593	MagicItemIgnoranceOther8
spell_book	4594	MagicItemIgnoranceSelf8
spell_book	4595	MagicResistanceOther8
spell_book	4596	MagicResistanceSelf8
spell_book	4597	MagicYieldOther8
spell_book	4598	MagicYieldSelf8
spell_book	4599	ManaIneptitudeOther8
spell_book	4600	ManaIneptitudeSelf8
spell_book	4601	ManaMasteryOther8
spell_book	4602	ManaMasterySelf8
spell_book	4603	MonsterAttunementOther8
spell_book	4604	MonsterAttunementSelf8
spell_book	4605	MonsterUnfamiliarityOther8
spell_book	4606	MonsterUnfamiliaritySelf8
spell_book	4607	PersonAttunementOther8
spell_book	4608	PersonAttunementSelf8
spell_book	4609	PersonUnfamiliarityOther8
spell_book	4610	PersonUnfamiliaritySelf8
spell_book	4611	SpearIneptitudeOther8
spell_book	4612	SpearIneptitudeSelf8
spell_book	4613	SpearMasteryOther8
spell_book	4614	SpearMasterySelf8
spell_book	4615	SprintOther8
spell_book	4616	SprintSelf8
spell_book	4617	StaffIneptitudeOther8
spell_book	4618	StaffIneptitudeSelf8
spell_book	4619	StaffMasteryOther8
spell_book	4620	StaffMasterySelf8
spell_book	4621	HeavyWeaponsIneptitudeOther8
spell_book	4622	HeavyWeaponsIneptitudeSelf8
spell_book	4623	HeavyWeaponsMasteryOther8
spell_book	4624	HeavyWeaponsMasterySelf8
spell_book	4625	ThrownWeaponIneptitudeOther8
spell_book	4626	ThrownWeaponIneptitudeSelf8
spell_book	4627	ThrownWeaponMasteryOther8
spell_book	4628	ThrownWeaponMasterySelf8
spell_book	4629	UnarmedCombatIneptitudeOther8
spell_book	4630	UnarmedCombatMasteryOther8
spell_book	4631	UnarmedCombatMasterySelf8
spell_book	4632	UnarmedCombatIneptitudeSelf8
spell_book	4633	VulnerabilityOther8
spell_book	4634	VulnerabilitySelf8
spell_book	4635	WarMagicIneptitudeOther8
spell_book	4636	WarMagicIneptitudeSelf8
spell_book	4637	WarMagicMasteryOther8
spell_book	4638	WarMagicMasterySelf8
spell_book	4639	WeaponExpertiseOther8
spell_book	4640	WeaponExpertiseSelf8
spell_book	4641	WeaponIgnoranceOther8
spell_book	4642	WeaponIgnoranceSelf8
spell_book	4643	DrainHealth8
spell_book	4644	DrainMana8
spell_book	4645	DrainStamina8
spell_book	4646	HealthToManaOther8
spell_book	4647	HealthToManaSelf8
spell_book	4648	HealthToStaminaOther8
spell_book	4649	HealthToStaminaSelf8
spell_book	4650	InfuseHealth8
spell_book	4651	InfuseMana8
spell_book	4652	InfuseStamina8
spell_book	4653	ManaToHealthOther8
spell_book	4654	ManaToHealthSelf8
spell_book	4655	ManaToStaminaOther8
spell_book	4656	ManaToStaminaSelf8
spell_book	4657	StaminaToHealthOther8
spell_book	4658	StaminaToHealthSelf8
spell_book	4659	StaminaToManaOther8
spell_book	4660	CANTRIPACIDBANE3
spell_book	4661	CANTRIPBLOODTHIRST3
spell_book	4662	CANTRIPBLUDGEONINGBANE3
spell_book	4663	CANTRIPDEFENDER3
spell_book	4664	CANTRIPFLAMEBANE3
spell_book	4665	CANTRIPFROSTBANE3
spell_book	4666	CANTRIPHEARTTHIRST3
spell_book	4667	CANTRIPIMPENETRABILITY3
spell_book	4668	CANTRIPPIERCINGBANE3
spell_book	4669	CANTRIPSLASHINGBANE3
spell_book	4670	CANTRIPSPIRITTHIRST3
spell_book	4671	CANTRIPSTORMBANE3
spell_book	4672	CANTRIPSWIFTHUNTER3
spell_book	4673	CANTRIPACIDWARD3
spell_book	4674	CANTRIPBLUDGEONINGWARD3
spell_book	4675	CANTRIPFLAMEWARD3
spell_book	4676	CANTRIPFROSTWARD3
spell_book	4677	CANTRIPPIERCINGWARD3
spell_book	4678	CANTRIPSLASHINGWARD3
spell_book	4679	CANTRIPSTORMWARD3
spell_book	4680	CANTRIPHEALTHGAIN3
spell_book	4681	CANTRIPMANAGAIN3
spell_book	4682	CANTRIPSTAMINAGAIN3
spell_book	4683	CANTRIPALCHEMICALPROWESS3
spell_book	4684	CANTRIPARCANEPROWESS3
spell_book	4685	CANTRIPARMOREXPERTISE3
spell_book	4686	CANTRIPLIGHTWEAPONSAPTITUDE3
spell_book	4687	CANTRIPMISSILEWEAPONSAPTITUDE3
spell_book	4688	CANTRIPCOOKINGPROWESS3
spell_book	4689	CANTRIPCREATUREENCHANTMENTAPTITUDE3
spell_book	4690	CANTRIPCROSSBOWAPTITUDE3
spell_book	4691	CANTRIPFINESSEWEAPONSAPTITUDE3
spell_book	4692	CANTRIPFEALTY3
spell_book	4693	CANTRIPFLETCHINGPROWESS3
spell_book	4694	CANTRIPHEALINGPROWESS3
spell_book	4695	CANTRIPIMPREGNABILITY3
spell_book	4696	CANTRIPINVULNERABILITY3
spell_book	4697	CANTRIPITEMENCHANTMENTAPTITUDE3
spell_book	4698	CANTRIPITEMEXPERTISE3
spell_book	4699	CANTRIPJUMPINGPROWESS3
spell_book	4700	CANTRIPLIFEMAGICAPTITUDE3
spell_book	4701	CANTRIPLOCKPICKPROWESS3
spell_book	4702	CANTRIPMACEAPTITUDE3
spell_book	4703	CANTRIPMAGICITEMEXPERTISE3
spell_book	4704	CANTRIPMAGICRESISTANCE3
spell_book	4705	CANTRIPMANACONVERSIONPROWESS3
spell_book	4706	CANTRIPMONSTERATTUNEMENT3
spell_book	4707	CANTRIPPERSONATTUNEMENT3
spell_book	4708	CANTRIPSALVAGING3
spell_book	4709	CANTRIPSPEARAPTITUDE3
spell_book	4710	CANTRIPSPRINT3
spell_book	4711	CANTRIPSTAFFAPTITUDE3
spell_book	4712	CANTRIPHEAVYWEAPONSAPTITUDE3
spell_book	4713	CANTRIPTHROWNAPTITUDE3
spell_book	4714	CANTRIPUNARMEDAPTITUDE3
spell_book	4715	CANTRIPWARMAGICAPTITUDE3
spell_book	4716	BurningCurse
spell_book	4717	PortalSendingUlgrimSkyHigh
spell_book	4718	PortalSendingCHDSStage1
spell_book	4719	PortalSendingCHDSStage2
spell_book	4720	PortalSendingCHDSStage3
spell_book	4721	PortalSendingFreebooterIsle
spell_book	4722	DoTHealthOther1
spell_book	4723	DoTHealthSelf1
spell_book	4724	PortalSendMoarsmenCity
spell_book	4725	PortalSendMoarsmenCitySclavusPit
spell_book	4726	MoarsmanPoison1
spell_book	4727	MoarsmanPoison2
spell_book	4728	MoarsmanPoison3
spell_book	4729	PortalSendingMasterGateway
spell_book	4730	SetCoordination1
spell_book	4731	SetCoordination2
spell_book	4732	SetCoordination3
spell_book	4733	SetCoordination4
spell_book	4734	SetEndurance1
spell_book	4735	SetEndurance2
spell_book	4736	SetEndurance3
spell_book	4737	SetEndurance4
spell_book	4738	SetFocus1
spell_book	4739	SetFocus2
spell_book	4740	SetFocus3
spell_book	4741	SetFocus4
spell_book	4742	SetQuickness1
spell_book	4743	SetQuickness2
spell_book	4744	SetQuickness3
spell_book	4745	SetQuickness4
spell_book	4746	SetStrength1
spell_book	4747	SetStrength2
spell_book	4748	SetStrength3
spell_book	4749	SetStrength4
spell_book	4750	SetWillpower1
spell_book	4751	SetWillpower2
spell_book	4752	SetWillpower3
spell_book	4753	SetWillpower4
spell_book	4754	SetHealth2
spell_book	4755	SetHealth3
spell_book	4756	SetMana2
spell_book	4757	SetMana3
spell_book	4758	SetStamina2
spell_book	4759	SetStamina3
spell_book	4760	SetAcidResistance1
spell_book	4761	SetAcidResistance2
spell_book	4762	SetAcidResistance3
spell_book	4763	SetAcidResistance4
spell_book	4764	SetBludgeonResistance1
spell_book	4765	SetBludgeonResistance2
spell_book	4766	SetBludgeonResistance3
spell_book	4767	SetBludgeonResistance4
spell_book	4768	SetFlameResistance1
spell_book	4769	SetFlameResistance2
spell_book	4770	SetFlameResistance3
spell_book	4771	SetFlameResistance4
spell_book	4772	SetFrostResistance1
spell_book	4773	SetFrostResistance2
spell_book	4774	SetFrostResistance3
spell_book	4775	SetFrostResistance4
spell_book	4776	SetLightningResistance1
spell_book	4777	SetLightningResistance2
spell_book	4778	SetLightningResistance3
spell_book	4779	SetLightningResistance4
spell_book	4780	SetPierceResistance1
spell_book	4781	SetPierceResistance2
spell_book	4782	SetPierceResistance3
spell_book	4783	SetPierceResistance4
spell_book	4784	SetSlashingResistance1
spell_book	4785	SetSlashingResistance2
spell_book	4786	SetSlashingResistance3
spell_book	4787	SetSlashingResistance4
spell_book	4788	SetAlchemyAptitude1
spell_book	4789	SetAlchemyAptitude2
spell_book	4790	SetAlchemyAptitude3
spell_book	4791	SetAlchemyAptitude4
spell_book	4792	SetArmorExpertiseAptitude1
spell_book	4793	SetArmorExpertiseAptitude2
spell_book	4794	SetArmorExpertiseAptitude3
spell_book	4795	SetArmorExpertiseAptitude4
spell_book	4796	SetAxeAptitude1
spell_book	4797	SetAxeAptitude2
spell_book	4798	SetAxeAptitude3
spell_book	4799	SetAxeAptitude4
spell_book	4800	SetBowAptitude1
spell_book	4801	SetBowAptitude2
spell_book	4802	SetBowAptitude3
spell_book	4803	SetBowAptitude4
spell_book	4804	SetCookingAptitude1
spell_book	4805	SetCookingAptitude2
spell_book	4806	SetCookingAptitude3
spell_book	4807	SetCookingAptitude4
spell_book	4808	SetCreatureEnchantmentAptitude1
spell_book	4809	SetCreatureEnchantmentAptitude2
spell_book	4810	SetCreatureEnchantmentAptitude3
spell_book	4811	SetCreatureEnchantmentAptitude4
spell_book	4812	SetCrossbowAptitude1
spell_book	4813	SetCrossbowAptitude2
spell_book	4814	SetCrossbowAptitude3
spell_book	4815	SetCrossbowAptitude4
spell_book	4816	SetDaggerAptitude1
spell_book	4817	SetDaggerAptitude2
spell_book	4818	SetDaggerAptitude3
spell_book	4819	SetDaggerAptitude4
spell_book	4820	SetFletchingAptitude1
spell_book	4821	SetFletchingAptitude2
spell_book	4822	SetFletchingAptitude3
spell_book	4823	SetFletchingAptitude4
spell_book	4824	SetItemEnchantmentAptitude1
spell_book	4825	SetItemEnchantmentAptitude2
spell_book	4826	SetItemEnchantmentAptitude3
spell_book	4827	SetItemEnchantmentAptitude4
spell_book	4828	SetItemExpertiseAptitude1
spell_book	4829	SetItemExpertiseAptitude2
spell_book	4830	SetItemExpertiseAptitude3
spell_book	4831	SetItemExpertiseAptitude4
spell_book	4832	SetJumpingAptitude1
spell_book	4833	SetJumpingAptitude2
spell_book	4834	SetJumpingAptitude3
spell_book	4835	SetJumpingAptitude4
spell_book	4836	SetLifeMagicAptitude1
spell_book	4837	SetLifeMagicAptitude2
spell_book	4838	SetLifeMagicAptitude3
spell_book	4839	SetLifeMagicAptitude4
spell_book	4840	SetLockpickAptitude1
spell_book	4841	SetLockpickAptitude2
spell_book	4842	SetLockpickAptitude3
spell_book	4843	SetLockpickAptitude4
spell_book	4844	SetLoyaltyAptitude1
spell_book	4845	SetLoyaltyAptitude2
spell_book	4846	SetMaceAptitude1
spell_book	4847	SetMaceAptitude2
spell_book	4848	SetMaceAptitude3
spell_book	4849	SetMaceAptitude4
spell_book	4850	SetMagicDefenseAptitude1
spell_book	4851	SetMagicDefenseAptitude2
spell_book	4852	SetMagicDefenseAptitude3
spell_book	4853	SetMagicDefenseAptitude4
spell_book	4854	SetMagicItemExpertiseAptitude1
spell_book	4855	SetMagicItemExpertiseAptitude2
spell_book	4856	SetMagicItemExpertiseAptitude3
spell_book	4857	SetMagicItemExpertiseAptitude4
spell_book	4858	SetMeleeDefenseAptitude1
spell_book	4859	SetMeleeDefenseAptitude2
spell_book	4860	SetMeleeDefenseAptitude3
spell_book	4861	SetMeleeDefenseAptitude4
spell_book	4862	SetMissileDefenseAptitude1
spell_book	4863	SetMissileDefenseAptitude2
spell_book	4864	SetMissileDefenseAptitude3
spell_book	4865	SetMissileDefenseAptitude4
spell_book	4866	SetSalvagingAptitude1
spell_book	4867	SetSalvagingAptitude2
spell_book	4868	SetSpearAptitude1
spell_book	4869	SetSpearAptitude2
spell_book	4870	SetSpearAptitude3
spell_book	4871	SetSpearAptitude4
spell_book	4872	SetSprintAptitude1
spell_book	4873	SetSprintAptitude2
spell_book	4874	SetSprintAptitude3
spell_book	4875	SetSprintAptitude4
spell_book	4876	SetStaffAptitude1
spell_book	4877	SetStaffAptitude2
spell_book	4878	SetStaffAptitude3
spell_book	4879	SetStaffAptitude4
spell_book	4880	SetSwordAptitude1
spell_book	4881	SetSwordAptitude2
spell_book	4882	SetSwordAptitude3
spell_book	4883	SetSwordAptitude4
spell_book	4884	SetThrownAptitude1
spell_book	4885	SetThrownAptitude2
spell_book	4886	SetThrownAptitude3
spell_book	4887	SetThrownAptitude4
spell_book	4888	SetUnarmedAptitude1
spell_book	4889	SetUnarmedAptitude2
spell_book	4890	SetUnarmedAptitude3
spell_book	4891	SetUnarmedAptitude4
spell_book	4892	SetWarMagicAptitude1
spell_book	4893	SetWarMagicAptitude2
spell_book	4894	SetWarMagicAptitude3
spell_book	4895	SetWarMagicAptitude4
spell_book	4896	SetWeaponExpertiseAptitude1
spell_book	4897	SetWeaponExpertiseAptitude2
spell_book	4898	SetWeaponExpertiseAptitude3
spell_book	4899	SetWeaponExpertiseAptitude4
spell_book	4900	SetSocietyAttributeAll1
spell_book	4901	SetSocietyAttributeAll2
spell_book	4902	SetSocietyAttributeAll3
spell_book	4903	SetSocietyAttributeAll4
spell_book	4904	SetSocietyAttributeAll5
spell_book	4905	SetRejuvenation1
spell_book	4906	SetRejuvenation2
spell_book	4907	RecallCelestialHand
spell_book	4908	RecallEldrytchWeb
spell_book	4909	RecallRadiantBlood
spell_book	4910	HarmRaiderTag
spell_book	4911	CANTRIPARMOR3
spell_book	4912	CANTRIPWEAPONEXPERTISE3
spell_book	4913	PortalSendingNodePyramidAerlinthe
spell_book	4914	PortalSendingNodePyramidAerlintheExit
spell_book	4915	PortalSendingNodePyramidAmun
spell_book	4916	PortalSendingNodePyramidAmunExit
spell_book	4917	PortalSendingNodePyramidEsper
spell_book	4918	PortalSendingNodePyramidEsperExit
spell_book	4919	PortalSendingNodePyramidHalaetan
spell_book	4920	PortalSendingNodePyramidHalaetanExit
spell_book	4921	PortalSendingNodePyramidLinvak
spell_book	4922	PortalSendingNodePyramidLinvakExit
spell_book	4923	PortalSendingNodePyramidObsidian
spell_book	4924	PortalSendingNodePyramidObsidianExit
spell_book	4925	Dance
spell_book	4926	TthuunSmite
spell_book	4927	AcidStream8Spellpower300
spell_book	4928	AcidStream8Spellpower350
spell_book	4929	MiniArcaneDeath
spell_book	4930	MiniFireball1
spell_book	4931	MiniFireball2
spell_book	4932	MiniFireball3
spell_book	4933	MiniIceball1
spell_book	4934	MiniIceball2
spell_book	4935	MiniIceball3
spell_book	4936	MiniArrow1
spell_book	4937	MiniArrow2
spell_book	4938	MiniArrow3
spell_book	4939	MiniUber
spell_book	4940	MiniRing1
spell_book	4941	MiniRing2
spell_book	4942	MiniRing3
spell_book	4943	MiniFireball4
spell_book	4944	MiniIceball4
spell_book	4945	MiniArrow4
spell_book	4946	MiniRing4
spell_book	4947	MiniArcaneDeath2
spell_book	4948	MiniArcaneDeath3
spell_book	4949	MiniArcaneDeath4
spell_book	4950	PortalTowerDefenseRB
spell_book	4951	PortalTowerDefenseCH
spell_book	4952	PortalTowerDefenseEW
spell_book	4953	PortalSendingLostPortalTest
spell_book	4954	PortalSendingCrystallineCrag
spell_book	4955	PortalSendingLostPortalTestRare
spell_book	4956	PortalSendingTanadaScrollsToSanctum
spell_book	4957	PortalSendingTanadaScrollsReturn
spell_book	4958	RockslidegreaterXBow
spell_book	4959	RockslidelesserBow
spell_book	4960	RockslidelesserTW
spell_book	4961	RockslidelesserXBow
spell_book	4962	RockslideTW
spell_book	4963	RockslideXBow
spell_book	4964	RockslideBow
spell_book	4965	RockslidegreaterBow
spell_book	4966	RockslidegreaterTW
spell_book	4967	cleansingring
spell_book	4968	BowmansBoon3
spell_book	4969	ChuckersBoon3
spell_book	4970	CrossbowmansBoon3
spell_book	4971	EnchantersBoon3
spell_book	4972	HieromancersBoon3
spell_book	4973	KnifersBoon3
spell_book	4974	LifeGiversBoon3
spell_book	4975	MacersBoon3
spell_book	4976	PugilistsBoon3
spell_book	4977	SpearmansBoon3
spell_book	4978	StafferBoon3
spell_book	4979	SwordsmansBoon3
spell_book	4980	AxemansBoon3
spell_book	4981	StaminaToManaSelf8
spell_book	4982	LockpickBonus5
spell_book	4983	AlchemyBonus5
spell_book	4984	CookingBonus5
spell_book	4985	FletchingBonus5
spell_book	4986	AlchemyPercentBoost1
spell_book	4987	olthoiSpit
spell_book	4988	PortalTunnelOut
spell_book	4989	PortalSendingAssassinsRoost1
spell_book	4990	PortalSendingAssassinsRoost2
spell_book	4991	PortalSendingAssassinsRoost3
spell_book	4992	PortalSendingAssassinsRoost4
spell_book	4993	PortalSendingPKDungeon
spell_book	4994	PortalSendingAssassinsRoost5
spell_book	4995	PortalSendingPKDungeonTwo
spell_book	4996	PortalSendingPKDungeonThree
spell_book	4997	PortalSendingPKDungeonFour
spell_book	4998	ArenaStamina
spell_book	4999	ArenaHealth
spell_book	5000	ArenaMana
spell_book	5001	PiercingProtectionOtherArena
spell_book	5002	AcidProtectionOtherArena
spell_book	5003	BladeProtectionOtherArena
spell_book	5004	BludgeonProtectionOtherArena
spell_book	5005	ColdProtectionOtherArena
spell_book	5006	FireProtectionOtherArena
spell_book	5007	LightningProtectionOtherArena
spell_book	5008	PortalSendingApostateNexus
spell_book	5009	AerfallesWardGreater
spell_book	5010	PortalSendingAerfalleSanctum
spell_book	5011	HarmOtherGeomanticRaze
spell_book	5012	PortalSendingLostPortalMar
spell_book	5013	PortalSendingLostPortaMay
spell_book	5014	PortalSendingLostPortaApr
spell_book	5015	PortalSendingLostPortalFeb
spell_book	5016	PortalSendingLostPortaAlive
spell_book	5017	PortalSendingLostPortaDead
spell_book	5018	PortalDesperadoStory
spell_book	5019	PortalSendingLostPortalFrost
spell_book	5020	PortalSendingLostPortalLightning
spell_book	5021	PortalSendingLostPortalAcid
spell_book	5022	PortalSendingLostPortalFire
spell_book	5023	TwoHandedMasterySpectral
spell_book	5024	GearCraftMasterySpectral
spell_book	5025	GearCraftMasteryRare
spell_book	5026	TwoHandedMasteryRare
spell_book	5027	CascadeTwoHandedGreater
spell_book	5028	CascadeTwoHandedLesser
spell_book	5029	CascadeTwoHanded
spell_book	5030	TwoHandedBoon
spell_book	5031	TwoHandedBoon3
spell_book	5032	TwoHandedMasterySelf8
spell_book	5033	CANTRIPGEARCRAFTAPTITUDE3
spell_book	5034	CANTRIPTWOHANDEDAPTITUDE3
spell_book	5035	FeebleGearCraftAptitude
spell_book	5036	FeebleTwoHandedAptitude
spell_book	5037	GearcraftIneptitude1
spell_book	5038	GearcraftIneptitude2
spell_book	5039	GearcraftIneptitude3
spell_book	5040	GearcraftIneptitude4
spell_book	5041	GearcraftIneptitude5
spell_book	5042	GearcraftIneptitude6
spell_book	5043	GearcraftIneptitude7
spell_book	5044	GearcraftIneptitude8
spell_book	5045	GearcraftIneptitudeSelf1
spell_book	5046	GearcraftIneptitudeSelf2
spell_book	5047	GearcraftIneptitudeSelf3
spell_book	5048	GearcraftIneptitudeSelf4
spell_book	5049	GearcraftIneptitudeSelf5
spell_book	5050	GearcraftIneptitudeSelf6
spell_book	5051	GearcraftIneptitudeSelf7
spell_book	5052	GearcraftIneptitudeSelf8
spell_book	5053	GearcraftMastery1
spell_book	5054	GearcraftMastery2
spell_book	5055	GearcraftMastery3
spell_book	5056	GearcraftMastery4
spell_book	5057	GearcraftMastery5
spell_book	5058	GearcraftMastery6
spell_book	5059	GearcraftMastery7
spell_book	5060	GearcraftMastery8
spell_book	5061	GearcraftMasterySelf1
spell_book	5062	GearcraftMasterySelf2
spell_book	5063	GearcraftMasterySelf3
spell_book	5064	GearcraftMasterySelf4
spell_book	5065	GearcraftMasterySelf5
spell_book	5066	GearcraftMasterySelf6
spell_book	5067	GearcraftMasterySelf7
spell_book	5068	GearcraftMasterySelf8
spell_book	5069	CANTRIPGEARCRAFTAPTITUDE2
spell_book	5070	CANTRIPTWOHANDEDAPTITUDE2
spell_book	5071	CANTRIPGEARCRAFTAPTITUDE1
spell_book	5072	CANTRIPTWOHANDEDAPTITUDE1
spell_book	5073	ModerateGearCraftAptitude
spell_book	5074	ModerateTwoHandedAptitude
spell_book	5075	TwoHandedIneptitude1
spell_book	5076	TwoHandedIneptitude2
spell_book	5077	TwoHandedIneptitude3
spell_book	5078	TwoHandedIneptitude4
spell_book	5079	TwoHandedIneptitude5
spell_book	5080	TwoHandedIneptitude6
spell_book	5081	TwoHandedIneptitude7
spell_book	5082	TwoHandedIneptitude8
spell_book	5083	TwoHandedIneptitudeSelf1
spell_book	5084	TwoHandedIneptitudeSelf2
spell_book	5085	TwoHandedIneptitudeSelf3
spell_book	5086	TwoHandedIneptitudeSelf4
spell_book	5087	TwoHandedIneptitudeSelf5
spell_book	5088	TwoHandedIneptitudeSelf6
spell_book	5089	TwoHandedIneptitudeSelf7
spell_book	5090	TwoHandedIneptitudeSelf8
spell_book	5091	TwoHandedMasteryOther1
spell_book	5092	TwoHandedMasteryOther2
spell_book	5093	TwoHandedMasteryOther3
spell_book	5094	TwoHandedMasteryOther4
spell_book	5095	TwoHandedMasteryOther5
spell_book	5096	TwoHandedMasteryOther6
spell_book	5097	TwoHandedMasteryOther7
spell_book	5098	TwoHandedMasteryOther8
spell_book	5099	TwoHandedMasterySelf1
spell_book	5100	TwoHandedMasterySelf2
spell_book	5101	TwoHandedMasterySelf3
spell_book	5102	TwoHandedMasterySelf4
spell_book	5103	TwoHandedMasterySelf5
spell_book	5104	TwoHandedMasterySelf6
spell_book	5105	TwoHandedMasterySelf7
spell_book	5106	SetGearCraftAptitude4
spell_book	5107	SetTwoHandedAptitude1
spell_book	5108	SetTwoHandedAptitude2
spell_book	5109	SetTwoHandedAptitude3
spell_book	5110	SetTwoHandedAptitude4
spell_book	5111	SetGearCraftAptitude1
spell_book	5112	SetGearCraftAptitude2
spell_book	5113	SetGearCraftAptitude3
spell_book	5114	ExposeWeakness8
spell_book	5115	ExposeWeakness1
spell_book	5116	ExposeWeakness2
spell_book	5117	ExposeWeakness3
spell_book	5118	ExposeWeakness4
spell_book	5119	ExposeWeakness5
spell_book	5120	ExposeWeakness6
spell_book	5121	ExposeWeakness7
spell_book	5122	CallOfLeadership5
spell_book	5123	AnswerOfLoyaltyMana1
spell_book	5124	AnswerOfLoyaltyMana2
spell_book	5125	AnswerOfLoyaltyMana3
spell_book	5126	AnswerOfLoyaltyMana4
spell_book	5127	AnswerOfLoyaltyMana5
spell_book	5128	AnswerOfLoyaltyStam1
spell_book	5129	AnswerOfLoyaltyStam2
spell_book	5130	AnswerOfLoyaltyStam3
spell_book	5131	AnswerOfLoyaltyStam4
spell_book	5132	AnswerOfLoyaltyStam5
spell_book	5133	CallOfLeadership1
spell_book	5134	CallOfLeadership2
spell_book	5135	CallOfLeadership3
spell_book	5136	CallOfLeadership4
spell_book	5137	TrinketXPBoost3
spell_book	5138	TrinketDamageBoost1
spell_book	5139	TrinketDamageBoost2
spell_book	5140	TrinketDamageBoost3
spell_book	5141	TrinketDamageReduction1
spell_book	5142	TrinketDamageReduction2
spell_book	5143	TrinketDamageReduction3
spell_book	5144	TrinketHealth1
spell_book	5145	TrinketHealth2
spell_book	5146	TrinketHealth3
spell_book	5147	TrinketMana1
spell_book	5148	TrinketMana2
spell_book	5149	TrinketMana3
spell_book	5150	TrinketStamina1
spell_book	5151	TrinketStamina2
spell_book	5152	TrinketStamina3
spell_book	5153	TrinketXPBoost1
spell_book	5154	TrinketXPBoost2
spell_book	5155	DeceptionArcane4
spell_book	5156	DeceptionArcane5
spell_book	5157	DeceptionArcane1
spell_book	5158	DeceptionArcane2
spell_book	5159	DeceptionArcane3
spell_book	5160	PortalMhoireCastle
spell_book	5161	PortalMhoireCastleGreatHall
spell_book	5162	PortalMhoireCastleNortheast
spell_book	5163	PortalMhoireCastleNorthwest
spell_book	5164	PortalMhoireCastleSoutheast
spell_book	5165	PortalMhoireCastleSouthwest
spell_book	5166	FlamingSkullTrap
spell_book	5167	PortalMhoireCastleExit
spell_book	5168	SpectralFountain_PortalFreefall
spell_book	5169	SpectralFountain_PortalMaze1
spell_book	5170	SpectralFountain_PortalMaze2
spell_book	5171	SpectralFountain_HoT
spell_book	5172	SpectralFountain_DoT
spell_book	5173	SpectralFountain_HealDebuff
spell_book	5174	SpectralFountain_DamageBoost
spell_book	5175	PortalSendHubNPE
spell_book	5176	PortalCHSocietyAug
spell_book	5177	PortalRBSocietyAug
spell_book	5178	PortalEWSocietyAug
spell_book	5179	PortalCHSocietyAugTwo
spell_book	5180	PortalRBSocietyAugTwo
spell_book	5181	PortalEWSocietyAugTwo
spell_book	5182	SpiritDrinker8Cast
spell_book	5183	BloodDrinker8Cast
spell_book	5184	RareDamageBoost7
spell_book	5185	RareDamageBoost8
spell_book	5186	RareDamageBoost9
spell_book	5187	RareDamageBoost10
spell_book	5188	RareDamageReduction1
spell_book	5189	RareDamageReduction2
spell_book	5190	RareDamageReduction3
spell_book	5191	RareDamageReduction4
spell_book	5192	RareDamageReduction5
spell_book	5193	RareDamageReduction6
spell_book	5194	RareDamageReduction7
spell_book	5195	RareDamageReduction8
spell_book	5196	RareDamageReduction9
spell_book	5197	RareDamageReduction10
spell_book	5198	RareDamageBoost1
spell_book	5199	RareDamageBoost2
spell_book	5200	RareDamageBoost3
spell_book	5201	RareDamageBoost4
spell_book	5202	RareDamageBoost5
spell_book	5203	RareDamageBoost6
spell_book	5204	AetheriaProcDamageBoost
spell_book	5205	AetheriaProcDamageOverTime
spell_book	5206	AetheriaProcDamageReduction
spell_book	5207	AetheriaProcHealDebuff
spell_book	5208	AetheriaProcHealthOverTime
spell_book	5209	AetheriaCriticalDamageBoost1
spell_book	5210	AetheriaCriticalDamageBoost2
spell_book	5211	AetheriaCriticalDamageBoost3
spell_book	5212	AetheriaCriticalDamageBoost4
spell_book	5213	AetheriaCriticalDamageBoost5
spell_book	5214	AetheriaCriticalDamageBoost6
spell_book	5215	AetheriaCriticalDamageBoost7
spell_book	5216	AetheriaCriticalDamageBoost8
spell_book	5217	AetheriaCriticalDamageBoost9
spell_book	5218	AetheriaCriticalDamageBoost10
spell_book	5219	AetheriaCriticalDamageBoost11
spell_book	5220	AetheriaCriticalDamageBoost12
spell_book	5221	AetheriaCriticalDamageBoost13
spell_book	5222	AetheriaCriticalDamageBoost14
spell_book	5223	AetheriaCriticalDamageBoost15
spell_book	5224	AetheriaDamageBoost1
spell_book	5225	AetheriaDamageBoost2
spell_book	5226	AetheriaDamageBoost3
spell_book	5227	AetheriaDamageBoost4
spell_book	5228	AetheriaDamageBoost5
spell_book	5229	AetheriaDamageBoost6
spell_book	5230	AetheriaDamageBoost7
spell_book	5231	AetheriaDamageBoost8
spell_book	5232	AetheriaDamageBoost9
spell_book	5233	AetheriaDamageBoost10
spell_book	5234	AetheriaDamageBoost11
spell_book	5235	AetheriaDamageBoost12
spell_book	5236	AetheriaDamageBoost13
spell_book	5237	AetheriaDamageBoost14
spell_book	5238	AetheriaDamageBoost15
spell_book	5239	AetheriaDamageReduction1
spell_book	5240	AetheriaDamageReduction2
spell_book	5241	AetheriaDamageReduction3
spell_book	5242	AetheriaDamageReduction4
spell_book	5243	AetheriaDamageReduction5
spell_book	5244	AetheriaDamageReduction6
spell_book	5245	AetheriaDamageReduction7
spell_book	5246	AetheriaDamageReduction8
spell_book	5247	AetheriaDamageReduction9
spell_book	5248	AetheriaDamageReduction10
spell_book	5249	AetheriaDamageReduction11
spell_book	5250	AetheriaDamageReduction12
spell_book	5251	AetheriaDamageReduction13
spell_book	5252	AetheriaDamageReduction14
spell_book	5253	AetheriaDamageReduction15
spell_book	5254	AetheriaHealBuff1
spell_book	5255	AetheriaHealBuff2
spell_book	5256	AetheriaHealBuff3
spell_book	5257	AetheriaHealBuff4
spell_book	5258	AetheriaHealBuff5
spell_book	5259	AetheriaHealBuff6
spell_book	5260	AetheriaHealBuff7
spell_book	5261	AetheriaHealBuff8
spell_book	5262	AetheriaHealBuff9
spell_book	5263	AetheriaHealBuff10
spell_book	5264	AetheriaHealBuff11
spell_book	5265	AetheriaHealBuff12
spell_book	5266	AetheriaHealBuff13
spell_book	5267	AetheriaHealBuff14
spell_book	5268	AetheriaHealBuff15
spell_book	5269	AetheriaHealth1
spell_book	5270	AetheriaHealth2
spell_book	5271	AetheriaHealth3
spell_book	5272	AetheriaHealth4
spell_book	5273	AetheriaHealth5
spell_book	5274	AetheriaHealth6
spell_book	5275	AetheriaHealth7
spell_book	5276	AetheriaHealth8
spell_book	5277	AetheriaHealth9
spell_book	5278	AetheriaHealth10
spell_book	5279	AetheriaHealth11
spell_book	5280	AetheriaHealth12
spell_book	5281	AetheriaHealth13
spell_book	5282	AetheriaHealth14
spell_book	5283	AetheriaHealth15
spell_book	5284	AetheriaMana1
spell_book	5285	AetheriaMana2
spell_book	5286	AetheriaMana3
spell_book	5287	AetheriaMana4
spell_book	5288	AetheriaMana5
spell_book	5289	AetheriaMana6
spell_book	5290	AetheriaMana7
spell_book	5291	AetheriaMana8
spell_book	5292	AetheriaMana9
spell_book	5293	AetheriaMana10
spell_book	5294	AetheriaMana11
spell_book	5295	AetheriaMana12
spell_book	5296	AetheriaMana13
spell_book	5297	AetheriaMana14
spell_book	5298	AetheriaMana15
spell_book	5299	AetheriaStamina1
spell_book	5300	AetheriaStamina2
spell_book	5301	AetheriaStamina3
spell_book	5302	AetheriaStamina4
spell_book	5303	AetheriaStamina5
spell_book	5304	AetheriaStamina6
spell_book	5305	AetheriaStamina7
spell_book	5306	AetheriaStamina8
spell_book	5307	AetheriaStamina9
spell_book	5308	AetheriaStamina10
spell_book	5309	AetheriaStamina11
spell_book	5310	AetheriaStamina12
spell_book	5311	AetheriaStamina13
spell_book	5312	AetheriaStamina14
spell_book	5313	AetheriaStamina15
spell_book	5314	BlessingOfUnity
spell_book	5315	AetheriaEndurance1
spell_book	5316	AetheriaEndurance2
spell_book	5317	AetheriaEndurance3
spell_book	5318	AetheriaEndurance4
spell_book	5319	AetheriaEndurance5
spell_book	5320	AetheriaEndurance6
spell_book	5321	AetheriaEndurance7
spell_book	5322	AetheriaEndurance8
spell_book	5323	AetheriaEndurance9
spell_book	5324	AetheriaEndurance10
spell_book	5325	AetheriaEndurance11
spell_book	5326	AetheriaEndurance12
spell_book	5327	AetheriaEndurance13
spell_book	5328	AetheriaEndurance14
spell_book	5329	AetheriaEndurance15
spell_book	5330	RecallGearKnightInvasionHigh
spell_book	5331	BaelzharonsNetherRing
spell_book	5332	BaelzharonsNetherStreak
spell_book	5333	BaelzharonsNetherArc
spell_book	5334	BaelzharonsCurseDestruction
spell_book	5335	BaelzharonsCurseDestruction2
spell_book	5336	BaelzharonsCurseFestering
spell_book	5337	CurseDestructionOther7
spell_book	5338	CurseDestructionOther8
spell_book	5339	CurseDestructionOther1
spell_book	5340	CurseDestructionOther2
spell_book	5341	CurseDestructionOther3
spell_book	5342	CurseDestructionOther4
spell_book	5343	CurseDestructionOther5
spell_book	5344	CurseDestructionOther6
spell_book	5345	NetherStreak5
spell_book	5346	NetherStreak6
spell_book	5347	NetherStreak7
spell_book	5348	NetherStreak8
spell_book	5349	NetherBolt1
spell_book	5350	NetherBolt2
spell_book	5351	NetherBolt3
spell_book	5352	NetherBolt4
spell_book	5353	NetherBolt5
spell_book	5354	NetherBolt6
spell_book	5355	NetherBolt7
spell_book	5356	NetherBolt8
spell_book	5357	NetherStreak1
spell_book	5358	NetherStreak2
spell_book	5359	NetherStreak3
spell_book	5360	NetherStreak4
spell_book	5361	NetherRing
spell_book	5362	NetherArc2
spell_book	5363	NetherArc3
spell_book	5364	NetherArc4
spell_book	5365	NetherArc5
spell_book	5366	NetherArc6
spell_book	5367	NetherArc7
spell_book	5368	NetherArc8
spell_book	5369	NetherArc1
spell_book	5370	TestStreakDoTMajor
spell_book	5371	CurseFestering1
spell_book	5372	CurseFestering2
spell_book	5373	CurseFestering3
spell_book	5374	CurseFestering4
spell_book	5375	CurseFestering5
spell_book	5376	CurseFestering6
spell_book	5377	CurseFestering7
spell_book	5378	CurseFestering8
spell_book	5379	CurseWeakness1
spell_book	5380	CurseWeakness2
spell_book	5381	CurseWeakness3
spell_book	5382	CurseWeakness4
spell_book	5383	CurseWeakness5
spell_book	5384	CurseWeakness6
spell_book	5385	CurseWeakness7
spell_book	5386	CurseWeakness8
spell_book	5387	Corrosion1
spell_book	5388	Corrosion2
spell_book	5389	Corrosion3
spell_book	5390	Corrosion4
spell_book	5391	Corrosion5
spell_book	5392	Corrosion6
spell_book	5393	Corrosion7
spell_book	5394	Corrosion8
spell_book	5395	Corruption1
spell_book	5396	Corruption2
spell_book	5397	Corruption3
spell_book	5398	Corruption4
spell_book	5399	Corruption5
spell_book	5400	Corruption6
spell_book	5401	Corruption7
spell_book	5402	Corruption8
spell_book	5403	VoidMagicMasteryOther1
spell_book	5404	VoidMagicMasteryOther2
spell_book	5405	VoidMagicMasteryOther3
spell_book	5406	VoidMagicMasteryOther4
spell_book	5407	VoidMagicMasteryOther5
spell_book	5408	VoidMagicMasteryOther6
spell_book	5409	VoidMagicMasteryOther7
spell_book	5410	VoidMagicMasteryOther8
spell_book	5411	VoidMagicMasterySelf1
spell_book	5412	VoidMagicMasterySelf2
spell_book	5413	VoidMagicMasterySelf3
spell_book	5414	VoidMagicMasterySelf4
spell_book	5415	VoidMagicMasterySelf5
spell_book	5416	VoidMagicMasterySelf6
spell_book	5417	VoidMagicMasterySelf7
spell_book	5418	VoidMagicMasterySelf8
spell_book	5419	VoidMagicIneptitudeOther1
spell_book	5420	VoidMagicIneptitudeOther2
spell_book	5421	VoidMagicIneptitudeOther3
spell_book	5422	VoidMagicIneptitudeOther4
spell_book	5423	VoidMagicIneptitudeOther5
spell_book	5424	VoidMagicIneptitudeOther6
spell_book	5425	VoidMagicIneptitudeOther7
spell_book	5426	VoidMagicIneptitudeOther8
spell_book	5427	CantripVoidMagicAptitude1
spell_book	5428	CantripVoidMagicAptitude2
spell_book	5429	CantripVoidMagicAptitude3
spell_book	5430	ModerateVoidMagicAptitude
spell_book	5431	SetVoidMagicAptitude1
spell_book	5432	SetVoidMagicAptitude2
spell_book	5433	SetVoidMagicAptitude3
spell_book	5434	SetVoidMagicAptitude4
spell_book	5435	VoidMagicMasterySpectral
spell_book	5436	VoidMagicMasteryRare
spell_book	5437	CorruptorsBoon
spell_book	5438	CorruptorsBoon3
spell_book	5439	AcidSpitStreak1
spell_book	5440	AcidSpit1
spell_book	5441	AcidSpit2
spell_book	5442	AcidSpitArc1
spell_book	5443	AcidSpitArc2
spell_book	5444	AcidSpitBlast1
spell_book	5445	AcidspitBlast2
spell_book	5446	AcidSpitVolley1
spell_book	5447	AcidSpitVolley2
spell_book	5448	AcidSpitStreak2
spell_book	5449	LuminanceRewardDamageBoost
spell_book	5450	LuminanceRewardDamageReduction
spell_book	5451	LuminanceRewardHealthRaising
spell_book	5452	OlthoiWillpowerOther1
spell_book	5453	OlthoiArmorOther1
spell_book	5454	OlthoiCoordinationOther1
spell_book	5455	OlthoiEnduranceOther1
spell_book	5456	OlthoiFocusOther1
spell_book	5457	OlthoiQuicknessOther1
spell_book	5458	OlthoiStrengthOther1
spell_book	5459	OlthoiPiercingProtectionOther1
spell_book	5460	OlthoiAcidProtectionOther1
spell_book	5461	OlthoiBladeProtectionOther1
spell_book	5462	OlthoiBludgeonProtectionOther1
spell_book	5463	OlthoiColdProtectionOther1
spell_book	5464	OlthoiFireProtectionOther1
spell_book	5465	OlthoiLightningProtectionOther1
spell_book	5466	OlthoiRejuvenationOther1
spell_book	5467	OlthoiManaRenewalOther1
spell_book	5468	OlthoiRegenerationOther1
spell_book	5469	OlthoiImpregnabilityOther1
spell_book	5470	OlthoiInvulnerabilityOther1
spell_book	5471	OlthoiMagicResistanceOther1
spell_book	5472	OlthoiManaMasteryOther1
spell_book	5473	OlthoiSalvagingMasteryOther1
spell_book	5474	OlthoiSprintOther1
spell_book	5475	OlthoiUnarmedCombatMasteryOther1
spell_book	5476	OlthoiWarMagicMasteryOther1
spell_book	5477	OlthoiCriticalDamageBoost1
spell_book	5478	OlthoiCriticalDamageBoost2
spell_book	5479	OlthoiCriticalDamageBoost3
spell_book	5480	OlthoiCriticalDamageBoost4
spell_book	5481	OlthoiCriticalDamageBoost5
spell_book	5482	OlthoiCriticalDamageBoost6
spell_book	5483	OlthoiCriticalDamageBoost7
spell_book	5484	OlthoiCriticalDamageBoost8
spell_book	5485	OlthoiCriticalDamageBoost9
spell_book	5486	OlthoiCriticalDamageBoost10
spell_book	5487	OlthoiCriticalDamageBoost11
spell_book	5488	UNKNOWN__GUESSEDNAME5488
spell_book	5489	OlthoiCriticalDamageReduction1
spell_book	5490	OlthoiCriticalDamageReduction2
spell_book	5491	OlthoiCriticalDamageReduction3
spell_book	5492	OlthoiCriticalDamageReduction4
spell_book	5493	OlthoiCriticalDamageReduction5
spell_book	5494	OlthoiCriticalDamageReduction6
spell_book	5495	OlthoiCriticalDamageReduction7
spell_book	5496	OlthoiCriticalDamageReduction8
spell_book	5497	OlthoiCriticalDamageReduction9
spell_book	5498	OlthoiCriticalDamageReduction10
spell_book	5499	OlthoiCriticalDamageReduction11
spell_book	5500	OlthoiDamageBoost1
spell_book	5501	OlthoiDamageBoost2
spell_book	5502	OlthoiDamageBoost3
spell_book	5503	OlthoiDamageBoost4
spell_book	5504	OlthoiDamageBoost5
spell_book	5505	OlthoiDamageBoost6
spell_book	5506	OlthoiDamageBoost7
spell_book	5507	OlthoiDamageBoost8
spell_book	5508	OlthoiDamageBoost9
spell_book	5509	OlthoiDamageBoost10
spell_book	5510	OlthoiDamageBoost11
spell_book	5511	OlthoiDamageReduction1
spell_book	5512	OlthoiDamageReduction2
spell_book	5513	OlthoiDamageReduction3
spell_book	5514	OlthoiDamageReduction4
spell_book	5515	OlthoiDamageReduction5
spell_book	5516	OlthoiDamageReduction6
spell_book	5517	OlthoiDamageReduction7
spell_book	5518	OlthoiDamageReduction8
spell_book	5519	OlthoiDamageReduction9
spell_book	5520	OlthoiDamageReduction10
spell_book	5521	OlthoiDamageReduction11
spell_book	5522	AcidSpitVulnerability1
spell_book	5523	AcidSpitVulnerability2
spell_book	5524	FallingStoneSpikes
spell_book	5525	BloodstoneBolt1
spell_book	5526	BloodstoneBolt2
spell_book	5527	BloodstoneBolt3
spell_book	5528	BloodstoneBolt4
spell_book	5529	BloodstoneBolt5
spell_book	5530	BloodstoneBolt6
spell_book	5531	BloodstoneBolt7
spell_book	5532	BloodstoneBolt8
spell_book	5533	PortalSendingBloodstoneFactory1
spell_book	5534	PortalSendingBloodstoneFactory2
spell_book	5535	AcidicBlood
spell_book	5536	AcidicBloodGreater
spell_book	5537	AcidicBloodLesser
spell_book	5538	DarkenedHeart
spell_book	5539	PortalSendingRitualTime1
spell_book	5540	PortalSendingRitualTime2
spell_book	5541	SandAreaRecall
spell_book	5542	BurningSands_DoT
spell_book	5543	BurningSands_HealDebuff
spell_book	5544	NetherBlast1
spell_book	5545	NetherBlast2
spell_book	5546	NetherBlast3
spell_book	5547	NetherBlast4
spell_book	5548	NetherBlast5
spell_book	5549	NetherBlast6
spell_book	5550	NetherBlast7
spell_book	5551	NetherBlast8
spell_book	5552	AetheriaDoTResistance9
spell_book	5553	AetheriaHealthResistance1
spell_book	5554	AetheriaHealthResistance10
spell_book	5555	AetheriaHealthResistance11
spell_book	5556	AetheriaHealthResistance12
spell_book	5557	AetheriaHealthResistance13
spell_book	5558	AetheriaHealthResistance14
spell_book	5559	AetheriaHealthResistance15
spell_book	5560	AetheriaHealthResistance2
spell_book	5561	AetheriaHealthResistance3
spell_book	5562	AetheriaHealthResistance4
spell_book	5563	AetheriaHealthResistance5
spell_book	5564	AetheriaHealthResistance6
spell_book	5565	AetheriaHealthResistance7
spell_book	5566	AetheriaHealthResistance8
spell_book	5567	AetheriaHealthResistance9
spell_book	5568	AetheriaDoTResistance1
spell_book	5569	AetheriaDoTResistance10
spell_book	5570	AetheriaDoTResistance11
spell_book	5571	AetheriaDoTResistance12
spell_book	5572	AetheriaDoTResistance13
spell_book	5573	AetheriaDoTResistance14
spell_book	5574	AetheriaDoTResistance15
spell_book	5575	AetheriaDoTResistance2
spell_book	5576	AetheriaDoTResistance3
spell_book	5577	AetheriaDoTResistance4
spell_book	5578	AetheriaDoTResistance5
spell_book	5579	AetheriaDoTResistance6
spell_book	5580	AetheriaDoTResistance7
spell_book	5581	AetheriaDoTResistance8
spell_book	5582	DispelAllRare
spell_book	5583	CloakAlchemyMastery1
spell_book	5584	CloakAlchemyMastery2
spell_book	5585	CloakAlchemyMastery3
spell_book	5586	CloakAlchemyMastery4
spell_book	5587	CloakAlchemyMastery5
spell_book	5588	CloakArcaneloreMastery1
spell_book	5589	CloakArcaneloreMastery2
spell_book	5590	CloakArcaneloreMastery3
spell_book	5591	CloakArcaneloreMastery4
spell_book	5592	CloakArcaneloreMastery5
spell_book	5593	CloakArmortinkeringMastery1
spell_book	5594	CloakArmortinkeringMastery2
spell_book	5595	CloakArmortinkeringMastery3
spell_book	5596	CloakArmortinkeringMastery4
spell_book	5597	CloakArmortinkeringMastery5
spell_book	5598	CloakAssesspersonMastery1
spell_book	5599	CloakAssesspersonMastery2
spell_book	5600	CloakAssesspersonMastery3
spell_book	5601	CloakAssesspersonMastery4
spell_book	5602	CloakAssesspersonMastery5
spell_book	5603	CloakAxeMastery1
spell_book	5604	CloakAxeMastery2
spell_book	5605	CloakAxeMastery3
spell_book	5606	CloakAxeMastery4
spell_book	5607	CloakAxeMastery5
spell_book	5608	CloakBowMastery1
spell_book	5609	CloakBowMastery2
spell_book	5610	CloakBowMastery3
spell_book	5611	CloakBowMastery4
spell_book	5612	CloakBowMastery5
spell_book	5613	CloakCookingMastery1
spell_book	5614	CloakCookingMastery2
spell_book	5615	CloakCookingMastery3
spell_book	5616	CloakCookingMastery4
spell_book	5617	CloakCookingMastery5
spell_book	5618	CloakCreatureenchantmentMastery1
spell_book	5619	CloakCreatureenchantmentMastery2
spell_book	5620	CloakCreatureenchantmentMastery3
spell_book	5621	CloakCreatureenchantmentMastery4
spell_book	5622	CloakCreatureenchantmentMastery5
spell_book	5623	CloakCrossbowMastery1
spell_book	5624	CloakCrossbowMastery2
spell_book	5625	CloakCrossbowMastery3
spell_book	5626	CloakCrossbowMastery4
spell_book	5627	CloakCrossbowMastery5
spell_book	5628	CloakDaggerMastery1
spell_book	5629	CloakDaggerMastery2
spell_book	5630	CloakDaggerMastery3
spell_book	5631	CloakDaggerMastery4
spell_book	5632	CloakDaggerMastery5
spell_book	5633	CloakDeceptionMastery1
spell_book	5634	CloakDeceptionMastery2
spell_book	5635	CloakDeceptionMastery3
spell_book	5636	CloakDeceptionMastery4
spell_book	5637	CloakDeceptionMastery5
spell_book	5638	CloakFletchingMastery1
spell_book	5639	CloakFletchingMastery2
spell_book	5640	CloakFletchingMastery3
spell_book	5641	CloakFletchingMastery4
spell_book	5642	CloakFletchingMastery5
spell_book	5643	CloakHealingMastery1
spell_book	5644	CloakHealingMastery2
spell_book	5645	CloakHealingMastery3
spell_book	5646	CloakHealingMastery4
spell_book	5647	CloakHealingMastery5
spell_book	5648	CloakItemenchantmentMastery1
spell_book	5649	CloakItemenchantmentMastery2
spell_book	5650	CloakItemenchantmentMastery3
spell_book	5651	CloakItemenchantmentMastery4
spell_book	5652	CloakItemenchantmentMastery5
spell_book	5653	CloakItemtinkeringMastery1
spell_book	5654	CloakItemtinkeringMastery2
spell_book	5655	CloakItemtinkeringMastery3
spell_book	5656	CloakItemtinkeringMastery4
spell_book	5657	CloakItemtinkeringMastery5
spell_book	5658	CloakLeadershipMastery1
spell_book	5659	CloakLeadershipMastery2
spell_book	5660	CloakLeadershipMastery3
spell_book	5661	CloakLeadershipMastery4
spell_book	5662	CloakLeadershipMastery5
spell_book	5663	CloakLifemagicMastery1
spell_book	5664	CloakLifemagicMastery2
spell_book	5665	CloakLifemagicMastery3
spell_book	5666	CloakLifemagicMastery4
spell_book	5667	CloakLifemagicMastery5
spell_book	5668	CloakLoyaltyMastery1
spell_book	5669	CloakLoyaltyMastery2
spell_book	5670	CloakLoyaltyMastery3
spell_book	5671	CloakLoyaltyMastery4
spell_book	5672	CloakLoyaltyMastery5
spell_book	5673	CloakMaceMastery1
spell_book	5674	CloakMaceMastery2
spell_book	5675	CloakMaceMastery3
spell_book	5676	CloakMaceMastery4
spell_book	5677	CloakMaceMastery5
spell_book	5678	CloakMagicdefenseMastery1
spell_book	5679	CloakMagicdefenseMastery2
spell_book	5680	CloakMagicdefenseMastery3
spell_book	5681	CloakMagicdefenseMastery4
spell_book	5682	CloakMagicdefenseMastery5
spell_book	5683	CloakMagictinkeringMastery1
spell_book	5684	CloakMagictinkeringMastery2
spell_book	5685	CloakMagictinkeringMastery3
spell_book	5686	CloakMagictinkeringMastery4
spell_book	5687	CloakMagictinkeringMastery5
spell_book	5688	CloakManaconversionMastery1
spell_book	5689	CloakManaconversionMastery2
spell_book	5690	CloakManaconversionMastery3
spell_book	5691	CloakManaconversionMastery4
spell_book	5692	CloakManaconversionMastery5
spell_book	5693	CloakMeleedefenseMastery1
spell_book	5694	CloakMeleedefenseMastery2
spell_book	5695	CloakMeleedefenseMastery3
spell_book	5696	CloakMeleedefenseMastery4
spell_book	5697	CloakMeleedefenseMastery5
spell_book	5698	CloakMissiledefenseMastery1
spell_book	5699	CloakMissiledefenseMastery2
spell_book	5700	CloakMissiledefenseMastery3
spell_book	5701	CloakMissiledefenseMastery4
spell_book	5702	CloakMissiledefenseMastery5
spell_book	5703	CloakSalvagingMastery1
spell_book	5704	CloakSalvagingMastery2
spell_book	5705	CloakSalvagingMastery3
spell_book	5706	CloakSalvagingMastery4
spell_book	5707	CloakSalvagingMastery5
spell_book	5708	CloakSpearMastery1
spell_book	5709	CloakSpearMastery2
spell_book	5710	CloakSpearMastery3
spell_book	5711	CloakSpearMastery4
spell_book	5712	CloakSpearMastery5
spell_book	5713	CloakStaffMastery1
spell_book	5714	CloakStaffMastery2
spell_book	5715	CloakStaffMastery3
spell_book	5716	CloakStaffMastery4
spell_book	5717	CloakStaffMastery5
spell_book	5718	CloakSwordMastery1
spell_book	5719	CloakSwordMastery2
spell_book	5720	CloakSwordMastery3
spell_book	5721	CloakSwordMastery4
spell_book	5722	CloakSwordMastery5
spell_book	5723	CloakThrownWeaponMastery1
spell_book	5724	CloakThrownWeaponMastery2
spell_book	5725	CloakThrownWeaponMastery3
spell_book	5726	CloakThrownWeaponMastery4
spell_book	5727	CloakThrownWeaponMastery5
spell_book	5728	CloakTwoHandedCombatMastery1
spell_book	5729	CloakTwoHandedCombatMastery2
spell_book	5730	CloakTwoHandedCombatMastery3
spell_book	5731	CloakTwoHandedCombatMastery4
spell_book	5732	CloakTwoHandedCombatMastery5
spell_book	5733	CloakUnarmedCombatMastery1
spell_book	5734	CloakUnarmedCombatMastery2
spell_book	5735	CloakUnarmedCombatMastery3
spell_book	5736	CloakUnarmedCombatMastery4
spell_book	5737	CloakUnarmedCombatMastery5
spell_book	5738	CloakVoidMagicMastery1
spell_book	5739	CloakVoidMagicMastery2
spell_book	5740	CloakVoidMagicMastery3
spell_book	5741	CloakVoidMagicMastery4
spell_book	5742	CloakVoidMagicMastery5
spell_book	5743	CloakWarMagicMastery1
spell_book	5744	CloakWarMagicMastery2
spell_book	5745	CloakWarMagicMastery3
spell_book	5746	CloakWarMagicMastery4
spell_book	5747	CloakWarMagicMastery5
spell_book	5748	CloakWeapontinkeringMastery1
spell_book	5749	CloakWeapontinkeringMastery2
spell_book	5750	CloakWeapontinkeringMastery3
spell_book	5751	CloakWeapontinkeringMastery4
spell_book	5752	CloakWeapontinkeringMastery5
spell_book	5753	CloakAllSkill
spell_book	5754	CloakMagicDLower
spell_book	5755	CloakMeleeDLower
spell_book	5756	CloakMissileDLower
spell_book	5757	CloakAssessCreatureMastery3
spell_book	5758	CloakAssessCreatureMastery4
spell_book	5759	CloakAssessCreatureMastery5
spell_book	5760	CloakAssessCreatureMastery1
spell_book	5761	CloakAssessCreatureMastery2
spell_book	5762	RollingDeathSnow
spell_book	5763	DirtyFightingIneptitudeOther1
spell_book	5764	DirtyFightingIneptitudeOther2
spell_book	5765	DirtyFightingIneptitudeOther3
spell_book	5766	DirtyFightingIneptitudeOther4
spell_book	5767	DirtyFightingIneptitudeOther5
spell_book	5768	DirtyFightingIneptitudeOther6
spell_book	5769	DirtyFightingIneptitudeOther7
spell_book	5770	DirtyFightingIneptitudeOther8
spell_book	5771	DirtyFightingMasteryOther1
spell_book	5772	DirtyFightingMasteryOther2
spell_book	5773	DirtyFightingMasteryOther3
spell_book	5774	DirtyFightingMasteryOther4
spell_book	5775	DirtyFightingMasteryOther5
spell_book	5776	DirtyFightingMasteryOther6
spell_book	5777	DirtyFightingMasteryOther7
spell_book	5778	DirtyFightingMasteryOther8
spell_book	5779	DirtyFightingMasterySelf1
spell_book	5780	DirtyFightingMasterySelf2
spell_book	5781	DirtyFightingMasterySelf3
spell_book	5782	DirtyFightingMasterySelf4
spell_book	5783	DirtyFightingMasterySelf5
spell_book	5784	DirtyFightingMasterySelf6
spell_book	5785	DirtyFightingMasterySelf7
spell_book	5786	DirtyFightingMasterySelf8
spell_book	5787	DualWieldIneptitudeOther1
spell_book	5788	DualWieldIneptitudeOther2
spell_book	5789	DualWieldIneptitudeOther3
spell_book	5790	DualWieldIneptitudeOther4
spell_book	5791	DualWieldIneptitudeOther5
spell_book	5792	DualWieldIneptitudeOther6
spell_book	5793	DualWieldIneptitudeOther7
spell_book	5794	DualWieldIneptitudeOther8
spell_book	5795	DualWieldMasteryOther1
spell_book	5796	DualWieldMasteryOther2
spell_book	5797	DualWieldMasteryOther3
spell_book	5798	DualWieldMasteryOther4
spell_book	5799	DualWieldMasteryOther5
spell_book	5800	DualWieldMasteryOther6
spell_book	5801	DualWieldMasteryOther7
spell_book	5802	DualWieldMasteryOther8
spell_book	5803	DualWieldMasterySelf1
spell_book	5804	DualWieldMasterySelf2
spell_book	5805	DualWieldMasterySelf3
spell_book	5806	DualWieldMasterySelf4
spell_book	5807	DualWieldMasterySelf5
spell_book	5808	DualWieldMasterySelf6
spell_book	5809	DualWieldMasterySelf7
spell_book	5810	DualWieldMasterySelf8
spell_book	5811	RecklessnessIneptitudeOther1
spell_book	5812	RecklessnessIneptitudeOther2
spell_book	5813	RecklessnessIneptitudeOther3
spell_book	5814	RecklessnessIneptitudeOther4
spell_book	5815	RecklessnessIneptitudeOther5
spell_book	5816	RecklessnessIneptitudeOther6
spell_book	5817	RecklessnessIneptitudeOther7
spell_book	5818	RecklessnessIneptitudeOther8
spell_book	5819	RecklessnessMasteryOther1
spell_book	5820	RecklessnessMasteryOther2
spell_book	5821	RecklessnessMasteryOther3
spell_book	5822	RecklessnessMasteryOther4
spell_book	5823	RecklessnessMasteryOther5
spell_book	5824	RecklessnessMasteryOther6
spell_book	5825	RecklessnessMasteryOther7
spell_book	5826	RecklessnessMasteryOther8
spell_book	5827	RecklessnessMasterySelf1
spell_book	5828	RecklessnessMasterySelf2
spell_book	5829	RecklessnessMasterySelf3
spell_book	5830	RecklessnessMasterySelf4
spell_book	5831	RecklessnessMasterySelf5
spell_book	5832	RecklessnessMasterySelf6
spell_book	5833	RecklessnessMasterySelf7
spell_book	5834	RecklessnessMasterySelf8
spell_book	5835	ShieldIneptitudeOther1
spell_book	5836	ShieldIneptitudeOther2
spell_book	5837	ShieldIneptitudeOther3
spell_book	5838	ShieldIneptitudeOther4
spell_book	5839	ShieldIneptitudeOther5
spell_book	5840	ShieldIneptitudeOther6
spell_book	5841	ShieldIneptitudeOther7
spell_book	5842	ShieldIneptitudeOther8
spell_book	5843	ShieldMasteryOther1
spell_book	5844	ShieldMasteryOther2
spell_book	5845	ShieldMasteryOther3
spell_book	5846	ShieldMasteryOther4
spell_book	5847	ShieldMasteryOther5
spell_book	5848	ShieldMasteryOther6
spell_book	5849	ShieldMasteryOther7
spell_book	5850	ShieldMasteryOther8
spell_book	5851	ShieldMasterySelf1
spell_book	5852	ShieldMasterySelf2
spell_book	5853	ShieldMasterySelf3
spell_book	5854	ShieldMasterySelf4
spell_book	5855	ShieldMasterySelf5
spell_book	5856	ShieldMasterySelf6
spell_book	5857	ShieldMasterySelf7
spell_book	5858	ShieldMasterySelf8
spell_book	5859	SneakAttackIneptitudeOther1
spell_book	5860	SneakAttackIneptitudeOther2
spell_book	5861	SneakAttackIneptitudeOther3
spell_book	5862	SneakAttackIneptitudeOther4
spell_book	5863	SneakAttackIneptitudeOther5
spell_book	5864	SneakAttackIneptitudeOther6
spell_book	5865	SneakAttackIneptitudeOther7
spell_book	5866	SneakAttackIneptitudeOther8
spell_book	5867	SneakAttackMasteryOther1
spell_book	5868	SneakAttackMasteryOther2
spell_book	5869	SneakAttackMasteryOther3
spell_book	5870	SneakAttackMasteryOther4
spell_book	5871	SneakAttackMasteryOther5
spell_book	5872	SneakAttackMasteryOther6
spell_book	5873	SneakAttackMasteryOther7
spell_book	5874	SneakAttackMasteryOther8
spell_book	5875	SneakAttackMasterySelf1
spell_book	5876	SneakAttackMasterySelf2
spell_book	5877	SneakAttackMasterySelf3
spell_book	5878	SneakAttackMasterySelf4
spell_book	5879	SneakAttackMasterySelf5
spell_book	5880	SneakAttackMasterySelf6
spell_book	5881	SneakAttackMasterySelf7
spell_book	5882	SneakAttackMasterySelf8
spell_book	5883	CantripDirtyFightingProwess1
spell_book	5884	CantripDualWieldAptitude1
spell_book	5885	CantripRecklessnessProwess1
spell_book	5886	CantripShieldAptitude1
spell_book	5887	CantripSneakAttackProwess1
spell_book	5888	CantripDirtyFightingProwess2
spell_book	5889	CantripDualWieldAptitude2
spell_book	5890	CantripRecklessnessProwess2
spell_book	5891	CantripShieldAptitude2
spell_book	5892	CantripSneakAttackProwess2
spell_book	5893	CantripDirtyFightingProwess3
spell_book	5894	CantripDualWieldAptitude3
spell_book	5895	CantripRecklessnessProwess3
spell_book	5896	CantripShieldAptitude3
spell_book	5897	CantripSneakAttackProwess3
spell_book	5898	ModerateDirtyFightingProwess
spell_book	5899	ModerateDualWieldAptitude
spell_book	5900	ModerateRecklessnessProwess
spell_book	5901	ModerateShieldAptitude
spell_book	5902	ModerateSneakAttackProwess
spell_book	5903	DualWieldMasteryRare
spell_book	5904	DualWieldMasterySpectral
spell_book	5905	RecklessnessMasteryRare
spell_book	5906	RecklessnessMasterySpectral
spell_book	5907	ShieldMasteryRare
spell_book	5908	ShieldMasterySpectral
spell_book	5909	SneakAttackMasteryRare
spell_book	5910	SneakAttackMasterySpectral
spell_book	5911	DirtyFightingMasteryRare
spell_book	5912	DirtyFightingMasterySpectral
spell_book	5913	CloakDirtyFightingMastery1
spell_book	5914	CloakDirtyFightingMastery2
spell_book	5915	CloakDirtyFightingMastery3
spell_book	5916	CloakDirtyFightingMastery4
spell_book	5917	CloakDirtyFightingMastery5
spell_book	5918	CloakDualWieldMastery1
spell_book	5919	CloakDualWieldMastery2
spell_book	5920	CloakDualWieldMastery3
spell_book	5921	CloakDualWieldMastery4
spell_book	5922	CloakDualWieldMastery5
spell_book	5923	CloakRecklessnessMastery1
spell_book	5924	CloakRecklessnessMastery2
spell_book	5925	CloakRecklessnessMastery3
spell_book	5926	CloakRecklessnessMastery4
spell_book	5927	CloakRecklessnessMastery5
spell_book	5928	CloakShieldMastery1
spell_book	5929	CloakShieldMastery2
spell_book	5930	CloakShieldMastery3
spell_book	5931	CloakShieldMastery4
spell_book	5932	CloakShieldMastery5
spell_book	5933	CloakSneakAttackMastery1
spell_book	5934	CloakSneakAttackMastery2
spell_book	5935	CloakSneakAttackMastery3
spell_book	5936	CloakSneakAttackMastery4
spell_book	5937	CloakSneakAttackMastery5
spell_book	5938	DF_Specialized_AttackDebuff
spell_book	5939	DF_Specialized_Bleed
spell_book	5940	DF_Specialized_DefenseDebuff
spell_book	5941	DF_Specialized_HealingDebuff
spell_book	5942	DF_Trained_AttackDebuff
spell_book	5943	DF_Trained_Bleed
spell_book	5944	DF_Trained_DefenseDebuff
spell_book	5945	DF_Trained_HealingDebuff
spell_book	5946	SetDirtyFightingAptitude1
spell_book	5947	SetDirtyFightingAptitude2
spell_book	5948	SetDirtyFightingAptitude3
spell_book	5949	SetDirtyFightingAptitude4
spell_book	5950	SetDualWieldAptitude1
spell_book	5951	SetDualWieldAptitude2
spell_book	5952	SetDualWieldAptitude3
spell_book	5953	SetDualWieldAptitude4
spell_book	5954	SetRecklessnessAptitude1
spell_book	5955	SetRecklessnessAptitude2
spell_book	5956	SetRecklessnessAptitude3
spell_book	5957	SetRecklessnessAptitude4
spell_book	5958	SetShieldAptitude1
spell_book	5959	SetShieldAptitude2
spell_book	5960	SetShieldAptitude3
spell_book	5961	SetShieldAptitude4
spell_book	5962	SetSneakAttackAptitude1
spell_book	5963	SetSneakAttackAptitude2
spell_book	5964	SetSneakAttackAptitude3
spell_book	5965	SetSneakAttackAptitude4
spell_book	5966	GeraineDefeatedHealth
spell_book	5967	LightningArcBlue
spell_book	5968	LightningBlastBlue
spell_book	5969	LightningBoltBlue
spell_book	5970	LightningStreakBlue
spell_book	5971	LightningVolleyBlue
spell_book	5972	LightningBombBlue
spell_book	5973	PetPenguinMoufProtection
spell_book	5974	RareArmorDamageBoost1
spell_book	5975	RareArmorDamageBoost2
spell_book	5976	RareArmorDamageBoost3
spell_book	5977	RareArmorDamageBoost4
spell_book	5978	RareArmorDamageBoost5
spell_book	5979	CorruptedTouch_Blight
spell_book	5980	CorruptedTouch_DoT
spell_book	5981	CorruptedTouch_HealDebuff
spell_book	5982	HermeticLinkOther1
spell_book	5983	HermeticLinkOther2
spell_book	5984	HermeticLinkOther3
spell_book	5985	HermeticLinkOther4
spell_book	5986	HermeticLinkOther5
spell_book	5987	HermeticLinkOther6
spell_book	5988	HermeticLinkOther7
spell_book	5989	HermeticLinkOther8
spell_book	5990	BloodDrinkerOther1
spell_book	5991	BloodDrinkerOther2
spell_book	5992	BloodDrinkerOther3
spell_book	5993	BloodDrinkerOther4
spell_book	5994	BloodDrinkerOther5
spell_book	5995	BloodDrinkerOther6
spell_book	5996	BloodDrinkerOther7
spell_book	5997	BloodDrinkerOther8
spell_book	5998	BloodDrinkerOther8cast
spell_book	5999	DefenderOther1
spell_book	6000	DefenderOther2
spell_book	6001	DefenderOther3
spell_book	6002	DefenderOther4
spell_book	6003	DefenderOther5
spell_book	6004	DefenderOther6
spell_book	6005	DefenderOther7
spell_book	6006	DefenderOther8
spell_book	6007	HeartSeekerOther1
spell_book	6008	HeartSeekerOther2
spell_book	6009	HeartSeekerOther3
spell_book	6010	HeartSeekerOther4
spell_book	6011	HeartSeekerOther5
spell_book	6012	HeartSeekerOther6
spell_book	6013	HeartSeekerOther7
spell_book	6014	HeartSeekerOther8
spell_book	6015	SpiritDrinkerOther1
spell_book	6016	SpiritDrinkerOther2
spell_book	6017	SpiritDrinkerOther3
spell_book	6018	SpiritDrinkerOther4
spell_book	6019	SpiritDrinkerOther5
spell_book	6020	SpiritDrinkerOther6
spell_book	6021	SpiritDrinkerOther7
spell_book	6022	SpiritDrinkerOther8
spell_book	6023	SpiritDrinkerOther8cast
spell_book	6024	SwiftKillerOther1
spell_book	6025	SwiftKillerOther2
spell_book	6026	SwiftKillerOther3
spell_book	6027	SwiftKillerOther4
spell_book	6028	SwiftKillerOther5
spell_book	6029	SwiftKillerOther6
spell_book	6030	SwiftKillerOther7
spell_book	6031	SwiftKillerOther8
spell_book	6032	PortalSendingNanjouStockade
spell_book	6033	PortalSendingProvingGrounds5Uber
spell_book	6034	PortalSendingProvingGrounds2Uber
spell_book	6035	CantripSpiritofIzexi
spell_book	6036	NoEscape
spell_book	6037	FleetingWill
spell_book	6038	CiderStamina
spell_book	6039	CantripWeaponExpertise4
spell_book	6040	CantripAlchemicalProwess4
spell_book	6041	CantripArcaneProwess4
spell_book	6042	CantripArmorExpertise4
spell_book	6043	CantripLightWeaponsAptitude4
spell_book	6044	CantripMissileWeaponsAptitude4
spell_book	6045	CantripCookingProwess4
spell_book	6046	CantripCreatureEnchantmentAptitude4
spell_book	6047	CantripFinesseWeaponsAptitude4
spell_book	6048	CantripDeceptionProwess4
spell_book	6049	CantripDirtyFightingProwess4
spell_book	6050	CantripDualWieldAptitude4
spell_book	6051	CantripFealty4
spell_book	6052	CantripFletchingProwess4
spell_book	6053	CantripHealingProwess4
spell_book	6054	CantripImpregnability4
spell_book	6055	CantripInvulnerability4
spell_book	6056	CantripItemEnchantmentAptitude4
spell_book	6057	CantripItemExpertise4
spell_book	6058	CantripJumpingProwess4
spell_book	6059	CantripLeadership4
spell_book	6060	CantripLifeMagicAptitude4
spell_book	6061	CantripLockpickProwess4
spell_book	6062	CantripMagicItemExpertise4
spell_book	6063	CantripMagicResistance4
spell_book	6064	CantripManaConversionProwess4
spell_book	6065	CantripMonsterAttunement4
spell_book	6066	CantripPersonAttunement4
spell_book	6067	CantripRecklessnessProwess4
spell_book	6068	CantripSalvaging4
spell_book	6069	CantripShieldAptitude4
spell_book	6070	CantripSneakAttackProwess4
spell_book	6071	CantripSprint4
spell_book	6072	CantripHeavyWeaponsAptitude4
spell_book	6073	CantripTwoHandedAptitude4
spell_book	6074	CantripVoidMagicAptitude4
spell_book	6075	CantripWarMagicAptitude4
spell_book	6076	CantripStaminaGain4
spell_book	6077	CantripHealthGain4
spell_book	6078	CantripManaGain4
spell_book	6079	CantripStormWard4
spell_book	6080	CantripAcidWard4
spell_book	6081	CantripBludgeoningWard4
spell_book	6082	CantripFlameWard4
spell_book	6083	CantripFrostWard4
spell_book	6084	CantripPiercingWard4
spell_book	6085	CantripSlashingWard4
spell_book	6086	CantripHermeticLink3
spell_book	6087	CantripHermeticLink4
spell_book	6088	CantripAcidBane4
spell_book	6089	CantripBloodThirst4
spell_book	6090	CantripBludgeoningBane4
spell_book	6091	CantripDefender4
spell_book	6092	CantripFlameBane4
spell_book	6093	CantripFrostBane4
spell_book	6094	CantripHeartThirst4
spell_book	6095	CantripImpenetrability4
spell_book	6096	CantripPiercingBane4
spell_book	6097	CantripSlashingBane4
spell_book	6098	CantripSpiritThirst4
spell_book	6099	CantripStormBane4
spell_book	6100	CantripSwiftHunter4
spell_book	6101	CantripWillpower4
spell_book	6102	CantripArmor4
spell_book	6103	CantripCoordination4
spell_book	6104	CantripEndurance4
spell_book	6105	CantripFocus4
spell_book	6106	CantripQuickness4
spell_book	6107	CantripStrength4
spell_book	6108	SummoningMasteryOther1
spell_book	6109	SummoningMasteryOther2
spell_book	6110	SummoningMasteryOther3
spell_book	6111	SummoningMasteryOther4
spell_book	6112	SummoningMasteryOther5
spell_book	6113	SummoningMasteryOther6
spell_book	6114	SummoningMasteryOther7
spell_book	6115	SummoningMasteryOther8
spell_book	6116	SummoningMasterySelf1
spell_book	6117	SummoningMasterySelf2
spell_book	6118	SummoningMasterySelf3
spell_book	6119	SummoningMasterySelf4
spell_book	6120	SummoningMasterySelf5
spell_book	6121	SummoningMasterySelf6
spell_book	6122	SummoningMasterySelf7
spell_book	6123	SummoningMasterySelf8
spell_book	6124	CantripSummoningProwess3
spell_book	6125	CantripSummoningProwess4
spell_book	6126	CantripSummoningProwess2
spell_book	6127	CantripSummoningProwess1
spell_book	6128	ModerateSummoningProwess
spell_book	6129	SummoningIneptitudeOther1
spell_book	6130	SummoningIneptitudeOther2
spell_book	6131	SummoningIneptitudeOther3
spell_book	6132	SummoningIneptitudeOther4
spell_book	6133	SummoningIneptitudeOther5
spell_book	6134	SummoningIneptitudeOther6
spell_book	6135	SummoningIneptitudeOther7
spell_book	6136	SummoningIneptitudeOther8
spell_book	6137	CloakSummoningMastery2
spell_book	6138	CloakSummoningMastery3
spell_book	6139	CloakSummoningMastery4
spell_book	6140	CloakSummoningMastery5
spell_book	6141	CloakSummoningMastery1
spell_book	6142	SetSummoningAptitude1
spell_book	6143	SetSummoningAptitude2
spell_book	6144	SetSummoningAptitude3
spell_book	6145	SetSummoningAptitude4
spell_book	6146	RideTheLightning
spell_book	6147	PortalSendingIceValley
spell_book	6148	PortalSendingVisitors4
spell_book	6149	PortalSendingVisitorsVision
spell_book	6150	RynthidRecall
spell_book	6151	LightningRingRed
spell_book	6152	LugianBomb
spell_book	6153	TryptophanComa
spell_book	6154	EnteringTheBasement
spell_book	6155	EarthenStomp
spell_book	6156	ViridianRing
spell_book	6157	WitheringRing
spell_book	6158	PoisonBreath
spell_book	6159	ThornVolley
spell_book	6160	ThornsAlt
spell_book	6161	AcidicThorns
spell_book	6162	ThornArc
spell_book	6163	RingOfThorns
spell_book	6164	DeadlyRingOfThorns
spell_book	6165	DeadlyThornVolley
spell_book	6166	PoisonedWounds
spell_book	6167	PoisonedVitality
spell_book	6168	DeadlyRingOfLightning
spell_book	6169	DeadlyLightningVolley
spell_book	6170	HoneyedLifeMead
spell_book	6171	HoneyedManaMead
spell_book	6172	HoneyedVigorMead
spell_book	6173	RagingHeart
spell_book	6174	TwistingWounds
spell_book	6175	IncreasingPain
spell_book	6176	Genius
spell_book	6177	GauntletItemMastery
spell_book	6178	GauntletWeaponMastery
spell_book	6179	GauntletMagicItemMastery
spell_book	6180	GauntletArmorMastery
spell_book	6181	SingeingFlames
spell_book	6182	OverExerted
spell_book	6183	ReturnToTheStronghold1
spell_book	6184	ReturnToTheStronghold2
spell_book	6185	ReturnToTheStronghold3
spell_book	6186	DeafeningWail
spell_book	6187	ScreechingHowl
spell_book	6188	Earthquake
spell_book	6189	SearingDiscII
spell_book	6190	HorizonsBladesII
spell_book	6191	CassiusRingOfFireII
spell_book	6192	NuhmudirasSpinesII
spell_book	6193	HaloOfFrostII
spell_book	6194	EyeOfTheStormII
spell_book	6195	CloudedSoulII
spell_book	6196	TectonicRiftsII
spell_book	6197	EyeOfTheStormIIAlt
spell_book	6198	IncantationOfLightningBolt
spell_book	6199	IncantationOfLightningArc
spell_book	6200	ParagonsDualWieldMasteryV
spell_book	6201	ParagonsFinesseWeaponMasteryI
spell_book	6202	ParagonsFinesseWeaponMasteryII
spell_book	6203	ParagonsFinesseWeaponMasteryIII
spell_book	6204	ParagonsFinesseWeaponMasteryIV
spell_book	6205	ParagonsFinesseWeaponMasteryV
spell_book	6206	ParagonsHeavyWeaponMasteryI
spell_book	6207	ParagonsHeavyWeaponMasteryII
spell_book	6208	ParagonsHeavyWeaponMasteryIII
spell_book	6209	ParagonsHeavyWeaponMasteryIV
spell_book	6210	ParagonsHeavyWeaponMasteryV
spell_book	6211	ParagonsLifeMagicMasteryI
spell_book	6212	ParagonsLifeMagicMasteryII
spell_book	6213	ParagonsLifeMagicMasteryIII
spell_book	6214	ParagonsLifeMagicMasteryIV
spell_book	6215	ParagonsLifeMagicMasteryV
spell_book	6216	ParagonsLightWeaponMasteryI
spell_book	6217	ParagonsLightWeaponMasteryII
spell_book	6218	ParagonsLightWeaponMasteryIII
spell_book	6219	ParagonsLightWeaponMasteryIV
spell_book	6220	ParagonsLightWeaponMasteryV
spell_book	6221	ParagonsMissileWeaponMasteryI
spell_book	6222	ParagonsMissileWeaponMasteryII
spell_book	6223	ParagonsMissileWeaponMasteryIII
spell_book	6224	ParagonsMissileWeaponMasteryIV
spell_book	6225	ParagonsMissileWeaponMasteryV
spell_book	6226	ParagonsRecklessnessMasteryI
spell_book	6227	ParagonsRecklessnessMasteryII
spell_book	6228	ParagonsRecklessnessMasteryIII
spell_book	6229	ParagonsRecklessnessMasteryIV
spell_book	6230	ParagonsRecklessnessMasteryV
spell_book	6231	ParagonsSneakAttackMasteryI
spell_book	6232	ParagonsSneakAttackMasteryII
spell_book	6233	ParagonsSneakAttackMasteryIII
spell_book	6234	ParagonsSneakAttackMasteryIV
spell_book	6235	ParagonsSneakAttackMasteryV
spell_book	6236	ParagonsTwoHandedCombatMasteryI
spell_book	6237	ParagonsTwoHandedCombatMasteryII
spell_book	6238	ParagonsTwoHandedCombatMasteryIII
spell_book	6239	ParagonsTwoHandedCombatMasteryIV
spell_book	6240	ParagonsTwoHandedCombatMasteryV
spell_book	6241	ParagonsVoidMagicMasteryI
spell_book	6242	ParagonsVoidMagicMasteryII
spell_book	6243	ParagonsVoidMagicMasteryIII
spell_book	6244	ParagonsVoidMagicMasteryIV
spell_book	6245	ParagonsVoidMagicMasteryV
spell_book	6246	ParagonsWarMagicMasteryI
spell_book	6247	ParagonsWarMagicMasteryII
spell_book	6248	ParagonsWarMagicMasteryIII
spell_book	6249	ParagonsWarMagicMasteryIV
spell_book	6250	ParagonsWarMagicMasteryV
spell_book	6251	ParagonsDirtyFightingMasteryI
spell_book	6252	ParagonsDirtyFightingMasteryII
spell_book	6253	ParagonsDirtyFightingMasteryIII
spell_book	6254	ParagonsDirtyFightingMasteryIV
spell_book	6255	ParagonsDirtyFightingMasteryV
spell_book	6256	ParagonsDualWieldMasteryI
spell_book	6257	ParagonsDualWieldMasteryII
spell_book	6258	ParagonsDualWieldMasteryIII
spell_book	6259	ParagonsDualWieldMasteryIV
spell_book	6260	ParagonsWillpowerV
spell_book	6261	ParagonsCoordinationI
spell_book	6262	ParagonsCoordinationII
spell_book	6263	ParagonsCoordinationIII
spell_book	6264	ParagonsCoordinationIV
spell_book	6265	ParagonsCoordinationV
spell_book	6266	ParagonsEnduranceI
spell_book	6267	ParagonsEnduranceII
spell_book	6268	ParagonsEnduranceIII
spell_book	6269	ParagonsEnduranceIV
spell_book	6270	ParagonsEnduranceV
spell_book	6271	ParagonsFocusI
spell_book	6272	ParagonsFocusII
spell_book	6273	ParagonsFocusIII
spell_book	6274	ParagonsFocusIV
spell_book	6275	ParagonsFocusV
spell_book	6276	ParagonQuicknessI
spell_book	6277	ParagonQuicknessII
spell_book	6278	ParagonQuicknessIII
spell_book	6279	ParagonQuicknessIV
spell_book	6280	ParagonQuicknessV
spell_book	6281	ParagonsStrengthI
spell_book	6282	ParagonsStrengthII
spell_book	6283	ParagonsStrengthIII
spell_book	6284	ParagonsStrengthIV
spell_book	6285	ParagonsStrengthV
spell_book	6286	ParagonsWillpowerI
spell_book	6287	ParagonsWillpowerII
spell_book	6288	ParagonsWillpowerIII
spell_book	6289	ParagonsWillpowerIV
spell_book	6290	ParagonsStaminaV
spell_book	6291	ParagonsCriticalBoostI
spell_book	6292	ParagonsCriticalDamageBoostII
spell_book	6293	ParagonsCriticalDamageBoostIII
spell_book	6294	ParagonsCriticalDamageBoostIV
spell_book	6295	ParagonsCriticalDamageBoostV
spell_book	6296	ParagonsCriticalDamageReductionI
spell_book	6297	ParagonsCriticalDamageReductionII
spell_book	6298	ParagonsCriticalDamageReductionIII
spell_book	6299	ParagonsCriticalDamageReductionIV
spell_book	6300	ParagonsCriticalDamageReductionV
spell_book	6301	ParagonsDamageBoostI
spell_book	6302	ParagonsDamageBoostII
spell_book	6303	ParagonsDamageBoostIII
spell_book	6304	ParagonsDamageBoostIV
spell_book	6305	ParagonsDamageBoostV
spell_book	6306	ParagonsDamageReductionI
spell_book	6307	ParagonsDamageReductionII
spell_book	6308	ParagonsDamageReductionIII
spell_book	6309	ParagonsDamageReductionIV
spell_book	6310	ParagonsDamageReductionV
spell_book	6311	ParagonsManaI
spell_book	6312	ParagonsManaII
spell_book	6313	ParagonsManaIII
spell_book	6314	ParagonsManaIV
spell_book	6315	ParagonsManaV
spell_book	6316	ParagonsStaminaI
spell_book	6317	ParagonsStaminaII
spell_book	6318	ParagonsStaminaIII
spell_book	6319	ParagonsStaminaIV
spell_book	6320	RingOfSkullsII
spell_book	6321	ViridianRiseRecall
spell_book	6322	ViridianRiseGreatTreeRecall
spell_book	6323	GauntletImperilSelf
spell_book	6324	GauntletVulnerabilitySelf
spell_book	6325	CelestialHandStrongholdRecall
spell_book	6326	EldrytchWebStrongholdRecall
spell_book	6327	RadiantBloodStrongholdRecall
spell_book	6328	GauntletCriticalDamageBoostI
spell_book	6329	GauntletCriticalDamageBoostII
spell_book	6330	GauntletDamageBoostI
spell_book	6331	GauntletDamageBoostII
spell_book	6332	GauntletDamageReductionI
spell_book	6333	GauntletDamageReductionII
spell_book	6334	GauntletCriticalDamageReductionI
spell_book	6335	GauntletCriticalDamageReductionII
spell_book	6336	GauntletHealingBoostI
spell_book	6337	GauntletHealingBoostII
spell_book	6338	GauntletVitalityI
spell_book	6339	GauntletVitalityII
spell_book	6340	GauntletVitalityIII
spell_book	8192	NumSpells
spell_book	32769	JesterDecksCooldown
spell_book	32770	AsheronsBenedictionCooldown
spell_book	32771	BlackmoorsFavorCooldown
spell_book	32772	HealthElixirCooldown
spell_book	32773	ManaElixirCooldown
spell_book	32774	CallOfLeadershipCooldown
spell_book	32775	AnswerOfLoyaltyStaminaCooldown
spell_book	32776	AnswerOfLoyaltyManaCooldown
spell_book	32777	VirindiEssenceCooldown
spell_book	32778	SurgingStrengthCooldown
spell_book	32779	ToweringDefenseCooldown
spell_book	32818	MhoireCastleItemsCooldown
spell_book	32819	MiscTenSecondCooldown
spell_book	32868	ContractCooldown
spell_book	32981	SummonCreatureCooldown
spell_book	32989	FacilityHubPortalGemCooldown
spell_book	33268	ScryingRodCooldown
spell_book	33768	PortalGemCooldown
